#include "image.h"



const uint16_t _0[]  = {
  0xdbde, 0xdbde, 0xdbde, 0xdbde, 0xdbde, 0xdbde, 0xdbde, 0xdbde, 0xdbde, 0xdbde, 0xdbde, 0xdbde, 
  0xdbde, 0xdbde, 0xdbde, 0xdbde, 0xdbde, 0xdbde, 0xdbde, 0xdbde, 0xdbde, 0xdbde, 0xdbde, 0xdbde, 
  0xdbde, 0xdbde, 0xdbde, 0xdbde, 0xdbde, 0xdbde, 0xdbde, 0xdbde, 0xdbde, 0xdbde, 0xdbde, 0xdbde, 
  0xdbde, 0xdbde, 0xdbde, 0xdbde, 0xdbde, 0xdbde, 0xdbde, 0xdbde, 0xdbde, 0xdbde, 0xdbde, 0xdbde, 
  0xdbde, 0xdbde, 0xdbde, 0xdbde, 0xdbde, 0xdbde, 0xdbde, 0xdbde, 0xdbde, 0xdbde, 0xdbde, 0xdbde, 
  0xdbde, 0xdbde, 0xdbde, 0xdbde, 0xdbde, 0xdbde, 0xdbde, 0xdbde, 0xdbde, 0xdbde, 0xdbde, 0xdbde, 
  0xdbde, 0xdbde, 0xdbde, 0xdbde, 0xdbde, 0xdbde, 0xdbde, 0xdbde, 0xdbde, 0xdbde, 0xdbde, 0xdbde, 
  0xdbde, 0xdbde, 0xdbde, 0xdbde, 0xdbde, 0xdbde, 0xdbde, 0xdbde, 0xdbde, 0xdbde, 0xdbde, 0xdbde, 
  0xdbde, 0xdbde, 0xdbde, 0xdbde, 0xdbde, 0xdbde, 0xdbde, 0xdbde, 0xdbde, 0xdbde, 0xdbde, 0xdbde, 
  0xdbde, 0xdbde, 0xdbde, 0xdbde, 0xdbde, 0xdbde, 0xdbde, 0xdbde, 0xdbde, 0xdbde, 0xdbde, 0xdbde, 
  0xdbde, 0xdbde, 0xdbde, 0xdbde, 0xdbde, 0xdbde, 0xdbde, 0x34e5, 0x8ee3, 0x10e4, 0x34e5, 0xdbde, 
  0xdbde, 0xdbde, 0xdbde, 0xdbde, 0xdbde, 0xdbde, 0xdbde, 0xdbde, 0xdbde, 0xdbde, 0xdbde, 0xdbde, 
  0xdbde, 0xf7dd, 0xa6f1, 0x61f0, 0x61f0, 0x61f0, 0x61f0, 0x45f1, 0x96dd, 0xdbde, 0xdbde, 0xdbde, 
  0xdbde, 0xdbde, 0xdbde, 0xdbde, 0xdbde, 0xdbde, 0xdbde, 0xdbde, 0x79de, 0x24f1, 0x61f0, 0x45f1, 
  0x10e4, 0x71e4, 0x69ea, 0x61f0, 0x45f1, 0xdbde, 0xdbde, 0xdbde, 0xdbde, 0xdbde, 0xdbde, 0xdbde, 
  0xdbde, 0xdbde, 0xdbde, 0xdbde, 0xaeeb, 0x61f0, 0x45f1, 0xdbde, 0xdbde, 0xdbde, 0xdbde, 0x08ea, 
  0x61f0, 0x34e5, 0xdbde, 0xdbde, 0xdbde, 0xdbde, 0xdbde, 0xdbde, 0xdbde, 0xdbde, 0xdbde, 0xdbde, 
  0x24f1, 0x61f0, 0x34e5, 0xdbde, 0xdbde, 0xdbde, 0xdbde, 0x71e4, 0x61f0, 0xcbea, 0xdbde, 0xdbde, 
  0xdbde, 0xdbde, 0xdbde, 0xdbde, 0xdbde, 0xdbde, 0xdbde, 0x34e5, 0x61f0, 0x45f1, 0xdbde, 0xdbde, 
  0xdbde, 0xdbde, 0xdbde, 0xf7dd, 0x61f0, 0x24f1, 0xdbde, 0xdbde, 0xdbde, 0xdbde, 0xdbde, 0xdbde, 
  0xdbde, 0xdbde, 0xdbde, 0x71e4, 0x61f0, 0x69ea, 0xdbde, 0xdbde, 0xdbde, 0xdbde, 0xdbde, 0xf7dd, 
  0x61f0, 0x24f1, 0xdbde, 0xdbde, 0xdbde, 0xdbde, 0xdbde, 0xdbde, 0xdbde, 0xdbde, 0xdbde, 0x71e4, 
  0x61f0, 0xcbea, 0xdbde, 0xdbde, 0xdbde, 0xdbde, 0xdbde, 0x96dd, 0x61f0, 0x24f1, 0xdbde, 0xdbde, 
  0xdbde, 0xdbde, 0xdbde, 0xdbde, 0xdbde, 0xdbde, 0xdbde, 0x34e5, 0x61f0, 0xa6f1, 0xdbde, 0xdbde, 
  0xdbde, 0xdbde, 0xdbde, 0xd3e4, 0x61f0, 0x08ea, 0xdbde, 0xdbde, 0xdbde, 0xdbde, 0xdbde, 0xdbde, 
  0xdbde, 0xdbde, 0xdbde, 0x79de, 0xc3f0, 0x61f0, 0x34e5, 0xdbde, 0xdbde, 0xdbde, 0xdbde, 0xcbea, 
  0x61f0, 0x71e4, 0xdbde, 0xdbde, 0xdbde, 0xdbde, 0xdbde, 0xdbde, 0xdbde, 0xdbde, 0xdbde, 0xdbde, 
  0x8eeb, 0x61f0, 0x45f1, 0x18de, 0xdbde, 0xdbde, 0xaeeb, 0x61f0, 0xc3f0, 0x18de, 0xdbde, 0xdbde, 
  0xdbde, 0xdbde, 0xdbde, 0xdbde, 0xdbde, 0xdbde, 0xdbde, 0xdbde, 0xdbde, 0xcbea, 0x61f0, 0x61f0, 
  0xc3f0, 0xc3f0, 0x61f0, 0x61f0, 0x10e4, 0xdbde, 0xdbde, 0xdbde, 0xdbde, 0xdbde, 0xdbde, 0xdbde, 
  0xdbde, 0xdbde, 0xdbde, 0xdbde, 0xdbde, 0xdbde, 0x71e4, 0x24f1, 0x61f0, 0x61f0, 0x24f1, 0xd3e4, 
  0xdbde, 0xdbde, 0xdbde, 0xdbde, 0xdbde, 0xdbde, 0xdbde, 0xdbde, 0xdbde, 0xdbde, 0xdbde, 0xdbde, 
  0xdbde, 0xdbde, 0xdbde, 0xdbde, 0x79de, 0x79de, 0xdbde, 0xdbde, 0xdbde, 0xdbde, 0xdbde, 0xdbde, 
  0xdbde, 0xdbde, 0xdbde, 0xdbde, 0xdbde, 0xdbde, 0xdbde, 0xdbde, 0xdbde, 0xdbde, 0xdbde, 0xdbde, 
  0xdbde, 0xdbde, 0xdbde, 0xdbde, 0xdbde, 0xdbde, 0xdbde, 0xdbde, 0xdbde, 0xdbde, 0xdbde, 0xdbde, 
  0xdbde, 0xdbde, 0xdbde, 0xdbde, 0xdbde, 0xdbde, 0xdbde, 0xdbde, 0xdbde, 0xdbde, 0xdbde, 0xdbde, 
  0xdbde, 0xdbde, 0xdbde, 0xdbde, 0xdbde, 0xdbde, 0xdbde, 0xdbde, 0xdbde, 0xdbde, 0xdbde, 0xdbde, 
  0xdbde, 0xdbde, 0xdbde, 0xdbde, 0xdbde, 0xdbde, 0xdbde, 0xdbde, 0xdbde, 0xdbde, 0xdbde, 0xdbde, 
  0xdbde, 0xdbde, 0xdbde, 0xdbde, 
};

const uint16_t _1[]  = {
  0xdbde, 0xdbde, 0xdbde, 0xdbde, 0xdbde, 0xdbde, 0xdbde, 0xdbde, 0xdbde, 0xdbde, 0xdbde, 0xdbde, 
  0xdbde, 0xdbde, 0xdbde, 0xdbde, 0xdbde, 0xdbde, 0xdbde, 0xdbde, 0xdbde, 0xdbde, 0xdbde, 0xdbde, 
  0xdbde, 0xdbde, 0xdbde, 0xdbde, 0xdbde, 0xdbde, 0xdbde, 0xdbde, 0xdbde, 0xdbde, 0xdbde, 0xdbde, 
  0xdbde, 0xdbde, 0xdbde, 0xdbde, 0xdbde, 0xdbde, 0xdbde, 0xdbde, 0xdbde, 0xdbde, 0xdbde, 0xdbde, 
  0xdbde, 0xdbde, 0xdbde, 0xdbde, 0xdbde, 0xdbde, 0xdbde, 0xdbde, 0xdbde, 0xdbde, 0xdbde, 0xdbde, 
  0xdbde, 0xdbde, 0xdbde, 0xdbde, 0xdbde, 0xdbde, 0xdbde, 0xdbde, 0xdbde, 0xdbde, 0xdbde, 0xdbde, 
  0xdbde, 0xdbde, 0xdbde, 0xdbde, 0xdbde, 0xdbde, 0xdbde, 0xdbde, 0xdbde, 0xdbde, 0xdbde, 0xdbde, 
  0xdbde, 0xdbde, 0xdbde, 0xdbde, 0xdbde, 0xdbde, 0xdbde, 0xdbde, 0xdbde, 0xdbde, 0xdbde, 0xdbde, 
  0xdbde, 0xdbde, 0xdbde, 0xdbde, 0xdbde, 0xdbde, 0xdbde, 0xdbde, 0xdbde, 0xdbde, 0xdbde, 0xdbde, 
  0xdbde, 0xdbde, 0xdbde, 0xdbde, 0xdbde, 0xdbde, 0xdbde, 0xdbde, 0xdbde, 0xdbde, 0xdbde, 0xdbde, 
  0xdbde, 0xdbde, 0xdbde, 0xdbde, 0xdbde, 0xdbde, 0xdbde, 0xdbde, 0xdbde, 0x10e4, 0x10e4, 0x79de, 
  0xdbde, 0xdbde, 0xdbde, 0xdbde, 0xdbde, 0xdbde, 0xdbde, 0xdbde, 0xdbde, 0xdbde, 0xdbde, 0xdbde, 
  0xdbde, 0xdbde, 0xdbde, 0x34e5, 0x24f1, 0x61f0, 0x61f0, 0x34e5, 0xdbde, 0xdbde, 0xdbde, 0xdbde, 
  0xdbde, 0xdbde, 0xdbde, 0xdbde, 0xdbde, 0xdbde, 0xdbde, 0xdbde, 0xdbde, 0xdbde, 0x71e4, 0x61f0, 
  0x61f0, 0x61f0, 0x61f0, 0x34e5, 0xdbde, 0xdbde, 0xdbde, 0xdbde, 0xdbde, 0xdbde, 0xdbde, 0xdbde, 
  0xdbde, 0xdbde, 0xdbde, 0xdbde, 0xdbde, 0xdbde, 0x96dd, 0x8eeb, 0x18de, 0x24f1, 0x61f0, 0x34e5, 
  0xdbde, 0xdbde, 0xdbde, 0xdbde, 0xdbde, 0xdbde, 0xdbde, 0xdbde, 0xdbde, 0xdbde, 0xdbde, 0xdbde, 
  0xdbde, 0xdbde, 0xdbde, 0xdbde, 0xdbde, 0x24f1, 0x61f0, 0x18de, 0xdbde, 0xdbde, 0xdbde, 0xdbde, 
  0xdbde, 0xdbde, 0xdbde, 0xdbde, 0xdbde, 0xdbde, 0xdbde, 0xdbde, 0xdbde, 0xdbde, 0xdbde, 0xdbde, 
  0xdbde, 0x24f1, 0x61f0, 0x18de, 0xdbde, 0xdbde, 0xdbde, 0xdbde, 0xdbde, 0xdbde, 0xdbde, 0xdbde, 
  0xdbde, 0xdbde, 0xdbde, 0xdbde, 0xdbde, 0xdbde, 0xdbde, 0xdbde, 0xdbde, 0xc3f0, 0x61f0, 0x18de, 
  0xdbde, 0xdbde, 0xdbde, 0xdbde, 0xdbde, 0xdbde, 0xdbde, 0xdbde, 0xdbde, 0xdbde, 0xdbde, 0xdbde, 
  0xdbde, 0xdbde, 0xdbde, 0xdbde, 0xdbde, 0x61f0, 0x61f0, 0x18de, 0xdbde, 0xdbde, 0xdbde, 0xdbde, 
  0xdbde, 0xdbde, 0xdbde, 0xdbde, 0xdbde, 0xdbde, 0xdbde, 0xdbde, 0xdbde, 0xdbde, 0xdbde, 0xdbde, 
  0xdbde, 0x61f0, 0x61f0, 0xdbde, 0xdbde, 0xdbde, 0xdbde, 0xdbde, 0xdbde, 0xdbde, 0xdbde, 0xdbde, 
  0xdbde, 0xdbde, 0xdbde, 0xdbde, 0xdbde, 0xdbde, 0xdbde, 0xdbde, 0xdbde, 0x61f0, 0x61f0, 0x18de, 
  0xdbde, 0xdbde, 0xdbde, 0xdbde, 0xdbde, 0xdbde, 0xdbde, 0xdbde, 0xdbde, 0xdbde, 0xdbde, 0xdbde, 
  0xdbde, 0xdbde, 0xdbde, 0xdbde, 0xf7dd, 0x61f0, 0x61f0, 0x18de, 0xdbde, 0xdbde, 0xdbde, 0xdbde, 
  0xdbde, 0xdbde, 0xdbde, 0xdbde, 0xdbde, 0xdbde, 0xdbde, 0xdbde, 0xdbde, 0xdbde, 0x69ea, 0x24f1, 
  0xa6f1, 0x61f0, 0x61f0, 0xc3f0, 0xc3f0, 0xcbea, 0xdbde, 0xdbde, 0xdbde, 0xdbde, 0xdbde, 0xdbde, 
  0xdbde, 0xdbde, 0xdbde, 0xdbde, 0xdbde, 0xdbde, 0x86f1, 0xc3f0, 0x24f1, 0x24f1, 0x24f1, 0x61f0, 
  0x61f0, 0x2ceb, 0xdbde, 0xdbde, 0xdbde, 0xdbde, 0xdbde, 0xdbde, 0xdbde, 0xdbde, 0xdbde, 0xdbde, 
  0xdbde, 0xdbde, 0xdbde, 0xdbde, 0xdbde, 0xdbde, 0xdbde, 0xdbde, 0xdbde, 0xdbde, 0xdbde, 0xdbde, 
  0xdbde, 0xdbde, 0xdbde, 0xdbde, 0xdbde, 0xdbde, 0xdbde, 0xdbde, 0xdbde, 0xdbde, 0xdbde, 0xdbde, 
  0xdbde, 0xdbde, 0xdbde, 0xdbde, 0xdbde, 0xdbde, 0xdbde, 0xdbde, 0xdbde, 0xdbde, 0xdbde, 0xdbde, 
  0xdbde, 0xdbde, 0xdbde, 0xdbde, 0xdbde, 0xdbde, 0xdbde, 0xdbde, 0xdbde, 0xdbde, 0xdbde, 0xdbde, 
  0xdbde, 0xdbde, 0xdbde, 0xdbde, 0xdbde, 0xdbde, 0xdbde, 0xdbde, 0xdbde, 0xdbde, 0xdbde, 0xdbde, 
  0xdbde, 0xdbde, 0xdbde, 0xdbde, 0xdbde, 0xdbde, 0xdbde, 0xdbde, 0xdbde, 0xdbde, 0xdbde, 0xdbde, 
  0xdbde, 0xdbde, 0xdbde, 0xdbde, 
};

const uint16_t _2[]  = {
  0xdbde, 0xdbde, 0xdbde, 0xdbde, 0xdbde, 0xdbde, 0xdbde, 0xdbde, 0xdbde, 0xdbde, 0xdbde, 0xdbde, 
  0xdbde, 0xdbde, 0xdbde, 0xdbde, 0xdbde, 0xdbde, 0xdbde, 0xdbde, 0xdbde, 0xdbde, 0xdbde, 0xdbde, 
  0xdbde, 0xdbde, 0xdbde, 0xdbde, 0xdbde, 0xdbde, 0xdbde, 0xdbde, 0xdbde, 0xdbde, 0xdbde, 0xdbde, 
  0xdbde, 0xdbde, 0xdbde, 0xdbde, 0xdbde, 0xdbde, 0xdbde, 0xdbde, 0xdbde, 0xdbde, 0xdbde, 0xdbde, 
  0xdbde, 0xdbde, 0xdbde, 0xdbde, 0xdbde, 0xdbde, 0xdbde, 0xdbde, 0xdbde, 0xdbde, 0xdbde, 0xdbde, 
  0xdbde, 0xdbde, 0xdbde, 0xdbde, 0xdbde, 0xdbde, 0xdbde, 0xdbde, 0xdbde, 0xdbde, 0xdbde, 0xdbde, 
  0xdbde, 0xdbde, 0xdbde, 0xdbde, 0xdbde, 0xdbde, 0xdbde, 0xdbde, 0xdbde, 0xdbde, 0xdbde, 0xdbde, 
  0xdbde, 0xdbde, 0xdbde, 0xdbde, 0xdbde, 0xdbde, 0xdbde, 0xdbde, 0xdbde, 0xdbde, 0xdbde, 0xdbde, 
  0xdbde, 0xdbde, 0xdbde, 0xdbde, 0xdbde, 0xdbde, 0xdbde, 0xdbde, 0xdbde, 0xdbde, 0xdbde, 0xdbde, 
  0xdbde, 0xdbde, 0xdbde, 0xdbde, 0xdbde, 0xdbde, 0xdbde, 0xdbde, 0xdbde, 0xdbde, 0xdbde, 0xdbde, 
  0xdbde, 0xdbde, 0xdbde, 0xdbde, 0xdbde, 0xdbde, 0xdbde, 0xdbde, 0x34e5, 0x10e4, 0x8ee3, 0xd3e4, 
  0xdbde, 0xdbde, 0xdbde, 0xdbde, 0xdbde, 0xdbde, 0xdbde, 0xdbde, 0xdbde, 0xdbde, 0xdbde, 0xdbde, 
  0xdbde, 0xdbde, 0xf7dd, 0x08ea, 0x61f0, 0x61f0, 0x61f0, 0x61f0, 0x45f1, 0x18de, 0xdbde, 0xdbde, 
  0xdbde, 0xdbde, 0xdbde, 0xdbde, 0xdbde, 0xdbde, 0xdbde, 0xdbde, 0xdbde, 0xdbde, 0xcbea, 0x61f0, 
  0x45f1, 0x10e4, 0x10e4, 0x24f1, 0x61f0, 0x45f1, 0xdbde, 0xdbde, 0xdbde, 0xdbde, 0xdbde, 0xdbde, 
  0xdbde, 0xdbde, 0xdbde, 0xdbde, 0xdbde, 0xdbde, 0x24f1, 0x61f0, 0x18de, 0xdbde, 0xdbde, 0x79de, 
  0xc3f0, 0x61f0, 0x18de, 0xdbde, 0xdbde, 0xdbde, 0xdbde, 0xdbde, 0xdbde, 0xdbde, 0xdbde, 0xdbde, 
  0xdbde, 0xdbde, 0x08ea, 0x45f1, 0xdbde, 0xdbde, 0xdbde, 0xdbde, 0xc3f0, 0x61f0, 0x79de, 0xdbde, 
  0xdbde, 0xdbde, 0xdbde, 0xdbde, 0xdbde, 0xdbde, 0xdbde, 0xdbde, 0xdbde, 0xdbde, 0xdbde, 0xdbde, 
  0xdbde, 0xdbde, 0xdbde, 0xaeeb, 0x61f0, 0x08ea, 0xdbde, 0xdbde, 0xdbde, 0xdbde, 0xdbde, 0xdbde, 
  0xdbde, 0xdbde, 0xdbde, 0xdbde, 0xdbde, 0xdbde, 0xdbde, 0xdbde, 0xdbde, 0xdbde, 0x71e4, 0x61f0, 
  0x61f0, 0x18de, 0xdbde, 0xdbde, 0xdbde, 0xdbde, 0xdbde, 0xdbde, 0xdbde, 0xdbde, 0xdbde, 0xdbde, 
  0xdbde, 0xdbde, 0xdbde, 0xdbde, 0xdbde, 0x71e4, 0x61f0, 0x61f0, 0x8ee3, 0xdbde, 0xdbde, 0xdbde, 
  0xdbde, 0xdbde, 0xdbde, 0xdbde, 0xdbde, 0xdbde, 0xdbde, 0xdbde, 0xdbde, 0xdbde, 0xdbde, 0xdbde, 
  0xaeeb, 0x61f0, 0x61f0, 0x8ee3, 0xdbde, 0xdbde, 0xdbde, 0xdbde, 0xdbde, 0xdbde, 0xdbde, 0xdbde, 
  0xdbde, 0xdbde, 0xdbde, 0xdbde, 0xdbde, 0xdbde, 0xdbde, 0xaeeb, 0x61f0, 0x61f0, 0x10e4, 0xdbde, 
  0xdbde, 0xdbde, 0xdbde, 0xdbde, 0xdbde, 0xdbde, 0xdbde, 0xdbde, 0xdbde, 0xdbde, 0xdbde, 0xdbde, 
  0xdbde, 0xdbde, 0x10e4, 0x61f0, 0x61f0, 0x71e4, 0xdbde, 0x18de, 0x18de, 0x18de, 0xdbde, 0xdbde, 
  0xdbde, 0xdbde, 0xdbde, 0xdbde, 0xdbde, 0xdbde, 0xdbde, 0xdbde, 0xdbde, 0xdbde, 0x24f1, 0x61f0, 
  0x61f0, 0x61f0, 0x61f0, 0x61f0, 0x61f0, 0x61f0, 0x45f1, 0xdbde, 0xdbde, 0xdbde, 0xdbde, 0xdbde, 
  0xdbde, 0xdbde, 0xdbde, 0xdbde, 0xdbde, 0xdbde, 0x08ea, 0x24f1, 0x24f1, 0x86f1, 0x86f1, 0x24f1, 
  0xc3f0, 0x61f0, 0xa6f1, 0x79de, 0xdbde, 0xdbde, 0xdbde, 0xdbde, 0xdbde, 0xdbde, 0xdbde, 0xdbde, 
  0xdbde, 0xdbde, 0xdbde, 0xdbde, 0xdbde, 0xdbde, 0xdbde, 0xdbde, 0xdbde, 0xdbde, 0xdbde, 0xdbde, 
  0xdbde, 0xdbde, 0xdbde, 0xdbde, 0xdbde, 0xdbde, 0xdbde, 0xdbde, 0xdbde, 0xdbde, 0xdbde, 0xdbde, 
  0xdbde, 0xdbde, 0xdbde, 0xdbde, 0xdbde, 0xdbde, 0xdbde, 0xdbde, 0xdbde, 0xdbde, 0xdbde, 0xdbde, 
  0xdbde, 0xdbde, 0xdbde, 0xdbde, 0xdbde, 0xdbde, 0xdbde, 0xdbde, 0xdbde, 0xdbde, 0xdbde, 0xdbde, 
  0xdbde, 0xdbde, 0xdbde, 0xdbde, 0xdbde, 0xdbde, 0xdbde, 0xdbde, 0xdbde, 0xdbde, 0xdbde, 0xdbde, 
  0xdbde, 0xdbde, 0xdbde, 0xdbde, 0xdbde, 0xdbde, 0xdbde, 0xdbde, 0xdbde, 0xdbde, 0xdbde, 0xdbde, 
  0xdbde, 0xdbde, 0xdbde, 0xdbde, 
};

const uint16_t _3[]  = {
  0xdbde, 0xdbde, 0xdbde, 0xdbde, 0xdbde, 0xdbde, 0xdbde, 0xdbde, 0xdbde, 0xdbde, 0xdbde, 0xdbde, 
  0xdbde, 0xdbde, 0xdbde, 0xdbde, 0xdbde, 0xdbde, 0xdbde, 0xdbde, 0xdbde, 0xdbde, 0xdbde, 0xdbde, 
  0xdbde, 0xdbde, 0xdbde, 0xdbde, 0xdbde, 0xdbde, 0xdbde, 0xdbde, 0xdbde, 0xdbde, 0xdbde, 0xdbde, 
  0xdbde, 0xdbde, 0xdbde, 0xdbde, 0xdbde, 0xdbde, 0xdbde, 0xdbde, 0xdbde, 0xdbde, 0xdbde, 0xdbde, 
  0xdbde, 0xdbde, 0xdbde, 0xdbde, 0xdbde, 0xdbde, 0xdbde, 0xdbde, 0xdbde, 0xdbde, 0xdbde, 0xdbde, 
  0xdbde, 0xdbde, 0xdbde, 0xdbde, 0xdbde, 0xdbde, 0xdbde, 0xdbde, 0xdbde, 0xdbde, 0xdbde, 0xdbde, 
  0xdbde, 0xdbde, 0xdbde, 0xdbde, 0xdbde, 0xdbde, 0xdbde, 0xdbde, 0xdbde, 0xdbde, 0xdbde, 0xdbde, 
  0xdbde, 0xdbde, 0xdbde, 0xdbde, 0xdbde, 0xdbde, 0xdbde, 0xdbde, 0xdbde, 0xdbde, 0xdbde, 0xdbde, 
  0xdbde, 0xdbde, 0xdbde, 0xdbde, 0xdbde, 0xdbde, 0xdbde, 0xdbde, 0xdbde, 0xdbde, 0xdbde, 0xdbde, 
  0xdbde, 0xdbde, 0xdbde, 0xdbde, 0xdbde, 0xdbde, 0xdbde, 0xdbde, 0xdbde, 0xdbde, 0xdbde, 0xdbde, 
  0xdbde, 0xdbde, 0xdbde, 0xdbde, 0xdbde, 0xdbde, 0x96dd, 0x71e4, 0x71e4, 0xd3e4, 0x34e5, 0x71e4, 
  0x34e5, 0x79de, 0xdbde, 0xdbde, 0xdbde, 0xdbde, 0xdbde, 0xdbde, 0xdbde, 0xdbde, 0xdbde, 0xdbde, 
  0xdbde, 0xdbde, 0xcbea, 0x61f0, 0x61f0, 0x61f0, 0x61f0, 0x61f0, 0x61f0, 0x69ea, 0xdbde, 0xdbde, 
  0xdbde, 0xdbde, 0xdbde, 0xdbde, 0xdbde, 0xdbde, 0xdbde, 0xdbde, 0xdbde, 0xdbde, 0xf7dd, 0x10e4, 
  0x8ee3, 0x10e4, 0x10e4, 0xc3f0, 0x61f0, 0xcbea, 0xdbde, 0xdbde, 0xdbde, 0xdbde, 0xdbde, 0xdbde, 
  0xdbde, 0xdbde, 0xdbde, 0xdbde, 0xdbde, 0xdbde, 0xdbde, 0xdbde, 0xdbde, 0xdbde, 0xaeeb, 0x61f0, 
  0x45f1, 0x18de, 0xdbde, 0xdbde, 0xdbde, 0xdbde, 0xdbde, 0xdbde, 0xdbde, 0xdbde, 0xdbde, 0xdbde, 
  0xdbde, 0xdbde, 0xdbde, 0xdbde, 0xdbde, 0xaeeb, 0x61f0, 0xa6f1, 0x18de, 0xdbde, 0xdbde, 0xdbde, 
  0xdbde, 0xdbde, 0xdbde, 0xdbde, 0xdbde, 0xdbde, 0xdbde, 0xdbde, 0xdbde, 0xdbde, 0xdbde, 0xdbde, 
  0x96dd, 0x61f0, 0x61f0, 0xc3f0, 0xcbea, 0x18de, 0xdbde, 0xdbde, 0xdbde, 0xdbde, 0xdbde, 0xdbde, 
  0xdbde, 0xdbde, 0xdbde, 0xdbde, 0xdbde, 0xdbde, 0xdbde, 0xdbde, 0xdbde, 0x71e4, 0x69ea, 0xc3f0, 
  0x61f0, 0x45f1, 0x18de, 0xdbde, 0xdbde, 0xdbde, 0xdbde, 0xdbde, 0xdbde, 0xdbde, 0xdbde, 0xdbde, 
  0xdbde, 0xdbde, 0xdbde, 0xdbde, 0xdbde, 0xdbde, 0xdbde, 0x79de, 0xcbea, 0x61f0, 0x08ea, 0xdbde, 
  0xdbde, 0xdbde, 0xdbde, 0xdbde, 0xdbde, 0xdbde, 0xdbde, 0xdbde, 0xdbde, 0xdbde, 0xdbde, 0xdbde, 
  0xdbde, 0xdbde, 0xdbde, 0xdbde, 0x79de, 0x61f0, 0x61f0, 0x79de, 0xdbde, 0xdbde, 0xdbde, 0xdbde, 
  0xdbde, 0xdbde, 0xdbde, 0xdbde, 0xdbde, 0x34e5, 0x61f0, 0xaee3, 0xdbde, 0xdbde, 0xdbde, 0xdbde, 
  0xf7dd, 0x61f0, 0x61f0, 0x79de, 0xdbde, 0xdbde, 0xdbde, 0xdbde, 0xdbde, 0xdbde, 0xdbde, 0xdbde, 
  0xdbde, 0x34e5, 0x61f0, 0x61f0, 0x10e4, 0xdbde, 0xdbde, 0x79de, 0xa6f1, 0x61f0, 0xcbea, 0xdbde, 
  0xdbde, 0xdbde, 0xdbde, 0xdbde, 0xdbde, 0xdbde, 0xdbde, 0xdbde, 0xdbde, 0xdbde, 0xcbea, 0x61f0, 
  0x61f0, 0xc3f0, 0x24f1, 0x61f0, 0x61f0, 0x45f1, 0x18de, 0xdbde, 0xdbde, 0xdbde, 0xdbde, 0xdbde, 
  0xdbde, 0xdbde, 0xdbde, 0xdbde, 0xdbde, 0xdbde, 0xdbde, 0x71e4, 0x24f1, 0x61f0, 0x61f0, 0xc3f0, 
  0x8eeb, 0x79de, 0xdbde, 0xdbde, 0xdbde, 0xdbde, 0xdbde, 0xdbde, 0xdbde, 0xdbde, 0xdbde, 0xdbde, 
  0xdbde, 0xdbde, 0xdbde, 0xdbde, 0xdbde, 0x79de, 0x79de, 0xdbde, 0xdbde, 0xdbde, 0xdbde, 0xdbde, 
  0xdbde, 0xdbde, 0xdbde, 0xdbde, 0xdbde, 0xdbde, 0xdbde, 0xdbde, 0xdbde, 0xdbde, 0xdbde, 0xdbde, 
  0xdbde, 0xdbde, 0xdbde, 0xdbde, 0xdbde, 0xdbde, 0xdbde, 0xdbde, 0xdbde, 0xdbde, 0xdbde, 0xdbde, 
  0xdbde, 0xdbde, 0xdbde, 0xdbde, 0xdbde, 0xdbde, 0xdbde, 0xdbde, 0xdbde, 0xdbde, 0xdbde, 0xdbde, 
  0xdbde, 0xdbde, 0xdbde, 0xdbde, 0xdbde, 0xdbde, 0xdbde, 0xdbde, 0xdbde, 0xdbde, 0xdbde, 0xdbde, 
  0xdbde, 0xdbde, 0xdbde, 0xdbde, 0xdbde, 0xdbde, 0xdbde, 0xdbde, 0xdbde, 0xdbde, 0xdbde, 0xdbde, 
  0xdbde, 0xdbde, 0xdbde, 0xdbde, 
};

const uint16_t _4[]  = {
  0xdbde, 0xdbde, 0xdbde, 0xdbde, 0xdbde, 0xdbde, 0xdbde, 0xdbde, 0xdbde, 0xdbde, 0xdbde, 0xdbde, 
  0xdbde, 0xdbde, 0xdbde, 0xdbde, 0xdbde, 0xdbde, 0xdbde, 0xdbde, 0xdbde, 0xdbde, 0xdbde, 0xdbde, 
  0xdbde, 0xdbde, 0xdbde, 0xdbde, 0xdbde, 0xdbde, 0xdbde, 0xdbde, 0xdbde, 0xdbde, 0xdbde, 0xdbde, 
  0xdbde, 0xdbde, 0xdbde, 0xdbde, 0xdbde, 0xdbde, 0xdbde, 0xdbde, 0xdbde, 0xdbde, 0xdbde, 0xdbde, 
  0xdbde, 0xdbde, 0xdbde, 0xdbde, 0xdbde, 0xdbde, 0xdbde, 0xdbde, 0xdbde, 0xdbde, 0xdbde, 0xdbde, 
  0xdbde, 0xdbde, 0xdbde, 0xdbde, 0xdbde, 0xdbde, 0xdbde, 0xdbde, 0xdbde, 0xdbde, 0xdbde, 0xdbde, 
  0xdbde, 0xdbde, 0xdbde, 0xdbde, 0xdbde, 0xdbde, 0xdbde, 0xdbde, 0xdbde, 0xdbde, 0xdbde, 0xdbde, 
  0xdbde, 0xdbde, 0xdbde, 0xdbde, 0xdbde, 0xdbde, 0xdbde, 0xdbde, 0xdbde, 0xdbde, 0xdbde, 0xdbde, 
  0xdbde, 0xdbde, 0xdbde, 0xdbde, 0xdbde, 0xdbde, 0xdbde, 0xdbde, 0xdbde, 0xdbde, 0xdbde, 0xdbde, 
  0xdbde, 0xdbde, 0xdbde, 0xdbde, 0xdbde, 0xdbde, 0xdbde, 0xdbde, 0xdbde, 0xdbde, 0xdbde, 0xdbde, 
  0xdbde, 0xdbde, 0xdbde, 0xdbde, 0xdbde, 0xdbde, 0xdbde, 0xdbde, 0x2ceb, 0xd3e4, 0xdbde, 0xdbde, 
  0xf7dd, 0xd3e4, 0xdbde, 0xdbde, 0xdbde, 0xdbde, 0xdbde, 0xdbde, 0xdbde, 0xdbde, 0xdbde, 0xdbde, 
  0xdbde, 0xdbde, 0xdbde, 0x34e5, 0x61f0, 0x08ea, 0xdbde, 0xdbde, 0x08ea, 0x61f0, 0x96dd, 0xdbde, 
  0xdbde, 0xdbde, 0xdbde, 0xdbde, 0xdbde, 0xdbde, 0xdbde, 0xdbde, 0xdbde, 0xdbde, 0xdbde, 0x8ee3, 
  0x61f0, 0x2ceb, 0xdbde, 0xdbde, 0x24f1, 0x61f0, 0x34e5, 0xdbde, 0xdbde, 0xdbde, 0xdbde, 0xdbde, 
  0xdbde, 0xdbde, 0xdbde, 0xdbde, 0xdbde, 0xdbde, 0xdbde, 0x08ea, 0x61f0, 0xd3e4, 0xdbde, 0xdbde, 
  0xa6f1, 0x61f0, 0x34e5, 0xdbde, 0xdbde, 0xdbde, 0xdbde, 0xdbde, 0xdbde, 0xdbde, 0xdbde, 0xdbde, 
  0xdbde, 0xdbde, 0xf7dd, 0x61f0, 0x61f0, 0x79de, 0xdbde, 0xdbde, 0x08ea, 0x61f0, 0x96dd, 0xdbde, 
  0xdbde, 0xdbde, 0xdbde, 0xdbde, 0xdbde, 0xdbde, 0xdbde, 0xdbde, 0xdbde, 0xdbde, 0x71e4, 0x61f0, 
  0x69ea, 0xdbde, 0xdbde, 0xdbde, 0x08ea, 0x61f0, 0x18de, 0xdbde, 0xdbde, 0xdbde, 0xdbde, 0xdbde, 
  0xdbde, 0xdbde, 0xdbde, 0xdbde, 0xdbde, 0xdbde, 0x08ea, 0x61f0, 0x71e4, 0xdbde, 0xdbde, 0xdbde, 
  0x08ea, 0x61f0, 0x79de, 0xdbde, 0xdbde, 0xdbde, 0xdbde, 0xdbde, 0xdbde, 0xdbde, 0xdbde, 0xdbde, 
  0xdbde, 0x79de, 0x61f0, 0x61f0, 0x96dd, 0x18de, 0x34e5, 0x71e4, 0xa6f1, 0x61f0, 0xaee3, 0x71e4, 
  0x79de, 0xdbde, 0xdbde, 0xdbde, 0xdbde, 0xdbde, 0xdbde, 0xdbde, 0xdbde, 0x34e5, 0x61f0, 0x61f0, 
  0x61f0, 0x61f0, 0x61f0, 0x61f0, 0x61f0, 0x61f0, 0x61f0, 0x61f0, 0x2ceb, 0xdbde, 0xdbde, 0xdbde, 
  0xdbde, 0xdbde, 0xdbde, 0xdbde, 0xdbde, 0x79de, 0xcbea, 0x86f1, 0x24f1, 0x08ea, 0xcbea, 0x2ceb, 
  0xc3f0, 0x61f0, 0x2ceb, 0x2ceb, 0xd3e4, 0xdbde, 0xdbde, 0xdbde, 0xdbde, 0xdbde, 0xdbde, 0xdbde, 
  0xdbde, 0xdbde, 0xdbde, 0xdbde, 0xdbde, 0xdbde, 0xdbde, 0xdbde, 0xc3f0, 0x61f0, 0x18de, 0xdbde, 
  0xdbde, 0xdbde, 0xdbde, 0xdbde, 0xdbde, 0xdbde, 0xdbde, 0xdbde, 0xdbde, 0xdbde, 0xdbde, 0xdbde, 
  0xdbde, 0xdbde, 0xdbde, 0xdbde, 0x61f0, 0x61f0, 0x18de, 0xdbde, 0xdbde, 0xdbde, 0xdbde, 0xdbde, 
  0xdbde, 0xdbde, 0xdbde, 0xdbde, 0xdbde, 0xdbde, 0xdbde, 0xdbde, 0xdbde, 0xdbde, 0xdbde, 0xdbde, 
  0x86f1, 0xc3f0, 0x79de, 0xdbde, 0xdbde, 0xdbde, 0xdbde, 0xdbde, 0xdbde, 0xdbde, 0xdbde, 0xdbde, 
  0xdbde, 0xdbde, 0xdbde, 0xdbde, 0xdbde, 0xdbde, 0xdbde, 0xdbde, 0xdbde, 0xdbde, 0xdbde, 0xdbde, 
  0xdbde, 0xdbde, 0xdbde, 0xdbde, 0xdbde, 0xdbde, 0xdbde, 0xdbde, 0xdbde, 0xdbde, 0xdbde, 0xdbde, 
  0xdbde, 0xdbde, 0xdbde, 0xdbde, 0xdbde, 0xdbde, 0xdbde, 0xdbde, 0xdbde, 0xdbde, 0xdbde, 0xdbde, 
  0xdbde, 0xdbde, 0xdbde, 0xdbde, 0xdbde, 0xdbde, 0xdbde, 0xdbde, 0xdbde, 0xdbde, 0xdbde, 0xdbde, 
  0xdbde, 0xdbde, 0xdbde, 0xdbde, 0xdbde, 0xdbde, 0xdbde, 0xdbde, 0xdbde, 0xdbde, 0xdbde, 0xdbde, 
  0xdbde, 0xdbde, 0xdbde, 0xdbde, 0xdbde, 0xdbde, 0xdbde, 0xdbde, 0xdbde, 0xdbde, 0xdbde, 0xdbde, 
  0xdbde, 0xdbde, 0xdbde, 0xdbde, 
};

const uint16_t _5[]  = {
  0xdbde, 0xdbde, 0xdbde, 0xdbde, 0xdbde, 0xdbde, 0xdbde, 0xdbde, 0xdbde, 0xdbde, 0xdbde, 0xdbde, 
  0xdbde, 0xdbde, 0xdbde, 0xdbde, 0xdbde, 0xdbde, 0xdbde, 0xdbde, 0xdbde, 0xdbde, 0xdbde, 0xdbde, 
  0xdbde, 0xdbde, 0xdbde, 0xdbde, 0xdbde, 0xdbde, 0xdbde, 0xdbde, 0xdbde, 0xdbde, 0xdbde, 0xdbde, 
  0xdbde, 0xdbde, 0xdbde, 0xdbde, 0xdbde, 0xdbde, 0xdbde, 0xdbde, 0xdbde, 0xdbde, 0xdbde, 0xdbde, 
  0xdbde, 0xdbde, 0xdbde, 0xdbde, 0xdbde, 0xdbde, 0xdbde, 0xdbde, 0xdbde, 0xdbde, 0xdbde, 0xdbde, 
  0xdbde, 0xdbde, 0xdbde, 0xdbde, 0xdbde, 0xdbde, 0xdbde, 0xdbde, 0xdbde, 0xdbde, 0xdbde, 0xdbde, 
  0xdbde, 0xdbde, 0xdbde, 0xdbde, 0xdbde, 0xdbde, 0xdbde, 0xdbde, 0xdbde, 0xdbde, 0xdbde, 0xdbde, 
  0xdbde, 0xdbde, 0xdbde, 0xdbde, 0xdbde, 0xdbde, 0xdbde, 0xdbde, 0xdbde, 0xdbde, 0xdbde, 0xdbde, 
  0xdbde, 0xdbde, 0xdbde, 0xdbde, 0xdbde, 0xdbde, 0xdbde, 0xdbde, 0xdbde, 0xdbde, 0xdbde, 0xdbde, 
  0xdbde, 0xdbde, 0xdbde, 0xdbde, 0xdbde, 0xdbde, 0xdbde, 0xdbde, 0xdbde, 0xdbde, 0xdbde, 0xdbde, 
  0xdbde, 0xdbde, 0xdbde, 0xdbde, 0xdbde, 0xdbde, 0xdbde, 0x10e4, 0x8ee3, 0x10e4, 0xd3e4, 0xd3e4, 
  0xd3e4, 0x18de, 0xdbde, 0xdbde, 0xdbde, 0xdbde, 0xdbde, 0xdbde, 0xdbde, 0xdbde, 0xdbde, 0xdbde, 
  0xdbde, 0xdbde, 0xf7dd, 0x61f0, 0x61f0, 0x61f0, 0x61f0, 0x61f0, 0x61f0, 0x24f1, 0xdbde, 0xdbde, 
  0xdbde, 0xdbde, 0xdbde, 0xdbde, 0xdbde, 0xdbde, 0xdbde, 0xdbde, 0xdbde, 0xdbde, 0xf7dd, 0x61f0, 
  0x45f1, 0x8ee3, 0x8ee3, 0x8ee3, 0x8ee3, 0x10e4, 0xdbde, 0xdbde, 0xdbde, 0xdbde, 0xdbde, 0xdbde, 
  0xdbde, 0xdbde, 0xdbde, 0xdbde, 0xdbde, 0xdbde, 0x96dd, 0x61f0, 0x69ea, 0xdbde, 0xdbde, 0xdbde, 
  0xdbde, 0xdbde, 0xdbde, 0xdbde, 0xdbde, 0xdbde, 0xdbde, 0xdbde, 0xdbde, 0xdbde, 0xdbde, 0xdbde, 
  0xdbde, 0xdbde, 0x34e5, 0x61f0, 0x2ceb, 0x79de, 0x18de, 0x18de, 0xdbde, 0xdbde, 0xdbde, 0xdbde, 
  0xdbde, 0xdbde, 0xdbde, 0xdbde, 0xdbde, 0xdbde, 0xdbde, 0xdbde, 0xdbde, 0xdbde, 0xd3e4, 0x61f0, 
  0xc3f0, 0x61f0, 0x61f0, 0x61f0, 0x45f1, 0xd3e4, 0xdbde, 0xdbde, 0xdbde, 0xdbde, 0xdbde, 0xdbde, 
  0xdbde, 0xdbde, 0xdbde, 0xdbde, 0xdbde, 0xdbde, 0x10e4, 0x61f0, 0xc3f0, 0x2ceb, 0x8ee3, 0x69ea, 
  0x61f0, 0x61f0, 0x34e5, 0xdbde, 0xdbde, 0xdbde, 0xdbde, 0xdbde, 0xdbde, 0xdbde, 0xdbde, 0xdbde, 
  0xdbde, 0xdbde, 0xdbde, 0x96dd, 0xdbde, 0xdbde, 0xdbde, 0xdbde, 0x71e4, 0x61f0, 0x08ea, 0xdbde, 
  0xdbde, 0xdbde, 0xdbde, 0xdbde, 0xdbde, 0xdbde, 0xdbde, 0xdbde, 0xdbde, 0xdbde, 0xdbde, 0xdbde, 
  0xdbde, 0xdbde, 0xdbde, 0xdbde, 0x79de, 0x61f0, 0xc3f0, 0xdbde, 0xdbde, 0xdbde, 0xdbde, 0xdbde, 
  0xdbde, 0xdbde, 0xdbde, 0xdbde, 0xdbde, 0xdbde, 0x10e4, 0x71e4, 0xdbde, 0xdbde, 0xdbde, 0xdbde, 
  0xf7dd, 0x61f0, 0x45f1, 0xdbde, 0xdbde, 0xdbde, 0xdbde, 0xdbde, 0xdbde, 0xdbde, 0xdbde, 0xdbde, 
  0xdbde, 0xdbde, 0x24f1, 0x61f0, 0xaee3, 0xdbde, 0xdbde, 0x79de, 0x08ea, 0x61f0, 0x10e4, 0xdbde, 
  0xdbde, 0xdbde, 0xdbde, 0xdbde, 0xdbde, 0xdbde, 0xdbde, 0xdbde, 0xdbde, 0xdbde, 0x10e4, 0x61f0, 
  0x61f0, 0xc3f0, 0x24f1, 0x61f0, 0x61f0, 0xa6f1, 0xdbde, 0xdbde, 0xdbde, 0xdbde, 0xdbde, 0xdbde, 
  0xdbde, 0xdbde, 0xdbde, 0xdbde, 0xdbde, 0xdbde, 0xdbde, 0xf7dd, 0xcbea, 0xc3f0, 0x61f0, 0xc3f0, 
  0x8eeb, 0x79de, 0xdbde, 0xdbde, 0xdbde, 0xdbde, 0xdbde, 0xdbde, 0xdbde, 0xdbde, 0xdbde, 0xdbde, 
  0xdbde, 0xdbde, 0xdbde, 0xdbde, 0xdbde, 0xdbde, 0xdbde, 0xdbde, 0xdbde, 0xdbde, 0xdbde, 0xdbde, 
  0xdbde, 0xdbde, 0xdbde, 0xdbde, 0xdbde, 0xdbde, 0xdbde, 0xdbde, 0xdbde, 0xdbde, 0xdbde, 0xdbde, 
  0xdbde, 0xdbde, 0xdbde, 0xdbde, 0xdbde, 0xdbde, 0xdbde, 0xdbde, 0xdbde, 0xdbde, 0xdbde, 0xdbde, 
  0xdbde, 0xdbde, 0xdbde, 0xdbde, 0xdbde, 0xdbde, 0xdbde, 0xdbde, 0xdbde, 0xdbde, 0xdbde, 0xdbde, 
  0xdbde, 0xdbde, 0xdbde, 0xdbde, 0xdbde, 0xdbde, 0xdbde, 0xdbde, 0xdbde, 0xdbde, 0xdbde, 0xdbde, 
  0xdbde, 0xdbde, 0xdbde, 0xdbde, 0xdbde, 0xdbde, 0xdbde, 0xdbde, 0xdbde, 0xdbde, 0xdbde, 0xdbde, 
  0xdbde, 0xdbde, 0xdbde, 0xdbde, 
};

const uint16_t _6[]  = {
  0xdbde, 0xdbde, 0xdbde, 0xdbde, 0xdbde, 0xdbde, 0xdbde, 0xdbde, 0xdbde, 0xdbde, 0xdbde, 0xdbde, 
  0xdbde, 0xdbde, 0xdbde, 0xdbde, 0xdbde, 0xdbde, 0xdbde, 0xdbde, 0xdbde, 0xdbde, 0xdbde, 0xdbde, 
  0xdbde, 0xdbde, 0xdbde, 0xdbde, 0xdbde, 0xdbde, 0xdbde, 0xdbde, 0xdbde, 0xdbde, 0xdbde, 0xdbde, 
  0xdbde, 0xdbde, 0xdbde, 0xdbde, 0xdbde, 0xdbde, 0xdbde, 0xdbde, 0xdbde, 0xdbde, 0xdbde, 0xdbde, 
  0xdbde, 0xdbde, 0xdbde, 0xdbde, 0xdbde, 0xdbde, 0xdbde, 0xdbde, 0xdbde, 0xdbde, 0xdbde, 0xdbde, 
  0xdbde, 0xdbde, 0xdbde, 0xdbde, 0xdbde, 0xdbde, 0xdbde, 0xdbde, 0xdbde, 0xdbde, 0xdbde, 0xdbde, 
  0xdbde, 0xdbde, 0xdbde, 0xdbde, 0xdbde, 0xdbde, 0xdbde, 0xdbde, 0xdbde, 0xdbde, 0xdbde, 0xdbde, 
  0xdbde, 0xdbde, 0xdbde, 0xdbde, 0xdbde, 0xdbde, 0xdbde, 0xdbde, 0xdbde, 0xdbde, 0xdbde, 0xdbde, 
  0xdbde, 0xdbde, 0xdbde, 0xdbde, 0xdbde, 0xdbde, 0xdbde, 0xdbde, 0xdbde, 0xdbde, 0xdbde, 0xdbde, 
  0xdbde, 0xdbde, 0xdbde, 0xdbde, 0xdbde, 0xdbde, 0xdbde, 0xdbde, 0xdbde, 0xdbde, 0xdbde, 0xdbde, 
  0xdbde, 0xdbde, 0xdbde, 0xdbde, 0xdbde, 0xdbde, 0xdbde, 0xdbde, 0xdbde, 0x79de, 0x71e4, 0x8ee3, 
  0x18de, 0xdbde, 0xdbde, 0xdbde, 0xdbde, 0xdbde, 0xdbde, 0xdbde, 0xdbde, 0xdbde, 0xdbde, 0xdbde, 
  0xdbde, 0xdbde, 0xdbde, 0xdbde, 0x96dd, 0x24f1, 0x61f0, 0x61f0, 0x10e4, 0xdbde, 0xdbde, 0xdbde, 
  0xdbde, 0xdbde, 0xdbde, 0xdbde, 0xdbde, 0xdbde, 0xdbde, 0xdbde, 0xdbde, 0xdbde, 0xdbde, 0xf7dd, 
  0x24f1, 0x61f0, 0x08ea, 0xd3e4, 0xdbde, 0xdbde, 0xdbde, 0xdbde, 0xdbde, 0xdbde, 0xdbde, 0xdbde, 
  0xdbde, 0xdbde, 0xdbde, 0xdbde, 0xdbde, 0xdbde, 0xdbde, 0x24f1, 0x61f0, 0x69ea, 0xdbde, 0xdbde, 
  0xdbde, 0xdbde, 0xdbde, 0xdbde, 0xdbde, 0xdbde, 0xdbde, 0xdbde, 0xdbde, 0xdbde, 0xdbde, 0xdbde, 
  0xdbde, 0xdbde, 0x71e4, 0x61f0, 0x45f1, 0x18de, 0xdbde, 0xdbde, 0xdbde, 0xdbde, 0xdbde, 0xdbde, 
  0xdbde, 0xdbde, 0xdbde, 0xdbde, 0xdbde, 0xdbde, 0xdbde, 0xdbde, 0xdbde, 0xdbde, 0x69ea, 0x61f0, 
  0x8ee3, 0xcbea, 0x24f1, 0x08ea, 0x71e4, 0xdbde, 0xdbde, 0xdbde, 0xdbde, 0xdbde, 0xdbde, 0xdbde, 
  0xdbde, 0xdbde, 0xdbde, 0xdbde, 0xdbde, 0xdbde, 0xc3f0, 0x61f0, 0xc3f0, 0x61f0, 0x61f0, 0x61f0, 
  0x61f0, 0x45f1, 0x79de, 0xdbde, 0xdbde, 0xdbde, 0xdbde, 0xdbde, 0xdbde, 0xdbde, 0xdbde, 0xdbde, 
  0xdbde, 0xdbde, 0x61f0, 0x61f0, 0x45f1, 0x34e5, 0xdbde, 0xf7dd, 0x24f1, 0x61f0, 0x8ee3, 0xdbde, 
  0xdbde, 0xdbde, 0xdbde, 0xdbde, 0xdbde, 0xdbde, 0xdbde, 0xdbde, 0xdbde, 0xdbde, 0xc3f0, 0x61f0, 
  0x96dd, 0xdbde, 0xdbde, 0xdbde, 0x34e5, 0x61f0, 0x69ea, 0xdbde, 0xdbde, 0xdbde, 0xdbde, 0xdbde, 
  0xdbde, 0xdbde, 0xdbde, 0xdbde, 0xdbde, 0xdbde, 0x08ea, 0x61f0, 0x34e5, 0xdbde, 0xdbde, 0xdbde, 
  0x96dd, 0x61f0, 0xa6f1, 0xdbde, 0xdbde, 0xdbde, 0xdbde, 0xdbde, 0xdbde, 0xdbde, 0xdbde, 0xdbde, 
  0xdbde, 0xdbde, 0x34e5, 0x61f0, 0xa6f1, 0x18de, 0xdbde, 0x79de, 0x69ea, 0x61f0, 0xcbea, 0xdbde, 
  0xdbde, 0xdbde, 0xdbde, 0xdbde, 0xdbde, 0xdbde, 0xdbde, 0xdbde, 0xdbde, 0xdbde, 0xdbde, 0x8eeb, 
  0x61f0, 0x61f0, 0x24f1, 0xc3f0, 0x61f0, 0x45f1, 0x18de, 0xdbde, 0xdbde, 0xdbde, 0xdbde, 0xdbde, 
  0xdbde, 0xdbde, 0xdbde, 0xdbde, 0xdbde, 0xdbde, 0xdbde, 0xdbde, 0x71e4, 0x86f1, 0x61f0, 0xc3f0, 
  0x08ea, 0x18de, 0xdbde, 0xdbde, 0xdbde, 0xdbde, 0xdbde, 0xdbde, 0xdbde, 0xdbde, 0xdbde, 0xdbde, 
  0xdbde, 0xdbde, 0xdbde, 0xdbde, 0xdbde, 0xdbde, 0xdbde, 0xdbde, 0xdbde, 0xdbde, 0xdbde, 0xdbde, 
  0xdbde, 0xdbde, 0xdbde, 0xdbde, 0xdbde, 0xdbde, 0xdbde, 0xdbde, 0xdbde, 0xdbde, 0xdbde, 0xdbde, 
  0xdbde, 0xdbde, 0xdbde, 0xdbde, 0xdbde, 0xdbde, 0xdbde, 0xdbde, 0xdbde, 0xdbde, 0xdbde, 0xdbde, 
  0xdbde, 0xdbde, 0xdbde, 0xdbde, 0xdbde, 0xdbde, 0xdbde, 0xdbde, 0xdbde, 0xdbde, 0xdbde, 0xdbde, 
  0xdbde, 0xdbde, 0xdbde, 0xdbde, 0xdbde, 0xdbde, 0xdbde, 0xdbde, 0xdbde, 0xdbde, 0xdbde, 0xdbde, 
  0xdbde, 0xdbde, 0xdbde, 0xdbde, 0xdbde, 0xdbde, 0xdbde, 0xdbde, 0xdbde, 0xdbde, 0xdbde, 0xdbde, 
  0xdbde, 0xdbde, 0xdbde, 0xdbde, 
};

const uint16_t _7[]  = {
  0xdbde, 0xdbde, 0xdbde, 0xdbde, 0xdbde, 0xdbde, 0xdbde, 0xdbde, 0xdbde, 0xdbde, 0xdbde, 0xdbde, 
  0xdbde, 0xdbde, 0xdbde, 0xdbde, 0xdbde, 0xdbde, 0xdbde, 0xdbde, 0xdbde, 0xdbde, 0xdbde, 0xdbde, 
  0xdbde, 0xdbde, 0xdbde, 0xdbde, 0xdbde, 0xdbde, 0xdbde, 0xdbde, 0xdbde, 0xdbde, 0xdbde, 0xdbde, 
  0xdbde, 0xdbde, 0xdbde, 0xdbde, 0xdbde, 0xdbde, 0xdbde, 0xdbde, 0xdbde, 0xdbde, 0xdbde, 0xdbde, 
  0xdbde, 0xdbde, 0xdbde, 0xdbde, 0xdbde, 0xdbde, 0xdbde, 0xdbde, 0xdbde, 0xdbde, 0xdbde, 0xdbde, 
  0xdbde, 0xdbde, 0xdbde, 0xdbde, 0xdbde, 0xdbde, 0xdbde, 0xdbde, 0xdbde, 0xdbde, 0xdbde, 0xdbde, 
  0xdbde, 0xdbde, 0xdbde, 0xdbde, 0xdbde, 0xdbde, 0xdbde, 0xdbde, 0xdbde, 0xdbde, 0xdbde, 0xdbde, 
  0xdbde, 0xdbde, 0xdbde, 0xdbde, 0xdbde, 0xdbde, 0xdbde, 0xdbde, 0xdbde, 0xdbde, 0xdbde, 0xdbde, 
  0xdbde, 0xdbde, 0xdbde, 0xdbde, 0xdbde, 0xdbde, 0xdbde, 0xdbde, 0xdbde, 0xdbde, 0xdbde, 0xdbde, 
  0xdbde, 0xdbde, 0xdbde, 0xdbde, 0xdbde, 0xdbde, 0xdbde, 0xdbde, 0xdbde, 0xdbde, 0xdbde, 0xdbde, 
  0xdbde, 0xdbde, 0xdbde, 0xdbde, 0xdbde, 0x18de, 0x96dd, 0xdbde, 0xdbde, 0xdbde, 0xdbde, 0x79de, 
  0x10e4, 0x71e4, 0x79de, 0xdbde, 0xdbde, 0xdbde, 0xdbde, 0xdbde, 0xdbde, 0xdbde, 0xdbde, 0xdbde, 
  0xdbde, 0x08ea, 0x61f0, 0x61f0, 0x24f1, 0x24f1, 0x24f1, 0x61f0, 0x61f0, 0x61f0, 0x10e4, 0xdbde, 
  0xdbde, 0xdbde, 0xdbde, 0xdbde, 0xdbde, 0xdbde, 0xdbde, 0xdbde, 0xdbde, 0xcbea, 0x61f0, 0xa6f1, 
  0x08ea, 0x24f1, 0x24f1, 0x08ea, 0xc3f0, 0x61f0, 0x96dd, 0xdbde, 0xdbde, 0xdbde, 0xdbde, 0xdbde, 
  0xdbde, 0xdbde, 0xdbde, 0xdbde, 0xdbde, 0x10e4, 0x61f0, 0xcbea, 0xdbde, 0xdbde, 0xdbde, 0x79de, 
  0x61f0, 0x45f1, 0xdbde, 0xdbde, 0xdbde, 0xdbde, 0xdbde, 0xdbde, 0xdbde, 0xdbde, 0xdbde, 0xdbde, 
  0xdbde, 0x79de, 0xc3f0, 0xc3f0, 0xdbde, 0xdbde, 0xdbde, 0x71e4, 0x61f0, 0xcbea, 0xdbde, 0xdbde, 
  0xdbde, 0xdbde, 0xdbde, 0xdbde, 0xdbde, 0xdbde, 0xdbde, 0xdbde, 0xdbde, 0xdbde, 0xd3e4, 0x69ea, 
  0xdbde, 0xdbde, 0xdbde, 0x69ea, 0x61f0, 0x96dd, 0xdbde, 0xdbde, 0xdbde, 0xdbde, 0xdbde, 0xdbde, 
  0xdbde, 0xdbde, 0xdbde, 0xdbde, 0xdbde, 0xdbde, 0xdbde, 0xdbde, 0xdbde, 0xdbde, 0xf7dd, 0x61f0, 
  0x45f1, 0xdbde, 0xdbde, 0xdbde, 0xdbde, 0xdbde, 0xdbde, 0xdbde, 0xdbde, 0xdbde, 0xdbde, 0xdbde, 
  0xdbde, 0xdbde, 0xdbde, 0xdbde, 0xdbde, 0xdbde, 0x71e4, 0x61f0, 0x71e4, 0xdbde, 0xdbde, 0xdbde, 
  0xdbde, 0xdbde, 0xdbde, 0xdbde, 0xdbde, 0xdbde, 0xdbde, 0xdbde, 0xdbde, 0xdbde, 0xdbde, 0xdbde, 
  0xdbde, 0xdbde, 0x24f1, 0x61f0, 0x18de, 0xdbde, 0xdbde, 0xdbde, 0xdbde, 0xdbde, 0xdbde, 0xdbde, 
  0xdbde, 0xdbde, 0xdbde, 0xdbde, 0xdbde, 0xdbde, 0xdbde, 0xdbde, 0xdbde, 0x34e5, 0x61f0, 0x08ea, 
  0xdbde, 0xdbde, 0xdbde, 0xdbde, 0xdbde, 0xdbde, 0xdbde, 0xdbde, 0xdbde, 0xdbde, 0xdbde, 0xdbde, 
  0xdbde, 0xdbde, 0xdbde, 0xdbde, 0xdbde, 0x2ceb, 0x61f0, 0x8ee3, 0xdbde, 0xdbde, 0xdbde, 0xdbde, 
  0xdbde, 0xdbde, 0xdbde, 0xdbde, 0xdbde, 0xdbde, 0xdbde, 0xdbde, 0xdbde, 0xdbde, 0xdbde, 0xdbde, 
  0xdbde, 0xa6f1, 0x61f0, 0x96dd, 0xdbde, 0xdbde, 0xdbde, 0xdbde, 0xdbde, 0xdbde, 0xdbde, 0xdbde, 
  0xdbde, 0xdbde, 0xdbde, 0xdbde, 0xdbde, 0xdbde, 0xdbde, 0xdbde, 0xdbde, 0x24f1, 0x69ea, 0xdbde, 
  0xdbde, 0xdbde, 0xdbde, 0xdbde, 0xdbde, 0xdbde, 0xdbde, 0xdbde, 0xdbde, 0xdbde, 0xdbde, 0xdbde, 
  0xdbde, 0xdbde, 0xdbde, 0xdbde, 0xdbde, 0xdbde, 0xdbde, 0xdbde, 0xdbde, 0xdbde, 0xdbde, 0xdbde, 
  0xdbde, 0xdbde, 0xdbde, 0xdbde, 0xdbde, 0xdbde, 0xdbde, 0xdbde, 0xdbde, 0xdbde, 0xdbde, 0xdbde, 
  0xdbde, 0xdbde, 0xdbde, 0xdbde, 0xdbde, 0xdbde, 0xdbde, 0xdbde, 0xdbde, 0xdbde, 0xdbde, 0xdbde, 
  0xdbde, 0xdbde, 0xdbde, 0xdbde, 0xdbde, 0xdbde, 0xdbde, 0xdbde, 0xdbde, 0xdbde, 0xdbde, 0xdbde, 
  0xdbde, 0xdbde, 0xdbde, 0xdbde, 0xdbde, 0xdbde, 0xdbde, 0xdbde, 0xdbde, 0xdbde, 0xdbde, 0xdbde, 
  0xdbde, 0xdbde, 0xdbde, 0xdbde, 0xdbde, 0xdbde, 0xdbde, 0xdbde, 0xdbde, 0xdbde, 0xdbde, 0xdbde, 
  0xdbde, 0xdbde, 0xdbde, 0xdbde, 
};

const uint16_t _8[]  = {
  0xdbde, 0xdbde, 0xdbde, 0xdbde, 0xdbde, 0xdbde, 0xdbde, 0xdbde, 0xdbde, 0xdbde, 0xdbde, 0xdbde, 
  0xdbde, 0xdbde, 0xdbde, 0xdbde, 0xdbde, 0xdbde, 0xdbde, 0xdbde, 0xdbde, 0xdbde, 0xdbde, 0xdbde, 
  0xdbde, 0xdbde, 0xdbde, 0xdbde, 0xdbde, 0xdbde, 0xdbde, 0xdbde, 0xdbde, 0xdbde, 0xdbde, 0xdbde, 
  0xdbde, 0xdbde, 0xdbde, 0xdbde, 0xdbde, 0xdbde, 0xdbde, 0xdbde, 0xdbde, 0xdbde, 0xdbde, 0xdbde, 
  0xdbde, 0xdbde, 0xdbde, 0xdbde, 0xdbde, 0xdbde, 0xdbde, 0xdbde, 0xdbde, 0xdbde, 0xdbde, 0xdbde, 
  0xdbde, 0xdbde, 0xdbde, 0xdbde, 0xdbde, 0xdbde, 0xdbde, 0xdbde, 0xdbde, 0xdbde, 0xdbde, 0xdbde, 
  0xdbde, 0xdbde, 0xdbde, 0xdbde, 0xdbde, 0xdbde, 0xdbde, 0xdbde, 0xdbde, 0xdbde, 0xdbde, 0xdbde, 
  0xdbde, 0xdbde, 0xdbde, 0xdbde, 0xdbde, 0xdbde, 0xdbde, 0xdbde, 0xdbde, 0xdbde, 0xdbde, 0xdbde, 
  0xdbde, 0xdbde, 0xdbde, 0xdbde, 0xdbde, 0xdbde, 0xdbde, 0xdbde, 0xdbde, 0xdbde, 0xdbde, 0xdbde, 
  0xdbde, 0xdbde, 0xdbde, 0xdbde, 0xdbde, 0xdbde, 0xdbde, 0xdbde, 0xdbde, 0xdbde, 0xdbde, 0xdbde, 
  0xdbde, 0xdbde, 0xdbde, 0xdbde, 0xdbde, 0xdbde, 0xdbde, 0xdbde, 0x34e5, 0x10e4, 0x8ee3, 0x10e4, 
  0x18de, 0xdbde, 0xdbde, 0xdbde, 0xdbde, 0xdbde, 0xdbde, 0xdbde, 0xdbde, 0xdbde, 0xdbde, 0xdbde, 
  0xdbde, 0xdbde, 0x79de, 0x08ea, 0x61f0, 0x61f0, 0x61f0, 0x61f0, 0x61f0, 0xaee3, 0xdbde, 0xdbde, 
  0xdbde, 0xdbde, 0xdbde, 0xdbde, 0xdbde, 0xdbde, 0xdbde, 0xdbde, 0xdbde, 0xdbde, 0xcbea, 0x61f0, 
  0xa6f1, 0x34e5, 0x18de, 0x34e5, 0xc3f0, 0x61f0, 0x79de, 0xdbde, 0xdbde, 0xdbde, 0xdbde, 0xdbde, 
  0xdbde, 0xdbde, 0xdbde, 0xdbde, 0xdbde, 0xdbde, 0x24f1, 0x61f0, 0x96dd, 0xdbde, 0xdbde, 0xdbde, 
  0xcbea, 0x61f0, 0x34e5, 0xdbde, 0xdbde, 0xdbde, 0xdbde, 0xdbde, 0xdbde, 0xdbde, 0xdbde, 0xdbde, 
  0xdbde, 0xdbde, 0x24f1, 0x61f0, 0x10e4, 0xdbde, 0xdbde, 0x79de, 0x24f1, 0x61f0, 0x18de, 0xdbde, 
  0xdbde, 0xdbde, 0xdbde, 0xdbde, 0xdbde, 0xdbde, 0xdbde, 0xdbde, 0xdbde, 0xdbde, 0xd3e4, 0x61f0, 
  0x61f0, 0xcbea, 0xd3e4, 0x24f1, 0x61f0, 0x8ee3, 0xdbde, 0xdbde, 0xdbde, 0xdbde, 0xdbde, 0xdbde, 
  0xdbde, 0xdbde, 0xdbde, 0xdbde, 0xdbde, 0xdbde, 0xdbde, 0xf7dd, 0x69ea, 0x61f0, 0x61f0, 0x61f0, 
  0x45f1, 0x18de, 0xdbde, 0xdbde, 0xdbde, 0xdbde, 0xdbde, 0xdbde, 0xdbde, 0xdbde, 0xdbde, 0xdbde, 
  0xdbde, 0xdbde, 0xdbde, 0xaeeb, 0x61f0, 0x61f0, 0x08ea, 0x24f1, 0x61f0, 0x61f0, 0xaee3, 0xdbde, 
  0xdbde, 0xdbde, 0xdbde, 0xdbde, 0xdbde, 0xdbde, 0xdbde, 0xdbde, 0xdbde, 0xdbde, 0xaeeb, 0x61f0, 
  0xc3f0, 0x71e4, 0xdbde, 0xdbde, 0x10e4, 0x61f0, 0x61f0, 0x79de, 0xdbde, 0xdbde, 0xdbde, 0xdbde, 
  0xdbde, 0xdbde, 0xdbde, 0xdbde, 0xdbde, 0xdbde, 0x61f0, 0x61f0, 0x96dd, 0xdbde, 0xdbde, 0xdbde, 
  0xdbde, 0xa6f1, 0x61f0, 0xd3e4, 0xdbde, 0xdbde, 0xdbde, 0xdbde, 0xdbde, 0xdbde, 0xdbde, 0xdbde, 
  0xdbde, 0x79de, 0x61f0, 0x61f0, 0x18de, 0xdbde, 0xdbde, 0xdbde, 0x34e5, 0x61f0, 0x61f0, 0x18de, 
  0xdbde, 0xdbde, 0xdbde, 0xdbde, 0xdbde, 0xdbde, 0xdbde, 0xdbde, 0xdbde, 0xdbde, 0x08ea, 0x61f0, 
  0x45f1, 0x69ea, 0xcbea, 0x08ea, 0x61f0, 0x61f0, 0x8ee3, 0xdbde, 0xdbde, 0xdbde, 0xdbde, 0xdbde, 
  0xdbde, 0xdbde, 0xdbde, 0xdbde, 0xdbde, 0xdbde, 0x79de, 0x8eeb, 0x86f1, 0x61f0, 0x61f0, 0xc3f0, 
  0x08ea, 0x34e5, 0xdbde, 0xdbde, 0xdbde, 0xdbde, 0xdbde, 0xdbde, 0xdbde, 0xdbde, 0xdbde, 0xdbde, 
  0xdbde, 0xdbde, 0xdbde, 0xdbde, 0xdbde, 0xdbde, 0xdbde, 0xdbde, 0xdbde, 0xdbde, 0xdbde, 0xdbde, 
  0xdbde, 0xdbde, 0xdbde, 0xdbde, 0xdbde, 0xdbde, 0xdbde, 0xdbde, 0xdbde, 0xdbde, 0xdbde, 0xdbde, 
  0xdbde, 0xdbde, 0xdbde, 0xdbde, 0xdbde, 0xdbde, 0xdbde, 0xdbde, 0xdbde, 0xdbde, 0xdbde, 0xdbde, 
  0xdbde, 0xdbde, 0xdbde, 0xdbde, 0xdbde, 0xdbde, 0xdbde, 0xdbde, 0xdbde, 0xdbde, 0xdbde, 0xdbde, 
  0xdbde, 0xdbde, 0xdbde, 0xdbde, 0xdbde, 0xdbde, 0xdbde, 0xdbde, 0xdbde, 0xdbde, 0xdbde, 0xdbde, 
  0xdbde, 0xdbde, 0xdbde, 0xdbde, 0xdbde, 0xdbde, 0xdbde, 0xdbde, 0xdbde, 0xdbde, 0xdbde, 0xdbde, 
  0xdbde, 0xdbde, 0xdbde, 0xdbde, 
};

const uint16_t _9[]  = {
  0xdbde, 0xdbde, 0xdbde, 0xdbde, 0xdbde, 0xdbde, 0xdbde, 0xdbde, 0xdbde, 0xdbde, 0xdbde, 0xdbde, 
  0xdbde, 0xdbde, 0xdbde, 0xdbde, 0xdbde, 0xdbde, 0xdbde, 0xdbde, 0xdbde, 0xdbde, 0xdbde, 0xdbde, 
  0xdbde, 0xdbde, 0xdbde, 0xdbde, 0xdbde, 0xdbde, 0xdbde, 0xdbde, 0xdbde, 0xdbde, 0xdbde, 0xdbde, 
  0xdbde, 0xdbde, 0xdbde, 0xdbde, 0xdbde, 0xdbde, 0xdbde, 0xdbde, 0xdbde, 0xdbde, 0xdbde, 0xdbde, 
  0xdbde, 0xdbde, 0xdbde, 0xdbde, 0xdbde, 0xdbde, 0xdbde, 0xdbde, 0xdbde, 0xdbde, 0xdbde, 0xdbde, 
  0xdbde, 0xdbde, 0xdbde, 0xdbde, 0xdbde, 0xdbde, 0xdbde, 0xdbde, 0xdbde, 0xdbde, 0xdbde, 0xdbde, 
  0xdbde, 0xdbde, 0xdbde, 0xdbde, 0xdbde, 0xdbde, 0xdbde, 0xdbde, 0xdbde, 0xdbde, 0xdbde, 0xdbde, 
  0xdbde, 0xdbde, 0xdbde, 0xdbde, 0xdbde, 0xdbde, 0xdbde, 0xdbde, 0xdbde, 0xdbde, 0xdbde, 0xdbde, 
  0xdbde, 0xdbde, 0xdbde, 0xdbde, 0xdbde, 0xdbde, 0xdbde, 0xdbde, 0xdbde, 0xdbde, 0xdbde, 0xdbde, 
  0xdbde, 0xdbde, 0xdbde, 0xdbde, 0xdbde, 0xdbde, 0xdbde, 0xdbde, 0xdbde, 0xdbde, 0xdbde, 0xdbde, 
  0xdbde, 0xdbde, 0xdbde, 0xdbde, 0xdbde, 0xdbde, 0xdbde, 0xdbde, 0x96dd, 0x10e4, 0x8ee3, 0xd3e4, 
  0xdbde, 0xdbde, 0xdbde, 0xdbde, 0xdbde, 0xdbde, 0xdbde, 0xdbde, 0xdbde, 0xdbde, 0xdbde, 0xdbde, 
  0xdbde, 0xdbde, 0x79de, 0xcbea, 0x61f0, 0x61f0, 0x61f0, 0x61f0, 0x45f1, 0x18de, 0xdbde, 0xdbde, 
  0xdbde, 0xdbde, 0xdbde, 0xdbde, 0xdbde, 0xdbde, 0xdbde, 0xdbde, 0xdbde, 0xdbde, 0xcbea, 0x61f0, 
  0x08ea, 0xd3e4, 0x34e5, 0xcbea, 0x61f0, 0x08ea, 0xdbde, 0xdbde, 0xdbde, 0xdbde, 0xdbde, 0xdbde, 
  0xdbde, 0xdbde, 0xdbde, 0xdbde, 0xdbde, 0xf7dd, 0x61f0, 0x45f1, 0xdbde, 0xdbde, 0xdbde, 0xdbde, 
  0xc3f0, 0x61f0, 0x34e5, 0xdbde, 0xdbde, 0xdbde, 0xdbde, 0xdbde, 0xdbde, 0xdbde, 0xdbde, 0xdbde, 
  0xdbde, 0x96dd, 0x61f0, 0xa6f1, 0xdbde, 0xdbde, 0xdbde, 0xdbde, 0x69ea, 0x61f0, 0x71e4, 0xdbde, 
  0xdbde, 0xdbde, 0xdbde, 0xdbde, 0xdbde, 0xdbde, 0xdbde, 0xdbde, 0xdbde, 0x79de, 0x61f0, 0xc3f0, 
  0x18de, 0xdbde, 0xdbde, 0xf7dd, 0x24f1, 0x61f0, 0x8ee3, 0xdbde, 0xdbde, 0xdbde, 0xdbde, 0xdbde, 
  0xdbde, 0xdbde, 0xdbde, 0xdbde, 0xdbde, 0xdbde, 0x08ea, 0x61f0, 0x45f1, 0x2ceb, 0x2ceb, 0xc3f0, 
  0x61f0, 0x61f0, 0x71e4, 0xdbde, 0xdbde, 0xdbde, 0xdbde, 0xdbde, 0xdbde, 0xdbde, 0xdbde, 0xdbde, 
  0xdbde, 0xdbde, 0x79de, 0xcbea, 0x61f0, 0x61f0, 0x61f0, 0x45f1, 0x61f0, 0x61f0, 0x34e5, 0xdbde, 
  0xdbde, 0xdbde, 0xdbde, 0xdbde, 0xdbde, 0xdbde, 0xdbde, 0xdbde, 0xdbde, 0xdbde, 0xdbde, 0xdbde, 
  0xf7dd, 0x34e5, 0x18de, 0x96dd, 0x61f0, 0x45f1, 0xdbde, 0xdbde, 0xdbde, 0xdbde, 0xdbde, 0xdbde, 
  0xdbde, 0xdbde, 0xdbde, 0xdbde, 0xdbde, 0xdbde, 0xdbde, 0xdbde, 0xdbde, 0xdbde, 0x79de, 0x24f1, 
  0x61f0, 0x71e4, 0xdbde, 0xdbde, 0xdbde, 0xdbde, 0xdbde, 0xdbde, 0xdbde, 0xdbde, 0xdbde, 0xdbde, 
  0xdbde, 0xdbde, 0xdbde, 0xdbde, 0xdbde, 0xf7dd, 0xa6f1, 0x61f0, 0x45f1, 0xdbde, 0xdbde, 0xdbde, 
  0xdbde, 0xdbde, 0xdbde, 0xdbde, 0xdbde, 0xdbde, 0xdbde, 0xdbde, 0xdbde, 0xdbde, 0xdbde, 0x79de, 
  0x08ea, 0x61f0, 0x61f0, 0x45f1, 0x18de, 0xdbde, 0xdbde, 0xdbde, 0xdbde, 0xdbde, 0xdbde, 0xdbde, 
  0xdbde, 0xdbde, 0xdbde, 0xdbde, 0xdbde, 0xdbde, 0xdbde, 0x79de, 0x24f1, 0xc3f0, 0x69ea, 0x18de, 
  0xdbde, 0xdbde, 0xdbde, 0xdbde, 0xdbde, 0xdbde, 0xdbde, 0xdbde, 0xdbde, 0xdbde, 0xdbde, 0xdbde, 
  0xdbde, 0xdbde, 0xdbde, 0xdbde, 0xdbde, 0xdbde, 0xdbde, 0xdbde, 0xdbde, 0xdbde, 0xdbde, 0xdbde, 
  0xdbde, 0xdbde, 0xdbde, 0xdbde, 0xdbde, 0xdbde, 0xdbde, 0xdbde, 0xdbde, 0xdbde, 0xdbde, 0xdbde, 
  0xdbde, 0xdbde, 0xdbde, 0xdbde, 0xdbde, 0xdbde, 0xdbde, 0xdbde, 0xdbde, 0xdbde, 0xdbde, 0xdbde, 
  0xdbde, 0xdbde, 0xdbde, 0xdbde, 0xdbde, 0xdbde, 0xdbde, 0xdbde, 0xdbde, 0xdbde, 0xdbde, 0xdbde, 
  0xdbde, 0xdbde, 0xdbde, 0xdbde, 0xdbde, 0xdbde, 0xdbde, 0xdbde, 0xdbde, 0xdbde, 0xdbde, 0xdbde, 
  0xdbde, 0xdbde, 0xdbde, 0xdbde, 0xdbde, 0xdbde, 0xdbde, 0xdbde, 0xdbde, 0xdbde, 0xdbde, 0xdbde, 
  0xdbde, 0xdbde, 0xdbde, 0xdbde, 
};

const uint16_t bg[]  = {
  0x0000, 0x0000, 0x6a62, 0x6a62, 0x6a62, 0x6a62, 0x6a62, 0x6a62, 0x6a62, 0x6a62, 0x6a62, 0x6a62, 
  0x6a62, 0x6a62, 0x6a62, 0x6a62, 0x6a62, 0x6a62, 0x6a62, 0x6a62, 0x6a62, 0x6a62, 0x6a62, 0x6a62, 
  0x6a62, 0x6a62, 0x6a62, 0x6a62, 0x6a62, 0x6a62, 0x6a62, 0x6a62, 0x6a62, 0x6a62, 0x6a62, 0x6a62, 
  0x6a62, 0x6a62, 0x6a62, 0x6a62, 0x6a62, 0x6a62, 0x6a62, 0x6a62, 0x6a62, 0x6a62, 0x6a62, 0x6a62, 
  0x6a62, 0x6a62, 0x6a62, 0x6a62, 0x6a62, 0x6a62, 0x6a62, 0x6a62, 0x6a62, 0x6a62, 0x6a62, 0x6a62, 
  0x6a62, 0x6a62, 0x6a62, 0x6a62, 0x6a62, 0x6a62, 0x6a62, 0x6a62, 0x6a62, 0x6a62, 0x6a62, 0x6a62, 
  0x6a62, 0x6a62, 0x6a62, 0x6a62, 0x6a62, 0x6a62, 0x6a62, 0x6a62, 0x6a62, 0x6a62, 0x6a62, 0x6a62, 
  0x6a62, 0x6a62, 0x6a62, 0x6a62, 0x6a62, 0x6a62, 0x6a62, 0x6a62, 0x6a62, 0x6a62, 0x6a62, 0x6a62, 
  0x6a62, 0x6a62, 0x6a62, 0x6a62, 0x6a62, 0x6a62, 0x6a62, 0x6a62, 0x6a62, 0x6a62, 0x6a62, 0x6a62, 
  0x6a62, 0x6a62, 0x6a62, 0x6a62, 0x6a62, 0x6a62, 0x6a62, 0x6a62, 0x6a62, 0x6a62, 0x6a62, 0x6a62, 
  0x6a62, 0x6a62, 0x6a62, 0x6a62, 0x6a62, 0x6a62, 0x6a62, 0x6a62, 0x6a62, 0x6a62, 0x6a62, 0x6a62, 
  0x6a62, 0x6a62, 0x6a62, 0x6a62, 0x6a62, 0x6a62, 0x6a62, 0x6a62, 0x6a62, 0x6a62, 0x6a62, 0x6a62, 
  0x6a62, 0x6a62, 0x6a62, 0x6a62, 0x6a62, 0x6a62, 0x6a62, 0x6a62, 0x6a62, 0x6a62, 0x6a62, 0x6a62, 
  0x6a62, 0x6a62, 0x6a62, 0x6a62, 0x6a62, 0x6a62, 0x6a62, 0x6a62, 0x6a62, 0x6a62, 0x6a62, 0x6a62, 
  0x6a62, 0x6a62, 0x6a62, 0x6a62, 0x6a62, 0x6a62, 0x6a62, 0x6a62, 0x6a62, 0x6a62, 0x6a62, 0x6a62, 
  0x6a62, 0x6a62, 0x6a62, 0x6a62, 0x6a62, 0x6a62, 0x6a62, 0x6a62, 0x6a62, 0x6a62, 0x6a62, 0x6a62, 
  0x6a62, 0x6a62, 0x6a62, 0x6a62, 0x6a62, 0x6a62, 0x6a62, 0x6a62, 0x6a62, 0x6a62, 0x6a62, 0x6a62, 
  0x6a62, 0x6a62, 0x6a62, 0x6a62, 0x6a62, 0x6a62, 0x6a62, 0x6a62, 0x6a62, 0x6a62, 0x6a62, 0x6a62, 
  0x6a62, 0x6a62, 0x6a62, 0x6a62, 0x6a62, 0x6a62, 0x6a62, 0x6a62, 0x6a62, 0x6a62, 0x6a62, 0x6a62, 
  0x6a62, 0x6a62, 0x6a62, 0x6a62, 0x6a62, 0x6a62, 0x6a62, 0x6a62, 0x6a62, 0x6a62, 0x6a62, 0x6a62, 
  0x6a62, 0x6a62, 0x6a62, 0x6a62, 0x6a62, 0x6a62, 0x6a62, 0x6a62, 0x6a62, 0x6a62, 0x6a62, 0x6a62, 
  0x6a62, 0x6a62, 0x6a62, 0x6a62, 0x6a62, 0x6a62, 0x6a62, 0x6a62, 0x6a62, 0x6a62, 0x6a62, 0x6a62, 
  0x6a62, 0x6a62, 0x6a62, 0x6a62, 0x6a62, 0x6a62, 0x6a62, 0x6a62, 0x6a62, 0x6a62, 0x6a62, 0x6a62, 
  0x6a62, 0x6a62, 0x6a62, 0x6a62, 0x6a62, 0x6a62, 0x6a62, 0x6a62, 0x6a62, 0x6a62, 0x6a62, 0x6a62, 
  0x6a62, 0x6a62, 0x6a62, 0x6a62, 0x6a62, 0x6a62, 0x6a62, 0x6a62, 0x6a62, 0x6a62, 0x6a62, 0x6a62, 
  0x6a62, 0x6a62, 0x6a62, 0x6a62, 0x6a62, 0x6a62, 0x6a62, 0x6a62, 0x6a62, 0x6a62, 0x6a62, 0x6a62, 
  0x6a62, 0x6a62, 0x6a62, 0x6a62, 0x6a62, 0x6a62, 0x0000, 0x0000, 0x0000, 0x8a62, 0x6a62, 0x8b52, 
  0x8c52, 0x8c4a, 0x8c4a, 0x8c4a, 0x8c4a, 0x8c4a, 0x8c4a, 0x8c4a, 0x8c4a, 0x8c4a, 0x8c4a, 0x8c4a, 
  0x8c4a, 0x8c4a, 0x8c4a, 0x8c4a, 0x8c4a, 0x8c4a, 0x8c4a, 0x8c4a, 0x8c4a, 0x8c4a, 0x8c4a, 0x8c4a, 
  0x8c4a, 0x8c4a, 0x8c4a, 0x8c4a, 0x8c4a, 0x8c4a, 0x8c4a, 0x8c4a, 0x8c4a, 0x8c4a, 0x8c4a, 0x8c4a, 
  0x8c4a, 0x8c4a, 0x8c4a, 0x8c4a, 0x8c4a, 0x8c4a, 0x8c4a, 0x8c4a, 0x8c4a, 0x8c4a, 0x8c4a, 0x8c4a, 
  0x8c4a, 0x8c4a, 0x8c4a, 0x8c4a, 0x8c4a, 0x8c4a, 0x8c4a, 0x8c4a, 0x8c4a, 0x8c4a, 0x8c4a, 0x8c4a, 
  0x8c4a, 0x8c4a, 0x8c4a, 0x8c4a, 0x8c4a, 0x8c4a, 0x8c4a, 0x8c4a, 0x8c4a, 0x8c4a, 0x8c4a, 0x8c4a, 
  0x8c4a, 0x8c4a, 0x8c4a, 0x8c4a, 0x8c4a, 0x8c4a, 0x8c4a, 0x8c4a, 0x8c4a, 0x8c4a, 0x8c4a, 0x8c4a, 
  0x8c4a, 0x8c4a, 0x8c4a, 0x8c4a, 0x8c4a, 0x8c4a, 0x8c4a, 0x8c4a, 0x8c4a, 0x8c4a, 0x8c4a, 0x8c4a, 
  0x8c4a, 0x8c4a, 0x8c4a, 0x8c4a, 0x8c4a, 0x8c4a, 0x8c4a, 0x8c4a, 0x8c4a, 0x8c4a, 0x8c4a, 0x8c4a, 
  0x8c4a, 0x8c4a, 0x8c4a, 0x8c4a, 0x8c4a, 0x8c4a, 0x8c4a, 0x8c4a, 0x8c4a, 0x8c4a, 0x8c4a, 0x8c4a, 
  0x8c4a, 0x8c4a, 0x8c4a, 0x8c4a, 0x8c4a, 0x8c4a, 0x8c4a, 0x8c4a, 0x8c4a, 0x8c4a, 0x8c4a, 0x8c4a, 
  0x8c4a, 0x8c4a, 0x8c4a, 0x8c4a, 0x8c4a, 0x8c4a, 0x8c4a, 0x8c4a, 0x8c4a, 0x8c4a, 0x8c4a, 0x8c4a, 
  0x8c4a, 0x8c4a, 0x8c4a, 0x8c4a, 0x8c4a, 0x8c4a, 0x8c4a, 0x8c4a, 0x8c4a, 0x8c4a, 0x8c4a, 0x8c4a, 
  0x8c4a, 0x8c4a, 0x8c4a, 0x8c4a, 0x8c4a, 0x8c4a, 0x8c4a, 0x8c4a, 0x8c4a, 0x8c4a, 0x8c4a, 0x8c4a, 
  0x8c4a, 0x8c4a, 0x8c4a, 0x8c4a, 0x8c4a, 0x8c4a, 0x8c4a, 0x8c4a, 0x8c4a, 0x8c4a, 0x8c4a, 0x8c4a, 
  0x8c4a, 0x8c4a, 0x8c4a, 0x8c4a, 0x8c4a, 0x8c4a, 0x8c4a, 0x8c4a, 0x8c4a, 0x8c4a, 0x8c4a, 0x8c4a, 
  0x8c4a, 0x8c4a, 0x8c4a, 0x8c4a, 0x8c4a, 0x8c4a, 0x8c4a, 0x8c4a, 0x8c4a, 0x8c4a, 0x8c4a, 0x8c4a, 
  0x8c4a, 0x8c4a, 0x8c4a, 0x8c4a, 0x8c4a, 0x8c4a, 0x8c4a, 0x8c4a, 0x8c4a, 0x8c4a, 0x8c4a, 0x8c4a, 
  0x8c4a, 0x8c4a, 0x8c4a, 0x8c4a, 0x8c4a, 0x8c4a, 0x8c4a, 0x8c4a, 0x8c4a, 0x8c4a, 0x8c4a, 0x8c4a, 
  0x8c4a, 0x8c4a, 0x8c4a, 0x8c4a, 0x8c4a, 0x8c4a, 0x8c4a, 0x8c4a, 0x8c4a, 0x8c4a, 0x8c4a, 0x8c4a, 
  0x8c4a, 0x8c4a, 0x8c4a, 0x8c4a, 0x8c4a, 0x8c4a, 0x8c4a, 0x8c4a, 0x8c4a, 0x8c4a, 0x8c4a, 0x8c4a, 
  0x8c4a, 0x8c4a, 0x8c4a, 0x8c4a, 0x8c4a, 0x8c4a, 0x8c4a, 0x8c4a, 0x8c4a, 0x8c4a, 0x8c4a, 0x8c4a, 
  0x8c4a, 0x8c4a, 0x8c4a, 0x8c4a, 0x8c4a, 0x8c4a, 0x8c4a, 0x8c4a, 0x8c4a, 0x8c4a, 0x8c4a, 0x8c4a, 
  0x8c4a, 0x8c4a, 0x8c4a, 0x8c4a, 0x8c4a, 0x8c4a, 0x8c4a, 0x8c4a, 0x8c4a, 0x8c4a, 0x8c4a, 0x8c4a, 
  0x8c4a, 0x8c4a, 0x8c4a, 0x8c4a, 0x8c4a, 0x8c4a, 0x8c4a, 0x8c4a, 0x8c4a, 0x8c4a, 0x8c4a, 0x8c4a, 
  0x8c4a, 0x8c4a, 0x8c4a, 0x8c4a, 0x8c4a, 0x8c4a, 0x8c4a, 0x8c4a, 0x8c4a, 0x8c4a, 0x8c4a, 0x8c4a, 
  0x8b52, 0x6a62, 0x6a62, 0x0000, 0x6a62, 0x6a62, 0x8c52, 0x8c4a, 0x8c4a, 0x8c4a, 0x8c4a, 0x8c4a, 
  0x8c4a, 0x8c4a, 0x8c4a, 0x8c4a, 0x8c4a, 0x8c4a, 0x8c4a, 0x8c4a, 0x8c4a, 0x8c4a, 0x8c4a, 0x8c4a, 
  0x8c4a, 0x8c4a, 0x8c4a, 0x8c4a, 0x8c4a, 0x8c4a, 0x8c4a, 0x8c4a, 0x8c4a, 0x8c4a, 0x8c4a, 0x8c4a, 
  0x8c4a, 0x8c4a, 0x8c4a, 0x8c4a, 0x8c4a, 0x8c4a, 0x8c4a, 0x8c4a, 0x8c4a, 0x8c4a, 0x8c4a, 0x8c4a, 
  0x8c4a, 0x8c4a, 0x8c4a, 0x8c4a, 0x8c4a, 0x8c4a, 0x8c4a, 0x8c4a, 0x8c4a, 0x8c4a, 0x8c4a, 0x8c4a, 
  0x8c4a, 0x8c4a, 0x8c4a, 0x8c4a, 0x8c4a, 0x8c4a, 0x8c4a, 0x8c4a, 0x8c4a, 0x8c4a, 0x8c4a, 0x8c4a, 
  0x8c4a, 0x8c4a, 0x8c4a, 0x8c4a, 0x8c4a, 0x8c4a, 0x8c4a, 0x8c4a, 0x8c4a, 0x8c4a, 0x8c4a, 0x8c4a, 
  0x8c4a, 0x8c4a, 0x8c4a, 0x8c4a, 0x8c4a, 0x8c4a, 0x8c4a, 0x8c4a, 0x8c4a, 0x8c4a, 0x8c4a, 0x8c4a, 
  0x8c4a, 0x8c4a, 0x8c4a, 0x8c4a, 0x8c4a, 0x8c4a, 0x8c4a, 0x8c4a, 0x8c4a, 0x8c4a, 0x8c4a, 0x8c4a, 
  0x8c4a, 0x8c4a, 0x8c4a, 0x8c4a, 0x8c4a, 0x8c4a, 0x8c4a, 0x8c4a, 0x8c4a, 0x8c4a, 0x8c4a, 0x8c4a, 
  0x8c4a, 0x8c4a, 0x8c4a, 0x8c4a, 0x8c4a, 0x8c4a, 0x8c4a, 0x8c4a, 0x8c4a, 0x8c4a, 0x8c4a, 0x8c4a, 
  0x8c4a, 0x8c4a, 0x8c4a, 0x8c4a, 0x8c4a, 0x8c4a, 0x8c4a, 0x8c4a, 0x8c4a, 0x8c4a, 0x8c4a, 0x8c4a, 
  0x8c4a, 0x8c4a, 0x8c4a, 0x8c4a, 0x8c4a, 0x8c4a, 0x8c4a, 0x8c4a, 0x8c4a, 0x8c4a, 0x8c4a, 0x8c4a, 
  0x8c4a, 0x8c4a, 0x8c4a, 0x8c4a, 0x8c4a, 0x8c4a, 0x8c4a, 0x8c4a, 0x8c4a, 0x8c4a, 0x8c4a, 0x8c4a, 
  0x8c4a, 0x8c4a, 0x8c4a, 0x8c4a, 0x8c4a, 0x8c4a, 0x8c4a, 0x8c4a, 0x8c4a, 0x8c4a, 0x8c4a, 0x8c4a, 
  0x8c4a, 0x8c4a, 0x8c4a, 0x8c4a, 0x8c4a, 0x8c4a, 0x8c4a, 0x8c4a, 0x8c4a, 0x8c4a, 0x8c4a, 0x8c4a, 
  0x8c4a, 0x8c4a, 0x8c4a, 0x8c4a, 0x8c4a, 0x8c4a, 0x8c4a, 0x8c4a, 0x8c4a, 0x8c4a, 0x8c4a, 0x8c4a, 
  0x8c4a, 0x8c4a, 0x8c4a, 0x8c4a, 0x8c4a, 0x8c4a, 0x8c4a, 0x8c4a, 0x8c4a, 0x8c4a, 0x8c4a, 0x8c4a, 
  0x8c4a, 0x8c4a, 0x8c4a, 0x8c4a, 0x8c4a, 0x8c4a, 0x8c4a, 0x8c4a, 0x8c4a, 0x8c4a, 0x8c4a, 0x8c4a, 
  0x8c4a, 0x8c4a, 0x8c4a, 0x8c4a, 0x8c4a, 0x8c4a, 0x8c4a, 0x8c4a, 0x8c4a, 0x8c4a, 0x8c4a, 0x8c4a, 
  0x8c4a, 0x8c4a, 0x8c4a, 0x8c4a, 0x8c4a, 0x8c4a, 0x8c4a, 0x8c4a, 0x8c4a, 0x8c4a, 0x8c4a, 0x8c4a, 
  0x8c4a, 0x8c4a, 0x8c4a, 0x8c4a, 0x8c4a, 0x8c4a, 0x8c4a, 0x8c4a, 0x8c4a, 0x8c4a, 0x8c4a, 0x8c4a, 
  0x8c4a, 0x8c4a, 0x8c4a, 0x8c4a, 0x8c4a, 0x8c4a, 0x8c4a, 0x8c4a, 0x8c4a, 0x8c4a, 0x8c4a, 0x8c4a, 
  0x8c4a, 0x8c4a, 0x8c4a, 0x8c4a, 0x8c4a, 0x8c4a, 0x8c4a, 0x8c4a, 0x8c4a, 0x8c4a, 0x8c4a, 0x8c4a, 
  0x8c4a, 0x8c4a, 0x8c4a, 0x8c4a, 0x8c4a, 0x8c4a, 0x8c4a, 0x8c4a, 0x8c4a, 0x8c4a, 0x8c4a, 0x8c4a, 
  0x8c4a, 0x8c4a, 0x8c4a, 0x8c4a, 0x8c4a, 0x8c4a, 0x8c4a, 0x8c4a, 0x8c4a, 0x8c4a, 0x8c4a, 0x8c4a, 
  0x8c4a, 0x8c4a, 0x8c4a, 0x8c4a, 0x8c4a, 0x8c4a, 0x8c4a, 0x8c4a, 0x8c4a, 0x8c52, 0x6a62, 0x6a62, 
  0x6a62, 0x8b52, 0x8c4a, 0x8c4a, 0x8c4a, 0x8c4a, 0x8c4a, 0x8c4a, 0x8c4a, 0x8c4a, 0x8c4a, 0x8c4a, 
  0x8c4a, 0x8c4a, 0x8c4a, 0x8c4a, 0x8c4a, 0x8c4a, 0x8c4a, 0x8c4a, 0x8c4a, 0x8c4a, 0x8c4a, 0x8c4a, 
  0x8c4a, 0x8c4a, 0x8c4a, 0x8c4a, 0x8c4a, 0x8c4a, 0x8c4a, 0x8c4a, 0x8c4a, 0x8c4a, 0x8c4a, 0x8c4a, 
  0x8c4a, 0x8c4a, 0x8c4a, 0x8c4a, 0x8c4a, 0x8c4a, 0x8c4a, 0x8c4a, 0x8c4a, 0x8c4a, 0x8c4a, 0x8c4a, 
  0x8c4a, 0x8c4a, 0x8c4a, 0x8c4a, 0x8c4a, 0x8c4a, 0x8c4a, 0x8c4a, 0x8c4a, 0x8c4a, 0x8c4a, 0x8c4a, 
  0x8c4a, 0x8c4a, 0x8c4a, 0x8c4a, 0x8c4a, 0x8c4a, 0x8c4a, 0x8c4a, 0x8c4a, 0x8c4a, 0x8c4a, 0x8c4a, 
  0x8c4a, 0x8c4a, 0x8c4a, 0x8c4a, 0x8c4a, 0x8c4a, 0x8c4a, 0x8c4a, 0x8c4a, 0x8c4a, 0x8c4a, 0x8c4a, 
  0x8c4a, 0x8c4a, 0x8c4a, 0x8c4a, 0x8c4a, 0x8c4a, 0x8c4a, 0x8c4a, 0x8c4a, 0x8c4a, 0x8c4a, 0x8c4a, 
  0x8c4a, 0x8c4a, 0x8c4a, 0x8c4a, 0x8c4a, 0x8c4a, 0x8c4a, 0x8c4a, 0x8c4a, 0x8c4a, 0x8c4a, 0x8c4a, 
  0x8c4a, 0x8c4a, 0x8c4a, 0x8c4a, 0x8c4a, 0x8c4a, 0x8c4a, 0x8c4a, 0x8c4a, 0x8c4a, 0x8c4a, 0x8c4a, 
  0x8c4a, 0x8c4a, 0x8c4a, 0x8c4a, 0x8c4a, 0x8c4a, 0x8c4a, 0x8c4a, 0x8c4a, 0x8c4a, 0x8c4a, 0x8c4a, 
  0x8c4a, 0x8c4a, 0x8c4a, 0x8c4a, 0x8c4a, 0x8c4a, 0x8c4a, 0x8c4a, 0x8c4a, 0x8c4a, 0x8c4a, 0x8c4a, 
  0x8c4a, 0x8c4a, 0x8c4a, 0x8c4a, 0x8c4a, 0x8c4a, 0x8c4a, 0x8c4a, 0x8c4a, 0x8c4a, 0x8c4a, 0x8c4a, 
  0x8c4a, 0x8c4a, 0x8c4a, 0x8c4a, 0x8c4a, 0x8c4a, 0x8c4a, 0x8c4a, 0x8c4a, 0x8c4a, 0x8c4a, 0x8c4a, 
  0x8c4a, 0x8c4a, 0x8c4a, 0x8c4a, 0x8c4a, 0x8c4a, 0x8c4a, 0x8c4a, 0x8c4a, 0x8c4a, 0x8c4a, 0x8c4a, 
  0x8c4a, 0x8c4a, 0x8c4a, 0x8c4a, 0x8c4a, 0x8c4a, 0x8c4a, 0x8c4a, 0x8c4a, 0x8c4a, 0x8c4a, 0x8c4a, 
  0x8c4a, 0x8c4a, 0x8c4a, 0x8c4a, 0x8c4a, 0x8c4a, 0x8c4a, 0x8c4a, 0x8c4a, 0x8c4a, 0x8c4a, 0x8c4a, 
  0x8c4a, 0x8c4a, 0x8c4a, 0x8c4a, 0x8c4a, 0x8c4a, 0x8c4a, 0x8c4a, 0x8c4a, 0x8c4a, 0x8c4a, 0x8c4a, 
  0x8c4a, 0x8c4a, 0x8c4a, 0x8c4a, 0x8c4a, 0x8c4a, 0x8c4a, 0x8c4a, 0x8c4a, 0x8c4a, 0x8c4a, 0x8c4a, 
  0x8c4a, 0x8c4a, 0x8c4a, 0x8c4a, 0x8c4a, 0x8c4a, 0x8c4a, 0x8c4a, 0x8c4a, 0x8c4a, 0x8c4a, 0x8c4a, 
  0x8c4a, 0x8c4a, 0x8c4a, 0x8c4a, 0x8c4a, 0x8c4a, 0x8c4a, 0x8c4a, 0x8c4a, 0x8c4a, 0x8c4a, 0x8c4a, 
  0x8c4a, 0x8c4a, 0x8c4a, 0x8c4a, 0x8c4a, 0x8c4a, 0x8c4a, 0x8c4a, 0x8c4a, 0x8c4a, 0x8c4a, 0x8c4a, 
  0x8c4a, 0x8c4a, 0x8c4a, 0x8c4a, 0x8c4a, 0x8c4a, 0x8c4a, 0x8c4a, 0x8c4a, 0x8c4a, 0x8c4a, 0x8c4a, 
  0x8c4a, 0x8c4a, 0x8c4a, 0x8c4a, 0x8c4a, 0x8c4a, 0x8c4a, 0x8c4a, 0x8c4a, 0x8c4a, 0x8c4a, 0x8c4a, 
  0x8c4a, 0x8c4a, 0x8c4a, 0x8c4a, 0x8c4a, 0x8c4a, 0x8c4a, 0x8c4a, 0x8c4a, 0x8c4a, 0x8c4a, 0x8c4a, 
  0x8c4a, 0x8c4a, 0x8c4a, 0x8c4a, 0x8c4a, 0x8c4a, 0x8c4a, 0x8c4a, 0x8c4a, 0x8c4a, 0x8c4a, 0x8c4a, 
  0x8c4a, 0x8c4a, 0x8c4a, 0x8c4a, 0x8c4a, 0x8c4a, 0x8b52, 0x6a62, 0x6a62, 0x8c4a, 0x8c4a, 0x8c4a, 
  0x8c4a, 0x8c4a, 0x8c4a, 0x8c4a, 0x8c4a, 0x8c4a, 0x8c4a, 0x8c4a, 0x8c4a, 0x8c4a, 0x8c4a, 0x8c4a, 
  0x8c4a, 0x8c4a, 0x8c4a, 0x8c4a, 0x8c4a, 0x8c4a, 0x8c4a, 0x8c4a, 0x8c4a, 0x8c4a, 0x8c4a, 0x8c4a, 
  0x8c4a, 0x8c4a, 0x8c4a, 0x8c4a, 0x8c4a, 0x8c4a, 0x8c4a, 0x8c4a, 0x8c4a, 0x8c4a, 0x8c4a, 0x8c4a, 
  0x8c4a, 0x8c4a, 0x8c4a, 0x8c4a, 0x8c4a, 0x8c4a, 0x8c4a, 0x8c4a, 0x8c4a, 0x8c4a, 0x8c4a, 0x8c4a, 
  0x8c4a, 0x8c4a, 0x8c4a, 0x8c4a, 0x8c4a, 0x8c4a, 0x8c4a, 0x8c4a, 0x8c4a, 0x8c4a, 0x8c4a, 0x8c4a, 
  0x8c4a, 0x8c4a, 0x8c4a, 0x8c4a, 0x8c4a, 0x8c4a, 0x8c4a, 0x8c4a, 0x8c4a, 0x8c4a, 0x8c4a, 0x8c4a, 
  0x8c4a, 0x8c4a, 0x8c4a, 0x8c4a, 0x8c4a, 0x8c4a, 0x8c4a, 0x8c4a, 0x8c4a, 0x8c4a, 0x8c4a, 0x8c4a, 
  0x8c4a, 0x8c4a, 0x8c4a, 0x8c4a, 0x8c4a, 0x8c4a, 0x8c4a, 0x8c4a, 0x8c4a, 0x8c4a, 0x8c4a, 0x8c4a, 
  0x8c4a, 0x8c4a, 0x8c4a, 0x8c4a, 0x8c4a, 0x8c4a, 0x8c4a, 0x8c4a, 0x8c4a, 0x8c4a, 0x8c4a, 0x8c4a, 
  0x8c4a, 0x8c4a, 0x8c4a, 0x8c4a, 0x8c4a, 0x8c4a, 0x8c4a, 0x8c4a, 0x8c4a, 0x8c4a, 0x8c4a, 0x8c4a, 
  0x8c4a, 0x8c4a, 0x8c4a, 0x8c4a, 0x8c4a, 0x8c4a, 0x8c4a, 0x8c4a, 0x8c4a, 0x8c4a, 0x8c4a, 0x8c4a, 
  0x8c4a, 0x8c4a, 0x8c4a, 0x8c4a, 0x8c4a, 0x8c4a, 0x8c4a, 0x8c4a, 0x8c4a, 0x8c4a, 0x8c4a, 0x8c4a, 
  0x8c4a, 0x8c4a, 0x8c4a, 0x8c4a, 0x8c4a, 0x8c4a, 0x8c4a, 0x8c4a, 0x8c4a, 0x8c4a, 0x8c4a, 0x8c4a, 
  0x8c4a, 0x8c4a, 0x8c4a, 0x8c4a, 0x8c4a, 0x8c4a, 0x8c4a, 0x8c4a, 0x8c4a, 0x8c4a, 0x8c4a, 0x8c4a, 
  0x8c4a, 0x8c4a, 0x8c4a, 0x8c4a, 0x8c4a, 0x8c4a, 0x8c4a, 0x8c4a, 0x8c4a, 0x8c4a, 0x8c4a, 0x8c4a, 
  0x8c4a, 0x8c4a, 0x8c4a, 0x8c4a, 0x8c4a, 0x8c4a, 0x8c4a, 0x8c4a, 0x8c4a, 0x8c4a, 0x8c4a, 0x8c4a, 
  0x8c4a, 0x8c4a, 0x8c4a, 0x8c4a, 0x8c4a, 0x8c4a, 0x8c4a, 0x8c4a, 0x8c4a, 0x8c4a, 0x8c4a, 0x8c4a, 
  0x8c4a, 0x8c4a, 0x8c4a, 0x8c4a, 0x8c4a, 0x8c4a, 0x8c4a, 0x8c4a, 0x8c4a, 0x8c4a, 0x8c4a, 0x8c4a, 
  0x8c4a, 0x8c4a, 0x8c4a, 0x8c4a, 0x8c4a, 0x8c4a, 0x8c4a, 0x8c4a, 0x8c4a, 0x8c4a, 0x8c4a, 0x8c4a, 
  0x8c4a, 0x8c4a, 0x8c4a, 0x8c4a, 0x8c4a, 0x8c4a, 0x8c4a, 0x8c4a, 0x8c4a, 0x8c4a, 0x8c4a, 0x8c4a, 
  0x8c4a, 0x8c4a, 0x8c4a, 0x8c4a, 0x8c4a, 0x8c4a, 0x8c4a, 0x8c4a, 0x8c4a, 0x8c4a, 0x8c4a, 0x8c4a, 
  0x8c4a, 0x8c4a, 0x8c4a, 0x8c4a, 0x8c4a, 0x8c4a, 0x8c4a, 0x8c4a, 0x8c4a, 0x8c4a, 0x8c4a, 0x8c4a, 
  0x8c4a, 0x8c4a, 0x8c4a, 0x8c4a, 0x8c4a, 0x8c4a, 0x8c4a, 0x8c4a, 0x8c4a, 0x8c4a, 0x8c4a, 0x8c4a, 
  0x8c4a, 0x8c4a, 0x8c4a, 0x8c4a, 0x8c4a, 0x8c4a, 0x8c4a, 0x8c4a, 0x8c4a, 0x8c4a, 0x8c4a, 0x8c4a, 
  0x8c4a, 0x8c4a, 0x8c4a, 0x8c4a, 0x8c4a, 0x8c4a, 0x8c4a, 0x8c4a, 0x8c4a, 0x8c4a, 0x8c4a, 0x8c4a, 
  0x8c4a, 0x8c4a, 0x8c4a, 0x8c4a, 0x8c4a, 0x8c4a, 0x8c4a, 0x8c4a, 0x8c4a, 0x8c4a, 0x8c4a, 0x8c4a, 
  0x8c4a, 0x8c4a, 0x8c52, 0x6a62, 0x6a62, 0x8c4a, 0x8c4a, 0x8c4a, 0x8c4a, 0x8c4a, 0x8c4a, 0x8c4a, 
  0x8c4a, 0x8c4a, 0x8c4a, 0x8c4a, 0x8c4a, 0x8c4a, 0x8c4a, 0x8c4a, 0x8c4a, 0x8c4a, 0x8c4a, 0x8c4a, 
  0x8c4a, 0x8c4a, 0x8c4a, 0x8c4a, 0x8c4a, 0x8c4a, 0x8c4a, 0x8c4a, 0x8c4a, 0x8c4a, 0x8c4a, 0x8c4a, 
  0x8c4a, 0x8c4a, 0x8c4a, 0x8c4a, 0x8c4a, 0x8c4a, 0x8c4a, 0x8c4a, 0x8c4a, 0x8c4a, 0x8c4a, 0x8c4a, 
  0x8c4a, 0x8c4a, 0x8c4a, 0x8c4a, 0x8c4a, 0x8c4a, 0x8c4a, 0x8c4a, 0x8c4a, 0x8c4a, 0x8c4a, 0x8c4a, 
  0x8c4a, 0x8c4a, 0x8c4a, 0x8c4a, 0x8c4a, 0x8c4a, 0x8c4a, 0x8c4a, 0x8c4a, 0x8c4a, 0x8c4a, 0x8c4a, 
  0x8c4a, 0x8c4a, 0x8c4a, 0x8c4a, 0x8c4a, 0x8c4a, 0x8c4a, 0x8c4a, 0x8c4a, 0x8c4a, 0x8c4a, 0x8c4a, 
  0x8c4a, 0x8c4a, 0x8c4a, 0x8c4a, 0x8c4a, 0x8c4a, 0x8c4a, 0x8c4a, 0x8c4a, 0x8c4a, 0x8c4a, 0x8c4a, 
  0x8c4a, 0x8c4a, 0x8c4a, 0x8c4a, 0x8c4a, 0x8c4a, 0x8c4a, 0x8c4a, 0x8c4a, 0x8c4a, 0x8c4a, 0x8c4a, 
  0x8c4a, 0x8c4a, 0x8c4a, 0x8c4a, 0x8c4a, 0x8c4a, 0x8c4a, 0x8c4a, 0x8c4a, 0x8c4a, 0x8c4a, 0x8c4a, 
  0x8c4a, 0x8c4a, 0x8c4a, 0x8c4a, 0x8c4a, 0x8c4a, 0x8c4a, 0x8c4a, 0x8c4a, 0x8c4a, 0x8c4a, 0x8c4a, 
  0x8c4a, 0x8c4a, 0x8c4a, 0x8c4a, 0x8c4a, 0x8c4a, 0x8c4a, 0x8c4a, 0x8c4a, 0x8c4a, 0x8c4a, 0x8c4a, 
  0x8c4a, 0x8c4a, 0x8c4a, 0x8c4a, 0x8c4a, 0x8c4a, 0x8c4a, 0x8c4a, 0x8c4a, 0x8c4a, 0x8c4a, 0x8c4a, 
  0x8c4a, 0x8c4a, 0x8c4a, 0x8c4a, 0x8c4a, 0x8c4a, 0x8c4a, 0x8c4a, 0x8c4a, 0x8c4a, 0x8c4a, 0x8c4a, 
  0x8c4a, 0x8c4a, 0x8c4a, 0x8c4a, 0x8c4a, 0x8c4a, 0x8c4a, 0x8c4a, 0x8c4a, 0x8c4a, 0x8c4a, 0x8c4a, 
  0x8c4a, 0x8c4a, 0x8c4a, 0x8c4a, 0x8c4a, 0x8c4a, 0x8c4a, 0x8c4a, 0x8c4a, 0x8c4a, 0x8c4a, 0x8c4a, 
  0x8c4a, 0x8c4a, 0x8c4a, 0x8c4a, 0x8c4a, 0x8c4a, 0x8c4a, 0x8c4a, 0x8c4a, 0x8c4a, 0x8c4a, 0x8c4a, 
  0x8c4a, 0x8c4a, 0x8c4a, 0x8c4a, 0x8c4a, 0x8c4a, 0x8c4a, 0x8c4a, 0x8c4a, 0x8c4a, 0x8c4a, 0x8c4a, 
  0x8c4a, 0x8c4a, 0x8c4a, 0x8c4a, 0x8c4a, 0x8c4a, 0x8c4a, 0x8c4a, 0x8c4a, 0x8c4a, 0x8c4a, 0x8c4a, 
  0x8c4a, 0x8c4a, 0x8c4a, 0x8c4a, 0x8c4a, 0x8c4a, 0x8c4a, 0x8c4a, 0x8c4a, 0x8c4a, 0x8c4a, 0x8c4a, 
  0x8c4a, 0x8c4a, 0x8c4a, 0x8c4a, 0x8c4a, 0x8c4a, 0x8c4a, 0x8c4a, 0x8c4a, 0x8c4a, 0x8c4a, 0x8c4a, 
  0x8c4a, 0x8c4a, 0x8c4a, 0x8c4a, 0x8c4a, 0x8c4a, 0x8c4a, 0x8c4a, 0x8c4a, 0x8c4a, 0x8c4a, 0x8c4a, 
  0x8c4a, 0x8c4a, 0x8c4a, 0x8c4a, 0x8c4a, 0x8c4a, 0x8c4a, 0x8c4a, 0x8c4a, 0x8c4a, 0x8c4a, 0x8c4a, 
  0x8c4a, 0x8c4a, 0x8c4a, 0x8c4a, 0x8c4a, 0x8c4a, 0x8c4a, 0x8c4a, 0x8c4a, 0x8c4a, 0x8c4a, 0x8c4a, 
  0x8c4a, 0x8c4a, 0x8c4a, 0x8c4a, 0x8c4a, 0x8c4a, 0x8c4a, 0x8c4a, 0x8c4a, 0x8c4a, 0x8c4a, 0x8c4a, 
  0x8c4a, 0x8c4a, 0x8c4a, 0x8c4a, 0x8c4a, 0x8c4a, 0x8c4a, 0x8c4a, 0x8c4a, 0x8c4a, 0x8c4a, 0x8c4a, 
  0x8c4a, 0x8c4a, 0x8c4a, 0x8c4a, 0x8c4a, 0x8c4a, 0x8c4a, 0x8c4a, 0x8c4a, 0x8c4a, 0x8c4a, 0x6a62, 
  0x6a62, 0x8c4a, 0x8c4a, 0x8c4a, 0x8c4a, 0x8c4a, 0x8c4a, 0x8c4a, 0x8c4a, 0x8c4a, 0x8c4a, 0x8c4a, 
  0x8c4a, 0x8c4a, 0x8c4a, 0x8c4a, 0x8c4a, 0x8c4a, 0x8c4a, 0x8c4a, 0x8c4a, 0x8c4a, 0x8c4a, 0x8c4a, 
  0x8c4a, 0x8c4a, 0x8c4a, 0x8c4a, 0x8c4a, 0x8c4a, 0x8c4a, 0x8c4a, 0x8c4a, 0x8c4a, 0x8c4a, 0x8c4a, 
  0x8c4a, 0x8c4a, 0x8c4a, 0x8c4a, 0x8c4a, 0x8c4a, 0x8c4a, 0x8c4a, 0x8c4a, 0x8c4a, 0x8c4a, 0x8c4a, 
  0x8c4a, 0x8c4a, 0x8c4a, 0x8c4a, 0x8c4a, 0x8c4a, 0x8c4a, 0x8c4a, 0x8c4a, 0x8c4a, 0x8c4a, 0x8c4a, 
  0x8c4a, 0x8c4a, 0x8c4a, 0x8c4a, 0x8c4a, 0x8c4a, 0x8c4a, 0x8c4a, 0x8c4a, 0x8c4a, 0x8c4a, 0x8c4a, 
  0x8c4a, 0x8c4a, 0x8c4a, 0x8c4a, 0x8c4a, 0x8c4a, 0x8c4a, 0x8c4a, 0x8c4a, 0x8c4a, 0x8c4a, 0x8c4a, 
  0x8c4a, 0x8c4a, 0x8c4a, 0x8c4a, 0x8c4a, 0x8c4a, 0x8c4a, 0x8c4a, 0x8c4a, 0x8c4a, 0x8c4a, 0x8c4a, 
  0x8c4a, 0x8c4a, 0x8c4a, 0x8c4a, 0x8c4a, 0x8c4a, 0x8c4a, 0x8c4a, 0x8c4a, 0x8c4a, 0x8c4a, 0x8c4a, 
  0x8c4a, 0x8c4a, 0x8c4a, 0x8c4a, 0x8c4a, 0x8c4a, 0x8c4a, 0x8c4a, 0x8c4a, 0x8c4a, 0x8c4a, 0x8c4a, 
  0x8c4a, 0x8c4a, 0x8c4a, 0x8c4a, 0x8c4a, 0x8c4a, 0x8c4a, 0x8c4a, 0x8c4a, 0x8c4a, 0x8c4a, 0x8c4a, 
  0x8c4a, 0x8c4a, 0x8c4a, 0x8c4a, 0x8c4a, 0x8c4a, 0x8c4a, 0x8c4a, 0x8c4a, 0x8c4a, 0x8c4a, 0x8c4a, 
  0x8c4a, 0x8c4a, 0x8c4a, 0x8c4a, 0x8c4a, 0x8c4a, 0x8c4a, 0x8c4a, 0x8c4a, 0x8c4a, 0x8c4a, 0x8c4a, 
  0x8c4a, 0x8c4a, 0x8c4a, 0x8c4a, 0x8c4a, 0x8c4a, 0x8c4a, 0x8c4a, 0x8c4a, 0x8c4a, 0x8c4a, 0x8c4a, 
  0x8c4a, 0x8c4a, 0x8c4a, 0x8c4a, 0x8c4a, 0x8c4a, 0x8c4a, 0x8c4a, 0x8c4a, 0x8c4a, 0x8c4a, 0x8c4a, 
  0x8c4a, 0x8c4a, 0x8c4a, 0x8c4a, 0x8c4a, 0x8c4a, 0x8c4a, 0x8c4a, 0x8c4a, 0x8c4a, 0x8c4a, 0x8c4a, 
  0x8c4a, 0x8c4a, 0x8c4a, 0x8c4a, 0x8c4a, 0x8c4a, 0x8c4a, 0x8c4a, 0x8c4a, 0x8c4a, 0x8c4a, 0x8c4a, 
  0x8c4a, 0x8c4a, 0x8c4a, 0x8c4a, 0x8c4a, 0x8c4a, 0x8c4a, 0x8c4a, 0x8c4a, 0x8c4a, 0x8c4a, 0x8c4a, 
  0x8c4a, 0x8c4a, 0x8c4a, 0x8c4a, 0x8c4a, 0x8c4a, 0x8c4a, 0x8c4a, 0x8c4a, 0x8c4a, 0x8c4a, 0x8c4a, 
  0x8c4a, 0x8c4a, 0x8c4a, 0x8c4a, 0x8c4a, 0x8c4a, 0x8c4a, 0x8c4a, 0x8c4a, 0x8c4a, 0x8c4a, 0x8c4a, 
  0x8c4a, 0x8c4a, 0x8c4a, 0x8c4a, 0x8c4a, 0x8c4a, 0x8c4a, 0x8c4a, 0x8c4a, 0x8c4a, 0x8c4a, 0x8c4a, 
  0x8c4a, 0x8c4a, 0x8c4a, 0x8c4a, 0x8c4a, 0x8c4a, 0x8c4a, 0x8c4a, 0x8c4a, 0x8c4a, 0x8c4a, 0x8c4a, 
  0x8c4a, 0x8c4a, 0x8c4a, 0x8c4a, 0x8c4a, 0x8c4a, 0x8c4a, 0x8c4a, 0x8c4a, 0x8c4a, 0x8c4a, 0x8c4a, 
  0x8c4a, 0x8c4a, 0x8c4a, 0x8c4a, 0x8c4a, 0x8c4a, 0x8c4a, 0x8c4a, 0x8c4a, 0x8c4a, 0x8c4a, 0x8c4a, 
  0x8c4a, 0x8c4a, 0x8c4a, 0x8c4a, 0x8c4a, 0x8c4a, 0x8c4a, 0x8c4a, 0x8c4a, 0x8c4a, 0x8c4a, 0x8c4a, 
  0x8c4a, 0x8c4a, 0x8c4a, 0x8c4a, 0x8c4a, 0x8c4a, 0x8c4a, 0x8c4a, 0x8c4a, 0x8c4a, 0x8c4a, 0x8c4a, 
  0x8c4a, 0x8c4a, 0x8c4a, 0x8c4a, 0x8c4a, 0x8c4a, 0x8c4a, 0x6a62, 0x6a62, 0x8c4a, 0x8c4a, 0x8c4a, 
  0x8c4a, 0x8c4a, 0x8c4a, 0x8c4a, 0x8c4a, 0x8c4a, 0x8c4a, 0x8c4a, 0x8c4a, 0x8c4a, 0x8c4a, 0x8c4a, 
  0x8c4a, 0x8c4a, 0x8c4a, 0x8c4a, 0x8c4a, 0x8c4a, 0x8c4a, 0x8c4a, 0x8c4a, 0x8c4a, 0x8c4a, 0x8c4a, 
  0x8c4a, 0x8c4a, 0x8c4a, 0x8c4a, 0x8c4a, 0x8c4a, 0x8c4a, 0x8c4a, 0x8c4a, 0x8c4a, 0x8c4a, 0x8c4a, 
  0x8c4a, 0x8c4a, 0x8c4a, 0x8c4a, 0x8c4a, 0x8c4a, 0x8c4a, 0x8c4a, 0x8c4a, 0x8c4a, 0x8c4a, 0x8c4a, 
  0x8c4a, 0x8c4a, 0x8c4a, 0x8c4a, 0x8c4a, 0x8c4a, 0x8c4a, 0x8c4a, 0x8c4a, 0x8c4a, 0x8c4a, 0x8c4a, 
  0x8c4a, 0x8c4a, 0x8c4a, 0x8c4a, 0x8c4a, 0x8c4a, 0x8c4a, 0x8c4a, 0x8c4a, 0x8c4a, 0x8c4a, 0x8c4a, 
  0x8c4a, 0x8c4a, 0x8c4a, 0x8c4a, 0x8c4a, 0x8c4a, 0x8c4a, 0x8c4a, 0x8c4a, 0x8c4a, 0x8c4a, 0x8c4a, 
  0x8c4a, 0x8c4a, 0x8c4a, 0x8c4a, 0x8c4a, 0x8c4a, 0x8c4a, 0x8c4a, 0x8c4a, 0x8c4a, 0x8c4a, 0x8c4a, 
  0x8c4a, 0x8c4a, 0x8c4a, 0x8c4a, 0x8c4a, 0x8c4a, 0x8c4a, 0x8c4a, 0x8c4a, 0x8c4a, 0x8c4a, 0x8c4a, 
  0x8c4a, 0x8c4a, 0x8c4a, 0x8c4a, 0x8c4a, 0x8c4a, 0x8c4a, 0x8c4a, 0x8c4a, 0x8c4a, 0x8c4a, 0x8c4a, 
  0x8c4a, 0x8c4a, 0x8c4a, 0x8c4a, 0x8c4a, 0x8c4a, 0x8c4a, 0x8c4a, 0x8c4a, 0x8c4a, 0x8c4a, 0x8c4a, 
  0x8c4a, 0x8c4a, 0x8c4a, 0x8c4a, 0x8c4a, 0x8c4a, 0x8c4a, 0x8c4a, 0x8c4a, 0x8c4a, 0x8c4a, 0x8c4a, 
  0x8c4a, 0x8c4a, 0x8c4a, 0x8c4a, 0x8c4a, 0x8c4a, 0x8c4a, 0x8c4a, 0x8c4a, 0x8c4a, 0x8c4a, 0x8c4a, 
  0x8c4a, 0x8c4a, 0x8c4a, 0x8c4a, 0x8c4a, 0x8c4a, 0x8c4a, 0x8c4a, 0x8c4a, 0x8c4a, 0x8c4a, 0x8c4a, 
  0x8c4a, 0x8c4a, 0x8c4a, 0x8c4a, 0x8c4a, 0x8c4a, 0x8c4a, 0x8c4a, 0x8c4a, 0x8c4a, 0x8c4a, 0x8c4a, 
  0x8c4a, 0x8c4a, 0x8c4a, 0x8c4a, 0x8c4a, 0x8c4a, 0x8c4a, 0x8c4a, 0x8c4a, 0x8c4a, 0x8c4a, 0x8c4a, 
  0x8c4a, 0x8c4a, 0x8c4a, 0x8c4a, 0x8c4a, 0x8c4a, 0x8c4a, 0x8c4a, 0x8c4a, 0x8c4a, 0x8c4a, 0x8c4a, 
  0x8c4a, 0x8c4a, 0x8c4a, 0x8c4a, 0x8c4a, 0x8c4a, 0x8c4a, 0x8c4a, 0x8c4a, 0x8c4a, 0x8c4a, 0x8c4a, 
  0x8c4a, 0x8c4a, 0x8c4a, 0x8c4a, 0x8c4a, 0x8c4a, 0x8c4a, 0x8c4a, 0x8c4a, 0x8c4a, 0x8c4a, 0x8c4a, 
  0x8c4a, 0x8c4a, 0x8c4a, 0x8c4a, 0x8c4a, 0x8c4a, 0x8c4a, 0x8c4a, 0x8c4a, 0x8c4a, 0x8c4a, 0x8c4a, 
  0x8c4a, 0x8c4a, 0x8c4a, 0x8c4a, 0x8c4a, 0x8c4a, 0x8c4a, 0x8c4a, 0x8c4a, 0x8c4a, 0x8c4a, 0x8c4a, 
  0x8c4a, 0x8c4a, 0x8c4a, 0x8c4a, 0x8c4a, 0x8c4a, 0x8c4a, 0x8c4a, 0x8c4a, 0x8c4a, 0x8c4a, 0x8c4a, 
  0x8c4a, 0x8c4a, 0x8c4a, 0x8c4a, 0x8c4a, 0x8c4a, 0x8c4a, 0x8c4a, 0x8c4a, 0x8c4a, 0x8c4a, 0x8c4a, 
  0x8c4a, 0x8c4a, 0x8c4a, 0x8c4a, 0x8c4a, 0x8c4a, 0x8c4a, 0x8c4a, 0x8c4a, 0x8c4a, 0x8c4a, 0x8c4a, 
  0x8c4a, 0x8c4a, 0x8c4a, 0x8c4a, 0x8c4a, 0x8c4a, 0x8c4a, 0x8c4a, 0x8c4a, 0x8c4a, 0x8c4a, 0x8c4a, 
  0x8c4a, 0x8c4a, 0x8c4a, 0x8c4a, 0x8c4a, 0x8c4a, 0x8c4a, 0x8c4a, 0x8c4a, 0x8c4a, 0x8c4a, 0x8c4a, 
  0x8c4a, 0x8c4a, 0x8c4a, 0x6a62, 0x6a62, 0x8c4a, 0x8c4a, 0x8c4a, 0x8c4a, 0x8c4a, 0x8c4a, 0x8c4a, 
  0x8c4a, 0x8c4a, 0x8c4a, 0x8c4a, 0x8c4a, 0x8c4a, 0x8c4a, 0x8c4a, 0x8c4a, 0x8c4a, 0x8c4a, 0x8c4a, 
  0x8c4a, 0x8c4a, 0x8c4a, 0x8c4a, 0x8c4a, 0x8c4a, 0x8c4a, 0x8c4a, 0x8c4a, 0x8c4a, 0x8c4a, 0x8c4a, 
  0x8c4a, 0x8c4a, 0x8c4a, 0x8c4a, 0x8c4a, 0x8c4a, 0x8c4a, 0x8c4a, 0x8c4a, 0x8c4a, 0x8c4a, 0x8c4a, 
  0x8c4a, 0x8c4a, 0x8c4a, 0x8c4a, 0x8c4a, 0x8c4a, 0x8c4a, 0x8c4a, 0x8c4a, 0x8c4a, 0x8c4a, 0x8c4a, 
  0x8c4a, 0x8c4a, 0x8c4a, 0x8c4a, 0x8c4a, 0x8c4a, 0x8c4a, 0x8c4a, 0x8c4a, 0x8c4a, 0x8c4a, 0x8c4a, 
  0x8c4a, 0x8c4a, 0x8c4a, 0x8c4a, 0x8c4a, 0x8c4a, 0x8c4a, 0x8c4a, 0x8c4a, 0x8c4a, 0x8c4a, 0x8c4a, 
  0x8c4a, 0x8c4a, 0x8c4a, 0x8c4a, 0x8c4a, 0x8c4a, 0x8c4a, 0x8c4a, 0x8c4a, 0x8c4a, 0x8c4a, 0x8c4a, 
  0x8c4a, 0x8c4a, 0x8c4a, 0x8c4a, 0x8c4a, 0x8c4a, 0x8c4a, 0x8c4a, 0x8c4a, 0x8c4a, 0x8c4a, 0x8c4a, 
  0x8c4a, 0x8c4a, 0x8c4a, 0x8c4a, 0x8c4a, 0x8c4a, 0x8c4a, 0x8c4a, 0x8c4a, 0x8c4a, 0x8c4a, 0x8c4a, 
  0x8c4a, 0x8c4a, 0x8c4a, 0x8c4a, 0x8c4a, 0x8c4a, 0x8c4a, 0x8c4a, 0x8c4a, 0x8c4a, 0x8c4a, 0x8c4a, 
  0x8c4a, 0x8c4a, 0x8c4a, 0x8c4a, 0x8c4a, 0x8c4a, 0x8c4a, 0x8c4a, 0x8c4a, 0x8c4a, 0x8c4a, 0x8c4a, 
  0x8c4a, 0x8c4a, 0x8c4a, 0x8c4a, 0x8c4a, 0x8c4a, 0x8c4a, 0x8c4a, 0x8c4a, 0x8c4a, 0x8c4a, 0x8c4a, 
  0x8c4a, 0x8c4a, 0x8c4a, 0x8c4a, 0x8c4a, 0x8c4a, 0x8c4a, 0x8c4a, 0x8c4a, 0x8c4a, 0x8c4a, 0x8c4a, 
  0x8c4a, 0x8c4a, 0x8c4a, 0x8c4a, 0x8c4a, 0x8c4a, 0x8c4a, 0x8c4a, 0x8c4a, 0x8c4a, 0x8c4a, 0x8c4a, 
  0x8c4a, 0x8c4a, 0x8c4a, 0x8c4a, 0x8c4a, 0x8c4a, 0x8c4a, 0x8c4a, 0x8c4a, 0x8c4a, 0x8c4a, 0x8c4a, 
  0x8c4a, 0x8c4a, 0x8c4a, 0x8c4a, 0x8c4a, 0x8c4a, 0x8c4a, 0x8c4a, 0x8c4a, 0x8c4a, 0x8c4a, 0x8c4a, 
  0x8c4a, 0x8c4a, 0x8c4a, 0x8c4a, 0x8c4a, 0x8c4a, 0x8c4a, 0x8c4a, 0x8c4a, 0x8c4a, 0x8c4a, 0x8c4a, 
  0x8c4a, 0x8c4a, 0x8c4a, 0x8c4a, 0x8c4a, 0x8c4a, 0x8c4a, 0x8c4a, 0x8c4a, 0x8c4a, 0x8c4a, 0x8c4a, 
  0x8c4a, 0x8c4a, 0x8c4a, 0x8c4a, 0x8c4a, 0x8c4a, 0x8c4a, 0x8c4a, 0x8c4a, 0x8c4a, 0x8c4a, 0x8c4a, 
  0x8c4a, 0x8c4a, 0x8c4a, 0x8c4a, 0x8c4a, 0x8c4a, 0x8c4a, 0x8c4a, 0x8c4a, 0x8c4a, 0x8c4a, 0x8c4a, 
  0x8c4a, 0x8c4a, 0x8c4a, 0x8c4a, 0x8c4a, 0x8c4a, 0x8c4a, 0x8c4a, 0x8c4a, 0x8c4a, 0x8c4a, 0x8c4a, 
  0x8c4a, 0x8c4a, 0x8c4a, 0x8c4a, 0x8c4a, 0x8c4a, 0x8c4a, 0x8c4a, 0x8c4a, 0x8c4a, 0x8c4a, 0x8c4a, 
  0x8c4a, 0x8c4a, 0x8c4a, 0x8c4a, 0x8c4a, 0x8c4a, 0x8c4a, 0x8c4a, 0x8c4a, 0x8c4a, 0x8c4a, 0x8c4a, 
  0x8c4a, 0x8c4a, 0x8c4a, 0x8c4a, 0x8c4a, 0x8c4a, 0x8c4a, 0x8c4a, 0x8c4a, 0x8c4a, 0x8c4a, 0x8c4a, 
  0x8c4a, 0x8c4a, 0x8c4a, 0x8c4a, 0x8c4a, 0x8c4a, 0x8c4a, 0x8c4a, 0x8c4a, 0x8c4a, 0x8c4a, 0x8c4a, 
  0x8c4a, 0x8c4a, 0x8c4a, 0x8c4a, 0x8c4a, 0x8c4a, 0x8c4a, 0x8c4a, 0x8c4a, 0x8c4a, 0x8c4a, 0x6a62, 
  0x6a62, 0x8c4a, 0x8c4a, 0x8c4a, 0x8c4a, 0x8c4a, 0x8c4a, 0x8c4a, 0x8c4a, 0x8c4a, 0x8c4a, 0x8c4a, 
  0x8c4a, 0x8c4a, 0x8c4a, 0x8c4a, 0x8c4a, 0x8c4a, 0x8c4a, 0x8c4a, 0x8c4a, 0x8c4a, 0x8c4a, 0x8c4a, 
  0x8c4a, 0x8c4a, 0x8c4a, 0x8c4a, 0x8c4a, 0x8c4a, 0x8c4a, 0x8c4a, 0x8c4a, 0x8c4a, 0x8c4a, 0x8c4a, 
  0x8c4a, 0x8c4a, 0x8c4a, 0x8c4a, 0x8c4a, 0x8c4a, 0x8c4a, 0x8c4a, 0x8c4a, 0x8c4a, 0x8c4a, 0x8c4a, 
  0x8c4a, 0x8c4a, 0x8c4a, 0x8c4a, 0x8c4a, 0x8c4a, 0x8c4a, 0x8c4a, 0x8c4a, 0x8c4a, 0x8c4a, 0x8c4a, 
  0x8c4a, 0x8c4a, 0x8c4a, 0x8c4a, 0x8c4a, 0x8c4a, 0x8c4a, 0x8c4a, 0x8c4a, 0x8c4a, 0x8c4a, 0x8c4a, 
  0x8c4a, 0x8c4a, 0x8c4a, 0x8c4a, 0x8c4a, 0x8c4a, 0x8c4a, 0x8c4a, 0x8c4a, 0x8c4a, 0x8c4a, 0x8c4a, 
  0x8c4a, 0x8c4a, 0x8c4a, 0x8c4a, 0x8c4a, 0x8c4a, 0x8c4a, 0x8c4a, 0x8c4a, 0x8c4a, 0x8c4a, 0x8c4a, 
  0x8c4a, 0x8c4a, 0x8c4a, 0x8c4a, 0x8c4a, 0x8c4a, 0x8c4a, 0x8c4a, 0x8c4a, 0x8c4a, 0x8c4a, 0x8c4a, 
  0x8c4a, 0x8c4a, 0x8c4a, 0x8c4a, 0x8c4a, 0x8c4a, 0x8c4a, 0x8c4a, 0x8c4a, 0x8c4a, 0x8c4a, 0x8c4a, 
  0x8c4a, 0x8c4a, 0x8c4a, 0x8c4a, 0x8c4a, 0x8c4a, 0x8c4a, 0x8c4a, 0x8c4a, 0x8c4a, 0x8c4a, 0x8c4a, 
  0x8c4a, 0x8c4a, 0x8c4a, 0x8c4a, 0x8c4a, 0x8c4a, 0x8c4a, 0x8c4a, 0x8c4a, 0x8c4a, 0x8c4a, 0x8c4a, 
  0x8c4a, 0x8c4a, 0x8c4a, 0x8c4a, 0x8c4a, 0x8c4a, 0x8c4a, 0x8c4a, 0x8c4a, 0x8c4a, 0x8c4a, 0x8c4a, 
  0x8c4a, 0x8c4a, 0x8c4a, 0x8c4a, 0x8c4a, 0x8c4a, 0x8c4a, 0x8c4a, 0x8c4a, 0x8c4a, 0x8c4a, 0x8c4a, 
  0x8c4a, 0x8c4a, 0x8c4a, 0x8c4a, 0x8c4a, 0x8c4a, 0x8c4a, 0x8c4a, 0x8c4a, 0x8c4a, 0x8c4a, 0x8c4a, 
  0x8c4a, 0x8c4a, 0x8c4a, 0x8c4a, 0x8c4a, 0x8c4a, 0x8c4a, 0x8c4a, 0x8c4a, 0x8c4a, 0x8c4a, 0x8c4a, 
  0x8c4a, 0x8c4a, 0x8c4a, 0x8c4a, 0x8c4a, 0x8c4a, 0x8c4a, 0x8c4a, 0x8c4a, 0x8c4a, 0x8c4a, 0x8c4a, 
  0x8c4a, 0x8c4a, 0x8c4a, 0x8c4a, 0x8c4a, 0x8c4a, 0x8c4a, 0x8c4a, 0x8c4a, 0x8c4a, 0x8c4a, 0x8c4a, 
  0x8c4a, 0x8c4a, 0x8c4a, 0x8c4a, 0x8c4a, 0x8c4a, 0x8c4a, 0x8c4a, 0x8c4a, 0x8c4a, 0x8c4a, 0x8c4a, 
  0x8c4a, 0x8c4a, 0x8c4a, 0x8c4a, 0x8c4a, 0x8c4a, 0x8c4a, 0x8c4a, 0x8c4a, 0x8c4a, 0x8c4a, 0x8c4a, 
  0x8c4a, 0x8c4a, 0x8c4a, 0x8c4a, 0x8c4a, 0x8c4a, 0x8c4a, 0x8c4a, 0x8c4a, 0x8c4a, 0x8c4a, 0x8c4a, 
  0x8c4a, 0x8c4a, 0x8c4a, 0x8c4a, 0x8c4a, 0x8c4a, 0x8c4a, 0x8c4a, 0x8c4a, 0x8c4a, 0x8c4a, 0x8c4a, 
  0x8c4a, 0x8c4a, 0x8c4a, 0x8c4a, 0x8c4a, 0x8c4a, 0x8c4a, 0x8c4a, 0x8c4a, 0x8c4a, 0x8c4a, 0x8c4a, 
  0x8c4a, 0x8c4a, 0x8c4a, 0x8c4a, 0x8c4a, 0x8c4a, 0x8c4a, 0x8c4a, 0x8c4a, 0x8c4a, 0x8c4a, 0x8c4a, 
  0x8c4a, 0x8c4a, 0x8c4a, 0x8c4a, 0x8c4a, 0x8c4a, 0x8c4a, 0x8c4a, 0x8c4a, 0x8c4a, 0x8c4a, 0x8c4a, 
  0x8c4a, 0x8c4a, 0x8c4a, 0x8c4a, 0x8c4a, 0x8c4a, 0x8c4a, 0x8c4a, 0x8c4a, 0x8c4a, 0x8c4a, 0x8c4a, 
  0x8c4a, 0x8c4a, 0x8c4a, 0x8c4a, 0x8c4a, 0x8c4a, 0x8c4a, 0x6a62, 0x6a62, 0x8c4a, 0x8c4a, 0x8c4a, 
  0x8c4a, 0x8c4a, 0x8c4a, 0x8c4a, 0x8c4a, 0x8c4a, 0x8c4a, 0x8c4a, 0x8c4a, 0x8c4a, 0x8c4a, 0x8c4a, 
  0x8c4a, 0x8c4a, 0x8c4a, 0x8c4a, 0x8c4a, 0x8c4a, 0x8c4a, 0x8c4a, 0x8c4a, 0x8c4a, 0x8c4a, 0x8c4a, 
  0x8c4a, 0x8c4a, 0x8c4a, 0x8c4a, 0x8c4a, 0x8c4a, 0x8c4a, 0x8c4a, 0x8c4a, 0x8c4a, 0x8c4a, 0x8c4a, 
  0x8c4a, 0x8c4a, 0x8c4a, 0x8c4a, 0x8c4a, 0x8c4a, 0x8c4a, 0x8c4a, 0x8c4a, 0x8c4a, 0x8c4a, 0x8c4a, 
  0x8c4a, 0x8c4a, 0x8c4a, 0x8c4a, 0x8c4a, 0x8c4a, 0x8c4a, 0x8c4a, 0x8c4a, 0x8c4a, 0x8c4a, 0x8c4a, 
  0x8c4a, 0x8c4a, 0x8c4a, 0x8c4a, 0x8c4a, 0x8c4a, 0x8c4a, 0x8c4a, 0x8c4a, 0x8c4a, 0x8c4a, 0x8c4a, 
  0x8c4a, 0x8c4a, 0x8c4a, 0x8c4a, 0x8c4a, 0x8c4a, 0x8c4a, 0x8c4a, 0x8c4a, 0x8c4a, 0x8c4a, 0x8c4a, 
  0x8c4a, 0x8c4a, 0x8c4a, 0x8c4a, 0x8c4a, 0x8c4a, 0x8c4a, 0x8c4a, 0x8c4a, 0x8c4a, 0x8c4a, 0x8c4a, 
  0x8c4a, 0x8c4a, 0x8c4a, 0x8c4a, 0x8c4a, 0x8c4a, 0x8c4a, 0x8c4a, 0x8c4a, 0x8c4a, 0x8c4a, 0x8c4a, 
  0x8c4a, 0x8c4a, 0x8c4a, 0x8c4a, 0x8c4a, 0x8c4a, 0x8c4a, 0x8c4a, 0x8c4a, 0x8c4a, 0x8c4a, 0x8c4a, 
  0x8c4a, 0x8c4a, 0x8c4a, 0x8c4a, 0x8c4a, 0x8c4a, 0x8c4a, 0x8c4a, 0x8c4a, 0x8c4a, 0x8c4a, 0x8c4a, 
  0x8c4a, 0x8c4a, 0x8c4a, 0x8c4a, 0x8c4a, 0x8c4a, 0x8c4a, 0x8c4a, 0x8c4a, 0x8c4a, 0x8c4a, 0x8c4a, 
  0x8c4a, 0x8c4a, 0x8c4a, 0x8c4a, 0x8c4a, 0x8c4a, 0x8c4a, 0x8c4a, 0x8c4a, 0x8c4a, 0x8c4a, 0x8c4a, 
  0x8c4a, 0x8c4a, 0x8c4a, 0x8c4a, 0x8c4a, 0x8c4a, 0x8c4a, 0x8c4a, 0x8c4a, 0x8c4a, 0x8c4a, 0x8c4a, 
  0x8c4a, 0x8c4a, 0x8c4a, 0x8c4a, 0x8c4a, 0x8c4a, 0x8c4a, 0x8c4a, 0x8c4a, 0x8c4a, 0x8c4a, 0x8c4a, 
  0x8c4a, 0x8c4a, 0x8c4a, 0x8c4a, 0x8c4a, 0x8c4a, 0x8c4a, 0x8c4a, 0x8c4a, 0x8c4a, 0x8c4a, 0x8c4a, 
  0x8c4a, 0x8c4a, 0x8c4a, 0x8c4a, 0x8c4a, 0x8c4a, 0x8c4a, 0x8c4a, 0x8c4a, 0x8c4a, 0x8c4a, 0x8c4a, 
  0x8c4a, 0x8c4a, 0x8c4a, 0x8c4a, 0x8c4a, 0x8c4a, 0x8c4a, 0x8c4a, 0x8c4a, 0x8c4a, 0x8c4a, 0x8c4a, 
  0x8c4a, 0x8c4a, 0x8c4a, 0x8c4a, 0x8c4a, 0x8c4a, 0x8c4a, 0x8c4a, 0x8c4a, 0x8c4a, 0x8c4a, 0x8c4a, 
  0x8c4a, 0x8c4a, 0x8c4a, 0x8c4a, 0x8c4a, 0x8c4a, 0x8c4a, 0x8c4a, 0x8c4a, 0x8c4a, 0x8c4a, 0x8c4a, 
  0x8c4a, 0x8c4a, 0x8c4a, 0x8c4a, 0x8c4a, 0x8c4a, 0x8c4a, 0x8c4a, 0x8c4a, 0x8c4a, 0x8c4a, 0x8c4a, 
  0x8c4a, 0x8c4a, 0x8c4a, 0x8c4a, 0x8c4a, 0x8c4a, 0x8c4a, 0x8c4a, 0x8c4a, 0x8c4a, 0x8c4a, 0x8c4a, 
  0x8c4a, 0x8c4a, 0x8c4a, 0x8c4a, 0x8c4a, 0x8c4a, 0x8c4a, 0x8c4a, 0x8c4a, 0x8c4a, 0x8c4a, 0x8c4a, 
  0x8c4a, 0x8c4a, 0x8c4a, 0x8c4a, 0x8c4a, 0x8c4a, 0x8c4a, 0x8c4a, 0x8c4a, 0x8c4a, 0x8c4a, 0x8c4a, 
  0x8c4a, 0x8c4a, 0x8c4a, 0x8c4a, 0x8c4a, 0x8c4a, 0x8c4a, 0x8c4a, 0x8c4a, 0x8c4a, 0x8c4a, 0x8c4a, 
  0x8c4a, 0x8c4a, 0x8c4a, 0x8c4a, 0x8c4a, 0x8c4a, 0x8c4a, 0x8c4a, 0x8c4a, 0x8c4a, 0x8c4a, 0x8c4a, 
  0x8c4a, 0x8c4a, 0x8c4a, 0x6a62, 0x6a62, 0x8c4a, 0x8c4a, 0x8c4a, 0x8c4a, 0x8c4a, 0x8c4a, 0x8c4a, 
  0x8c4a, 0x8c4a, 0x8c4a, 0x8c4a, 0x8c4a, 0x8c4a, 0x8c4a, 0x8c4a, 0x8c4a, 0x8c4a, 0x8c4a, 0x8c4a, 
  0x8c4a, 0x8c4a, 0x8c4a, 0x8c4a, 0x8c4a, 0x8c4a, 0x8c4a, 0x8c4a, 0x8c4a, 0x8c4a, 0x8c4a, 0x8c4a, 
  0x8c4a, 0x8c4a, 0x8c4a, 0x8c4a, 0x8c4a, 0x8c4a, 0x8c4a, 0x8c4a, 0x8c4a, 0x8c4a, 0x8c4a, 0x8c4a, 
  0x8c4a, 0x8c4a, 0x8c4a, 0x8c4a, 0x8c4a, 0x8c4a, 0x8c4a, 0x8c4a, 0x8c4a, 0x8c4a, 0x8c4a, 0x8c4a, 
  0x8c4a, 0x8c4a, 0x8c4a, 0x8c4a, 0x8c4a, 0x8c4a, 0x8c4a, 0x8c4a, 0x8c4a, 0x8c4a, 0x8c4a, 0x8c4a, 
  0x8c4a, 0x8c4a, 0x8c4a, 0x8c4a, 0x8c4a, 0x8c4a, 0x8c4a, 0x8c4a, 0x8c4a, 0x8c4a, 0x8c4a, 0x8c4a, 
  0x8c4a, 0x8c4a, 0x8c4a, 0x8c4a, 0x8c4a, 0x8c4a, 0x8c4a, 0x8c4a, 0x8c4a, 0x8c4a, 0x8c4a, 0x8c4a, 
  0x8c4a, 0x8c4a, 0x8c4a, 0x8c4a, 0x8c4a, 0x8c4a, 0x8c4a, 0x8c4a, 0x8c4a, 0x8c4a, 0x8c4a, 0x8c4a, 
  0x8c4a, 0x8c4a, 0x8c4a, 0x8c4a, 0x8c4a, 0x8c4a, 0x8c4a, 0x8c4a, 0x8c4a, 0x8c4a, 0x8c4a, 0x8c4a, 
  0x8c4a, 0x8c4a, 0x8c4a, 0x8c4a, 0x8c4a, 0x8c4a, 0x8c4a, 0x8c4a, 0x8c4a, 0x8c4a, 0x8c4a, 0x8c4a, 
  0x8c4a, 0x8c4a, 0x8c4a, 0x8c4a, 0x8c4a, 0x8c4a, 0x8c4a, 0x8c4a, 0x8c4a, 0x8c4a, 0x8c4a, 0x8c4a, 
  0x8c4a, 0x8c4a, 0x8c4a, 0x8c4a, 0x8c4a, 0x8c4a, 0x8c4a, 0x8c4a, 0x8c4a, 0x8c4a, 0x8c4a, 0x8c4a, 
  0x8c4a, 0x8c4a, 0x8c4a, 0x8c4a, 0x8c4a, 0x8c4a, 0x8c4a, 0x8c4a, 0x8c4a, 0x8c4a, 0x8c4a, 0x8c4a, 
  0x8c4a, 0x8c4a, 0x8c4a, 0x8c4a, 0x8c4a, 0x8c4a, 0x8c4a, 0x8c4a, 0x8c4a, 0x8c4a, 0x8c4a, 0x8c4a, 
  0x8c4a, 0x8c4a, 0x8c4a, 0x8c4a, 0x8c4a, 0x8c4a, 0x8c4a, 0x8c4a, 0x8c4a, 0x8c4a, 0x8c4a, 0x8c4a, 
  0x8c4a, 0x8c4a, 0x8c4a, 0x8c4a, 0x8c4a, 0x8c4a, 0x8c4a, 0x8c4a, 0x8c4a, 0x8c4a, 0x8c4a, 0x8c4a, 
  0x8c4a, 0x8c4a, 0x8c4a, 0x8c4a, 0x8c4a, 0x8c4a, 0x8c4a, 0x8c4a, 0x8c4a, 0x8c4a, 0x8c4a, 0x8c4a, 
  0x8c4a, 0x8c4a, 0x8c4a, 0x8c4a, 0x8c4a, 0x8c4a, 0x8c4a, 0x8c4a, 0x8c4a, 0x8c4a, 0x8c4a, 0x8c4a, 
  0x8c4a, 0x8c4a, 0x8c4a, 0x8c4a, 0x8c4a, 0x8c4a, 0x8c4a, 0x8c4a, 0x8c4a, 0x8c4a, 0x8c4a, 0x8c4a, 
  0x8c4a, 0x8c4a, 0x8c4a, 0x8c4a, 0x8c4a, 0x8c4a, 0x8c4a, 0x8c4a, 0x8c4a, 0x8c4a, 0x8c4a, 0x8c4a, 
  0x8c4a, 0x8c4a, 0x8c4a, 0x8c4a, 0x8c4a, 0x8c4a, 0x8c4a, 0x8c4a, 0x8c4a, 0x8c4a, 0x8c4a, 0x8c4a, 
  0x8c4a, 0x8c4a, 0x8c4a, 0x8c4a, 0x8c4a, 0x8c4a, 0x8c4a, 0x8c4a, 0x8c4a, 0x8c4a, 0x8c4a, 0x8c4a, 
  0x8c4a, 0x8c4a, 0x8c4a, 0x8c4a, 0x8c4a, 0x8c4a, 0x8c4a, 0x8c4a, 0x8c4a, 0x8c4a, 0x8c4a, 0x8c4a, 
  0x8c4a, 0x8c4a, 0x8c4a, 0x8c4a, 0x8c4a, 0x8c4a, 0x8c4a, 0x8c4a, 0x8c4a, 0x8c4a, 0x8c4a, 0x8c4a, 
  0x8c4a, 0x8c4a, 0x8c4a, 0x8c4a, 0x8c4a, 0x8c4a, 0x8c4a, 0x8c4a, 0x8c4a, 0x8c4a, 0x8c4a, 0x8c4a, 
  0x8c4a, 0x8c4a, 0x8c4a, 0x8c4a, 0x8c4a, 0x8c4a, 0x8c4a, 0x8c4a, 0x8c4a, 0x8c4a, 0x8c4a, 0x6a62, 
  0x6a62, 0x8c4a, 0x8c4a, 0x8c4a, 0x8c4a, 0x8c4a, 0x8c4a, 0x8c4a, 0x8c4a, 0x8c4a, 0x8c4a, 0x8c4a, 
  0x8c4a, 0x8c4a, 0x8c4a, 0x8c4a, 0x8c4a, 0x8c4a, 0x8c4a, 0x8c4a, 0x8c4a, 0x8c4a, 0x8c4a, 0x8c4a, 
  0x8c4a, 0x8c4a, 0x8c4a, 0x8c4a, 0x8c4a, 0x8c4a, 0x8c4a, 0x8c4a, 0x8c4a, 0x8c4a, 0x8c4a, 0x8c4a, 
  0x8c4a, 0x8c4a, 0x8c4a, 0x8c4a, 0x8c4a, 0x8c4a, 0x8c4a, 0x8c4a, 0x8c4a, 0x8c4a, 0x8c4a, 0x8c4a, 
  0x8c4a, 0x8c4a, 0x8c4a, 0x8c4a, 0x8c4a, 0x8c4a, 0x8c4a, 0x8c4a, 0x8c4a, 0x8c4a, 0x8c4a, 0x8c4a, 
  0x8c4a, 0x8c4a, 0x8c4a, 0x8c4a, 0x8c4a, 0x8c4a, 0x8c4a, 0x8c4a, 0x8c4a, 0x8c4a, 0x8c4a, 0x8c4a, 
  0x8c4a, 0x8c4a, 0x8c4a, 0x8c4a, 0x8c4a, 0x8c4a, 0x8c4a, 0x8c4a, 0x8c4a, 0x8c4a, 0x8c4a, 0x8c4a, 
  0x8c4a, 0x8c4a, 0x8c4a, 0x8c4a, 0x8c4a, 0x8c4a, 0x8c4a, 0x8c4a, 0x8c4a, 0x8c4a, 0x8c4a, 0x8c4a, 
  0x8c4a, 0x8c4a, 0x8c4a, 0x8c4a, 0x8c4a, 0x8c4a, 0x8c4a, 0x8c4a, 0x8c4a, 0x8c4a, 0x8c4a, 0x8c4a, 
  0x8c4a, 0x8c4a, 0x8c4a, 0x8c4a, 0x8c4a, 0x8c4a, 0x8c4a, 0x8c4a, 0x8c4a, 0x8c4a, 0x8c4a, 0x8c4a, 
  0x8c4a, 0x8c4a, 0x8c4a, 0x8c4a, 0x8c4a, 0x8c4a, 0x8c4a, 0x8c4a, 0x8c4a, 0x8c4a, 0x8c4a, 0x8c4a, 
  0x8c4a, 0x8c4a, 0x8c4a, 0x8c4a, 0x8c4a, 0x8c4a, 0x8c4a, 0x8c4a, 0x8c4a, 0x8c4a, 0x8c4a, 0x8c4a, 
  0x8c4a, 0x8c4a, 0x8c4a, 0x8c4a, 0x8c4a, 0x8c4a, 0x8c4a, 0x8c4a, 0x8c4a, 0x8c4a, 0x8c4a, 0x8c4a, 
  0x8c4a, 0x8c4a, 0x8c4a, 0x8c4a, 0x8c4a, 0x8c4a, 0x8c4a, 0x8c4a, 0x8c4a, 0x8c4a, 0x8c4a, 0x8c4a, 
  0x8c4a, 0x8c4a, 0x8c4a, 0x8c4a, 0x8c4a, 0x8c4a, 0x8c4a, 0x8c4a, 0x8c4a, 0x8c4a, 0x8c4a, 0x8c4a, 
  0x8c4a, 0x8c4a, 0x8c4a, 0x8c4a, 0x8c4a, 0x8c4a, 0x8c4a, 0x8c4a, 0x8c4a, 0x8c4a, 0x8c4a, 0x8c4a, 
  0x8c4a, 0x8c4a, 0x8c4a, 0x8c4a, 0x8c4a, 0x8c4a, 0x8c4a, 0x8c4a, 0x8c4a, 0x8c4a, 0x8c4a, 0x8c4a, 
  0x8c4a, 0x8c4a, 0x8c4a, 0x8c4a, 0x8c4a, 0x8c4a, 0x8c4a, 0x8c4a, 0x8c4a, 0x8c4a, 0x8c4a, 0x8c4a, 
  0x8c4a, 0x8c4a, 0x8c4a, 0x8c4a, 0x8c4a, 0x8c4a, 0x8c4a, 0x8c4a, 0x8c4a, 0x8c4a, 0x8c4a, 0x8c4a, 
  0x8c4a, 0x8c4a, 0x8c4a, 0x8c4a, 0x8c4a, 0x8c4a, 0x8c4a, 0x8c4a, 0x8c4a, 0x8c4a, 0x8c4a, 0x8c4a, 
  0x8c4a, 0x8c4a, 0x8c4a, 0x8c4a, 0x8c4a, 0x8c4a, 0x8c4a, 0x8c4a, 0x8c4a, 0x8c4a, 0x8c4a, 0x8c4a, 
  0x8c4a, 0x8c4a, 0x8c4a, 0x8c4a, 0x8c4a, 0x8c4a, 0x8c4a, 0x8c4a, 0x8c4a, 0x8c4a, 0x8c4a, 0x8c4a, 
  0x8c4a, 0x8c4a, 0x8c4a, 0x8c4a, 0x8c4a, 0x8c4a, 0x8c4a, 0x8c4a, 0x8c4a, 0x8c4a, 0x8c4a, 0x8c4a, 
  0x8c4a, 0x8c4a, 0x8c4a, 0x8c4a, 0x8c4a, 0x8c4a, 0x8c4a, 0x8c4a, 0x8c4a, 0x8c4a, 0x8c4a, 0x8c4a, 
  0x8c4a, 0x8c4a, 0x8c4a, 0x8c4a, 0x8c4a, 0x8c4a, 0x8c4a, 0x8c4a, 0x8c4a, 0x8c4a, 0x8c4a, 0x8c4a, 
  0x8c4a, 0x8c4a, 0x8c4a, 0x8c4a, 0x8c4a, 0x8c4a, 0x8c4a, 0x8c4a, 0x8c4a, 0x8c4a, 0x8c4a, 0x8c4a, 
  0x8c4a, 0x8c4a, 0x8c4a, 0x8c4a, 0x8c4a, 0x8c4a, 0x8c4a, 0x6a62, 0x6a62, 0x8c4a, 0x8c4a, 0x8c4a, 
  0x8c4a, 0x8c4a, 0x8c4a, 0x8c4a, 0x8c4a, 0x8c4a, 0x8c4a, 0x8c4a, 0x8c4a, 0x8c4a, 0x8c4a, 0x8c4a, 
  0x8c4a, 0x8c4a, 0x8c4a, 0x8c4a, 0x8c4a, 0x8c4a, 0x8c4a, 0x8c4a, 0x8c4a, 0x8c4a, 0x8c4a, 0x8c4a, 
  0x8c4a, 0x8c4a, 0x8c4a, 0x8c4a, 0x8c4a, 0x8c4a, 0x8c4a, 0x8c4a, 0x8c4a, 0x8c4a, 0x8c4a, 0x8c4a, 
  0x8c4a, 0x8c4a, 0x8c4a, 0x8c4a, 0x8c4a, 0x8c4a, 0x8c4a, 0x8c4a, 0x8c4a, 0x8c4a, 0x8c4a, 0x8c4a, 
  0x8c4a, 0x8c4a, 0x8c4a, 0x8c4a, 0x8c4a, 0x8c4a, 0x8c4a, 0x8c4a, 0x8c4a, 0x8c4a, 0x8c4a, 0x8c4a, 
  0x8c4a, 0x8c4a, 0x8c4a, 0x8c4a, 0x8c4a, 0x8c4a, 0x8c4a, 0x8c4a, 0x8c4a, 0x8c4a, 0x8c4a, 0x8c4a, 
  0x8c4a, 0x8c4a, 0x8c4a, 0x8c4a, 0x8c4a, 0x8c4a, 0x8c4a, 0x8c4a, 0x8c4a, 0x8c4a, 0x8c4a, 0x8c4a, 
  0x8c4a, 0x8c4a, 0x8c4a, 0x8c4a, 0x8c4a, 0x8c4a, 0x8c4a, 0x8c4a, 0x8c4a, 0x8c4a, 0x8c4a, 0x8c4a, 
  0x8c4a, 0x8c4a, 0x8c4a, 0x8c4a, 0x8c4a, 0x8c4a, 0x8c4a, 0x8c4a, 0x8c4a, 0x8c4a, 0x8c4a, 0x8c4a, 
  0x8c4a, 0x8c4a, 0x8c4a, 0x8c4a, 0x8c4a, 0x8c4a, 0x8c4a, 0x8c4a, 0x8c4a, 0x8c4a, 0x8c4a, 0x8c4a, 
  0x8c4a, 0x8c4a, 0x8c4a, 0x8c4a, 0x8c4a, 0x8c4a, 0x8c4a, 0x8c4a, 0x8c4a, 0x8c4a, 0x8c4a, 0x8c4a, 
  0x8c4a, 0x8c4a, 0x8c4a, 0x8c4a, 0x8c4a, 0x8c4a, 0x8c4a, 0x8c4a, 0x8c4a, 0x8c4a, 0x8c4a, 0x8c4a, 
  0x8c4a, 0x8c4a, 0x8c4a, 0x8c4a, 0x8c4a, 0x8c4a, 0x8c4a, 0x8c4a, 0x8c4a, 0x8c4a, 0x8c4a, 0x8c4a, 
  0x8c4a, 0x8c4a, 0x8c4a, 0x8c4a, 0x8c4a, 0x8c4a, 0x8c4a, 0x8c4a, 0x8c4a, 0x8c4a, 0x8c4a, 0x8c4a, 
  0x8c4a, 0x8c4a, 0x8c4a, 0x8c4a, 0x8c4a, 0x8c4a, 0x8c4a, 0x8c4a, 0x8c4a, 0x8c4a, 0x8c4a, 0x8c4a, 
  0x8c4a, 0x8c4a, 0x8c4a, 0x8c4a, 0x8c4a, 0x8c4a, 0x8c4a, 0x8c4a, 0x8c4a, 0x8c4a, 0x8c4a, 0x8c4a, 
  0x8c4a, 0x8c4a, 0x8c4a, 0x8c4a, 0x8c4a, 0x8c4a, 0x8c4a, 0x8c4a, 0x8c4a, 0x8c4a, 0x8c4a, 0x8c4a, 
  0x8c4a, 0x8c4a, 0x8c4a, 0x8c4a, 0x8c4a, 0x8c4a, 0x8c4a, 0x8c4a, 0x8c4a, 0x8c4a, 0x8c4a, 0x8c4a, 
  0x8c4a, 0x8c4a, 0x8c4a, 0x8c4a, 0x8c4a, 0x8c4a, 0x8c4a, 0x8c4a, 0x8c4a, 0x8c4a, 0x8c4a, 0x8c4a, 
  0x8c4a, 0x8c4a, 0x8c4a, 0x8c4a, 0x8c4a, 0x8c4a, 0x8c4a, 0x8c4a, 0x8c4a, 0x8c4a, 0x8c4a, 0x8c4a, 
  0x8c4a, 0x8c4a, 0x8c4a, 0x8c4a, 0x8c4a, 0x8c4a, 0x8c4a, 0x8c4a, 0x8c4a, 0x8c4a, 0x8c4a, 0x8c4a, 
  0x8c4a, 0x8c4a, 0x8c4a, 0x8c4a, 0x8c4a, 0x8c4a, 0x8c4a, 0x8c4a, 0x8c4a, 0x8c4a, 0x8c4a, 0x8c4a, 
  0x8c4a, 0x8c4a, 0x8c4a, 0x8c4a, 0x8c4a, 0x8c4a, 0x8c4a, 0x8c4a, 0x8c4a, 0x8c4a, 0x8c4a, 0x8c4a, 
  0x8c4a, 0x8c4a, 0x8c4a, 0x8c4a, 0x8c4a, 0x8c4a, 0x8c4a, 0x8c4a, 0x8c4a, 0x8c4a, 0x8c4a, 0x8c4a, 
  0x8c4a, 0x8c4a, 0x8c4a, 0x8c4a, 0x8c4a, 0x8c4a, 0x8c4a, 0x8c4a, 0x8c4a, 0x8c4a, 0x8c4a, 0x8c4a, 
  0x8c4a, 0x8c4a, 0x8c4a, 0x8c4a, 0x8c4a, 0x8c4a, 0x8c4a, 0x8c4a, 0x8c4a, 0x8c4a, 0x8c4a, 0x8c4a, 
  0x8c4a, 0x8c4a, 0x8c4a, 0x6a62, 0x6a62, 0x8c4a, 0x8c4a, 0x8c4a, 0x8c4a, 0x8c4a, 0x8c4a, 0x8c4a, 
  0x8c4a, 0x8c4a, 0x8c4a, 0x8c4a, 0x8c4a, 0x8c4a, 0x8c4a, 0x8c4a, 0x8c4a, 0x8c4a, 0x8c4a, 0x8c4a, 
  0x8c4a, 0x8c4a, 0x8c4a, 0x8c4a, 0x8c4a, 0x8c4a, 0x8c4a, 0x8c4a, 0x8c4a, 0x8c4a, 0x8c4a, 0x8c4a, 
  0x8c4a, 0x8c4a, 0x8c4a, 0x8c4a, 0x8c4a, 0x8c4a, 0x8c4a, 0x8c4a, 0x8c4a, 0x8c4a, 0x8c4a, 0x8c4a, 
  0x8c4a, 0x8c4a, 0x8c4a, 0x8c4a, 0x8c4a, 0x8c4a, 0x8c4a, 0x8c4a, 0x8c4a, 0x8c4a, 0x8c4a, 0x8c4a, 
  0x8c4a, 0x8c4a, 0x8c4a, 0x8c4a, 0x8c4a, 0x8c4a, 0x8c4a, 0x8c4a, 0x8c4a, 0x8c4a, 0x8c4a, 0x8c4a, 
  0x8c4a, 0x8c4a, 0x8c4a, 0x8c4a, 0x8c4a, 0x8c4a, 0x8c4a, 0x8c4a, 0x8c4a, 0x8c4a, 0x8c4a, 0x8c4a, 
  0x8c4a, 0x8c4a, 0x8c4a, 0x8c4a, 0x8c4a, 0x8c4a, 0x8c4a, 0x8c4a, 0x8c4a, 0x8c4a, 0x8c4a, 0x8c4a, 
  0x8c4a, 0x8c4a, 0x8c4a, 0x8c4a, 0x8c4a, 0x8c4a, 0x8c4a, 0x8c4a, 0x8c4a, 0x8c4a, 0x8c4a, 0x8c4a, 
  0x8c4a, 0x8c4a, 0x8c4a, 0x8c4a, 0x8c4a, 0x8c4a, 0x8c4a, 0x8c4a, 0x8c4a, 0x8c4a, 0x8c4a, 0x8c4a, 
  0x8c4a, 0x8c4a, 0x8c4a, 0x8c4a, 0x8c4a, 0x8c4a, 0x8c4a, 0x8c4a, 0x8c4a, 0x8c4a, 0x8c4a, 0x8c4a, 
  0x8c4a, 0x8c4a, 0x8c4a, 0x8c4a, 0x8c4a, 0x8c4a, 0x8c4a, 0x8c4a, 0x8c4a, 0x8c4a, 0x8c4a, 0x8c4a, 
  0x8c4a, 0x8c4a, 0x8c4a, 0x8c4a, 0x8c4a, 0x8c4a, 0x8c4a, 0x8c4a, 0x8c4a, 0x8c4a, 0x8c4a, 0x8c4a, 
  0x8c4a, 0x8c4a, 0x8c4a, 0x8c4a, 0x8c4a, 0x8c4a, 0x8c4a, 0x8c4a, 0x8c4a, 0x8c4a, 0x8c4a, 0x8c4a, 
  0x8c4a, 0x8c4a, 0x8c4a, 0x8c4a, 0x8c4a, 0x8c4a, 0x8c4a, 0x8c4a, 0x8c4a, 0x8c4a, 0x8c4a, 0x8c4a, 
  0x8c4a, 0x8c4a, 0x8c4a, 0x8c4a, 0x8c4a, 0x8c4a, 0x8c4a, 0x8c4a, 0x8c4a, 0x8c4a, 0x8c4a, 0x8c4a, 
  0x8c4a, 0x8c4a, 0x8c4a, 0x8c4a, 0x8c4a, 0x8c4a, 0x8c4a, 0x8c4a, 0x8c4a, 0x8c4a, 0x8c4a, 0x8c4a, 
  0x8c4a, 0x8c4a, 0x8c4a, 0x8c4a, 0x8c4a, 0x8c4a, 0x8c4a, 0x8c4a, 0x8c4a, 0x8c4a, 0x8c4a, 0x8c4a, 
  0x8c4a, 0x8c4a, 0x8c4a, 0x8c4a, 0x8c4a, 0x8c4a, 0x8c4a, 0x8c4a, 0x8c4a, 0x8c4a, 0x8c4a, 0x8c4a, 
  0x8c4a, 0x8c4a, 0x8c4a, 0x8c4a, 0x8c4a, 0x8c4a, 0x8c4a, 0x8c4a, 0x8c4a, 0x8c4a, 0x8c4a, 0x8c4a, 
  0x8c4a, 0x8c4a, 0x8c4a, 0x8c4a, 0x8c4a, 0x8c4a, 0x8c4a, 0x8c4a, 0x8c4a, 0x8c4a, 0x8c4a, 0x8c4a, 
  0x8c4a, 0x8c4a, 0x8c4a, 0x8c4a, 0x8c4a, 0x8c4a, 0x8c4a, 0x8c4a, 0x8c4a, 0x8c4a, 0x8c4a, 0x8c4a, 
  0x8c4a, 0x8c4a, 0x8c4a, 0x8c4a, 0x8c4a, 0x8c4a, 0x8c4a, 0x8c4a, 0x8c4a, 0x8c4a, 0x8c4a, 0x8c4a, 
  0x8c4a, 0x8c4a, 0x8c4a, 0x8c4a, 0x8c4a, 0x8c4a, 0x8c4a, 0x8c4a, 0x8c4a, 0x8c4a, 0x8c4a, 0x8c4a, 
  0x8c4a, 0x8c4a, 0x8c4a, 0x8c4a, 0x8c4a, 0x8c4a, 0x8c4a, 0x8c4a, 0x8c4a, 0x8c4a, 0x8c4a, 0x8c4a, 
  0x8c4a, 0x8c4a, 0x8c4a, 0x8c4a, 0x8c4a, 0x8c4a, 0x8c4a, 0x8c4a, 0x8c4a, 0x8c4a, 0x8c4a, 0x8c4a, 
  0x8c4a, 0x8c4a, 0x8c4a, 0x8c4a, 0x8c4a, 0x8c4a, 0x8c4a, 0x8c4a, 0x8c4a, 0x8c4a, 0x8c4a, 0x6a62, 
  0x6a62, 0x8c4a, 0x8c4a, 0x8c4a, 0x8c4a, 0x8c4a, 0x8c4a, 0x8c4a, 0x8c4a, 0x8c4a, 0x8c4a, 0x8c4a, 
  0x8c4a, 0x8c4a, 0x8c4a, 0x8c4a, 0x8c4a, 0x8c4a, 0x8c4a, 0x8c4a, 0x8c4a, 0x8c4a, 0x8c4a, 0x8c4a, 
  0x8c4a, 0x8c4a, 0x8c4a, 0x8c4a, 0x8c4a, 0x8c4a, 0x8c4a, 0x8c4a, 0x8c4a, 0x8c4a, 0x8c4a, 0x8c4a, 
  0x8c4a, 0x8c4a, 0x8c4a, 0x8c4a, 0x8c4a, 0x8c4a, 0x8c4a, 0x8c4a, 0x8c4a, 0x8c4a, 0x8c4a, 0x8c4a, 
  0x8c4a, 0x8c4a, 0x8c4a, 0x8c4a, 0x8c4a, 0x8c4a, 0x8c4a, 0x8c4a, 0x8c4a, 0x8c4a, 0x8c4a, 0x8c4a, 
  0x8c4a, 0x8c4a, 0x8c4a, 0x8c4a, 0x8c4a, 0x8c4a, 0x8c4a, 0x8c4a, 0x8c4a, 0x8c4a, 0x8c4a, 0x8c4a, 
  0x8c4a, 0x8c4a, 0x8c4a, 0x8c4a, 0x8c4a, 0x8c4a, 0x8c4a, 0x8c4a, 0x8c4a, 0x8c4a, 0x8c4a, 0x8c4a, 
  0x8c4a, 0x8c4a, 0x8c4a, 0x8c4a, 0x8c4a, 0x8c4a, 0x8c4a, 0x8c4a, 0x8c4a, 0x8c4a, 0x8c4a, 0x8c4a, 
  0x8c4a, 0x8c4a, 0x8c4a, 0x8c4a, 0x8c4a, 0x8c4a, 0x8c4a, 0x8c4a, 0x8c4a, 0x8c4a, 0x8c4a, 0x8c4a, 
  0x8c4a, 0x8c4a, 0x8c4a, 0x8c4a, 0x8c4a, 0x8c4a, 0x8c4a, 0x8c4a, 0x8c4a, 0x8c4a, 0x8c4a, 0x8c4a, 
  0x8c4a, 0x8c4a, 0x8c4a, 0x8c4a, 0x8c4a, 0x8c4a, 0x8c4a, 0x8c4a, 0x8c4a, 0x8c4a, 0x8c4a, 0x8c4a, 
  0x8c4a, 0x8c4a, 0x8c4a, 0x8c4a, 0x8c4a, 0x8c4a, 0x8c4a, 0x8c4a, 0x8c4a, 0x8c4a, 0x8c4a, 0x8c4a, 
  0x8c4a, 0x8c4a, 0x8c4a, 0x8c4a, 0x8c4a, 0x8c4a, 0x8c4a, 0x8c4a, 0x8c4a, 0x8c4a, 0x8c4a, 0x8c4a, 
  0x8c4a, 0x8c4a, 0x8c4a, 0x8c4a, 0x8c4a, 0x8c4a, 0x8c4a, 0x8c4a, 0x8c4a, 0x8c4a, 0x8c4a, 0x8c4a, 
  0x8c4a, 0x8c4a, 0x8c4a, 0x8c4a, 0x8c4a, 0x8c4a, 0x8c4a, 0x8c4a, 0x8c4a, 0x8c4a, 0x8c4a, 0x8c4a, 
  0x8c4a, 0x8c4a, 0x8c4a, 0x8c4a, 0x8c4a, 0x8c4a, 0x8c4a, 0x8c4a, 0x8c4a, 0x8c4a, 0x8c4a, 0x8c4a, 
  0x8c4a, 0x8c4a, 0x8c4a, 0x8c4a, 0x8c4a, 0x8c4a, 0x8c4a, 0x8c4a, 0x8c4a, 0x8c4a, 0x8c4a, 0x8c4a, 
  0x8c4a, 0x8c4a, 0x8c4a, 0x8c4a, 0x8c4a, 0x8c4a, 0x8c4a, 0x8c4a, 0x8c4a, 0x8c4a, 0x8c4a, 0x8c4a, 
  0x8c4a, 0x8c4a, 0x8c4a, 0x8c4a, 0x8c4a, 0x8c4a, 0x8c4a, 0x8c4a, 0x8c4a, 0x8c4a, 0x8c4a, 0x8c4a, 
  0x8c4a, 0x8c4a, 0x8c4a, 0x8c4a, 0x8c4a, 0x8c4a, 0x8c4a, 0x8c4a, 0x8c4a, 0x8c4a, 0x8c4a, 0x8c4a, 
  0x8c4a, 0x8c4a, 0x8c4a, 0x8c4a, 0x8c4a, 0x8c4a, 0x8c4a, 0x8c4a, 0x8c4a, 0x8c4a, 0x8c4a, 0x8c4a, 
  0x8c4a, 0x8c4a, 0x8c4a, 0x8c4a, 0x8c4a, 0x8c4a, 0x8c4a, 0x8c4a, 0x8c4a, 0x8c4a, 0x8c4a, 0x8c4a, 
  0x8c4a, 0x8c4a, 0x8c4a, 0x8c4a, 0x8c4a, 0x8c4a, 0x8c4a, 0x8c4a, 0x8c4a, 0x8c4a, 0x8c4a, 0x8c4a, 
  0x8c4a, 0x8c4a, 0x8c4a, 0x8c4a, 0x8c4a, 0x8c4a, 0x8c4a, 0x8c4a, 0x8c4a, 0x8c4a, 0x8c4a, 0x8c4a, 
  0x8c4a, 0x8c4a, 0x8c4a, 0x8c4a, 0x8c4a, 0x8c4a, 0x8c4a, 0x8c4a, 0x8c4a, 0x8c4a, 0x8c4a, 0x8c4a, 
  0x8c4a, 0x8c4a, 0x8c4a, 0x8c4a, 0x8c4a, 0x8c4a, 0x8c4a, 0x8c4a, 0x8c4a, 0x8c4a, 0x8c4a, 0x8c4a, 
  0x8c4a, 0x8c4a, 0x8c4a, 0x8c4a, 0x8c4a, 0x8c4a, 0x8c4a, 0x6a62, 0x6a62, 0x8c4a, 0x8c4a, 0x8c4a, 
  0x8c4a, 0x8c4a, 0x8c4a, 0x8c4a, 0x8c4a, 0x8c4a, 0x8c4a, 0x8c4a, 0x8c4a, 0x8c4a, 0x8c4a, 0x8c4a, 
  0x8c4a, 0x8c4a, 0x8c4a, 0x8c4a, 0x8c4a, 0x8c4a, 0x8c4a, 0x8c4a, 0x8c4a, 0x8c4a, 0x8c4a, 0x8c4a, 
  0x8c4a, 0x8c4a, 0x8c4a, 0x8c4a, 0x8c4a, 0x8c4a, 0x8c4a, 0x8c4a, 0x8c4a, 0x8c4a, 0x8c4a, 0x8c4a, 
  0x8c4a, 0x8c4a, 0x8c4a, 0x8c4a, 0x8c4a, 0x8c4a, 0x8c4a, 0x8c4a, 0x8c4a, 0x8c4a, 0x8c4a, 0x8c4a, 
  0x8c4a, 0x8c4a, 0x8c4a, 0x8c4a, 0x8c4a, 0x8c4a, 0x8c4a, 0x8c4a, 0x8c4a, 0x8c4a, 0x8c4a, 0x8c4a, 
  0x8c4a, 0x8c4a, 0x8c4a, 0x8c4a, 0x8c4a, 0x8c4a, 0x8c4a, 0x8c4a, 0x8c4a, 0x8c4a, 0x8c4a, 0x8c4a, 
  0x8c4a, 0x8c4a, 0x8c4a, 0x8c4a, 0x8c4a, 0x8c4a, 0x8c4a, 0x8c4a, 0x8c4a, 0x8c4a, 0x8c4a, 0x8c4a, 
  0x8c4a, 0x8c4a, 0x8c4a, 0x8c4a, 0x8c4a, 0x8c4a, 0x8c4a, 0x8c4a, 0x8c4a, 0x8c4a, 0x8c4a, 0x8c4a, 
  0x8c4a, 0x8c4a, 0x8c4a, 0x8c4a, 0x8c4a, 0x8c4a, 0x8c4a, 0x8c4a, 0x8c4a, 0x8c4a, 0x8c4a, 0x8c4a, 
  0x8c4a, 0x8c4a, 0x8c4a, 0x8c4a, 0x8c4a, 0x8c4a, 0x8c4a, 0x8c4a, 0x8c4a, 0x8c4a, 0x8c4a, 0x8c4a, 
  0x8c4a, 0x8c4a, 0x8c4a, 0x8c4a, 0x8c4a, 0x8c4a, 0x8c4a, 0x8c4a, 0x8c4a, 0x8c4a, 0x8c4a, 0x8c4a, 
  0x8c4a, 0x8c4a, 0x8c4a, 0x8c4a, 0x8c4a, 0x8c4a, 0x8c4a, 0x8c4a, 0x8c4a, 0x8c4a, 0x8c4a, 0x8c4a, 
  0x8c4a, 0x8c4a, 0x8c4a, 0x8c4a, 0x8c4a, 0x8c4a, 0x8c4a, 0x8c4a, 0x8c4a, 0x8c4a, 0x8c4a, 0x8c4a, 
  0x8c4a, 0x8c4a, 0x8c4a, 0x8c4a, 0x8c4a, 0x8c4a, 0x8c4a, 0x8c4a, 0x8c4a, 0x8c4a, 0x8c4a, 0x8c4a, 
  0x8c4a, 0x8c4a, 0x8c4a, 0x8c4a, 0x8c4a, 0x8c4a, 0x8c4a, 0x8c4a, 0x8c4a, 0x8c4a, 0x8c4a, 0x8c4a, 
  0x8c4a, 0x8c4a, 0x8c4a, 0x8c4a, 0x8c4a, 0x8c4a, 0x8c4a, 0x8c4a, 0x8c4a, 0x8c4a, 0x8c4a, 0x8c4a, 
  0x8c4a, 0x8c4a, 0x8c4a, 0x8c4a, 0x8c4a, 0x8c4a, 0x8c4a, 0x8c4a, 0x8c4a, 0x8c4a, 0x8c4a, 0x8c4a, 
  0x8c4a, 0x8c4a, 0x8c4a, 0x8c4a, 0x8c4a, 0x8c4a, 0x8c4a, 0x8c4a, 0x8c4a, 0x8c4a, 0x8c4a, 0x8c4a, 
  0x8c4a, 0x8c4a, 0x8c4a, 0x8c4a, 0x8c4a, 0x8c4a, 0x8c4a, 0x8c4a, 0x8c4a, 0x8c4a, 0x8c4a, 0x8c4a, 
  0x8c4a, 0x8c4a, 0x8c4a, 0x8c4a, 0x8c4a, 0x8c4a, 0x8c4a, 0x8c4a, 0x8c4a, 0x8c4a, 0x8c4a, 0x8c4a, 
  0x8c4a, 0x8c4a, 0x8c4a, 0x8c4a, 0x8c4a, 0x8c4a, 0x8c4a, 0x8c4a, 0x8c4a, 0x8c4a, 0x8c4a, 0x8c4a, 
  0x8c4a, 0x8c4a, 0x8c4a, 0x8c4a, 0x8c4a, 0x8c4a, 0x8c4a, 0x8c4a, 0x8c4a, 0x8c4a, 0x8c4a, 0x8c4a, 
  0x8c4a, 0x8c4a, 0x8c4a, 0x8c4a, 0x8c4a, 0x8c4a, 0x8c4a, 0x8c4a, 0x8c4a, 0x8c4a, 0x8c4a, 0x8c4a, 
  0x8c4a, 0x8c4a, 0x8c4a, 0x8c4a, 0x8c4a, 0x8c4a, 0x8c4a, 0x8c4a, 0x8c4a, 0x8c4a, 0x8c4a, 0x8c4a, 
  0x8c4a, 0x8c4a, 0x8c4a, 0x8c4a, 0x8c4a, 0x8c4a, 0x8c4a, 0x8c4a, 0x8c4a, 0x8c4a, 0x8c4a, 0x8c4a, 
  0x8c4a, 0x8c4a, 0x8c4a, 0x8c4a, 0x8c4a, 0x8c4a, 0x8c4a, 0x8c4a, 0x8c4a, 0x8c4a, 0x8c4a, 0x8c4a, 
  0x8c4a, 0x8c4a, 0x8c4a, 0x6a62, 0x6a62, 0x8c4a, 0x8c4a, 0x8c4a, 0x8c4a, 0x8c4a, 0x8c4a, 0x8c4a, 
  0x8c4a, 0x8c4a, 0x8c4a, 0x8c4a, 0x8c4a, 0x8c4a, 0x8c4a, 0x8c4a, 0x8c4a, 0x8c4a, 0x8c4a, 0x8c4a, 
  0x8c4a, 0x8c4a, 0x8c4a, 0x8c4a, 0x8c4a, 0x8c4a, 0x8c4a, 0x8c4a, 0x8c4a, 0x8c4a, 0x8c4a, 0x8c4a, 
  0x8c4a, 0x8c4a, 0x8c4a, 0x8c4a, 0x8c4a, 0x8c4a, 0x8c4a, 0x8c4a, 0x8c4a, 0x8c4a, 0x8c4a, 0x8c4a, 
  0x8c4a, 0x8c4a, 0x8c4a, 0x8c4a, 0x8c4a, 0x8c4a, 0x8c4a, 0x8c4a, 0x8c4a, 0x8c4a, 0x8c4a, 0x8c4a, 
  0x8c4a, 0x8c4a, 0x8c4a, 0x8c4a, 0x8c4a, 0x8c4a, 0x8c4a, 0x8c4a, 0x8c4a, 0x8c4a, 0x8c4a, 0x8c4a, 
  0x8c4a, 0x8c4a, 0x8c4a, 0x8c4a, 0x8c4a, 0x8c4a, 0x8c4a, 0x8c4a, 0x8c4a, 0x8c4a, 0x8c4a, 0x8c4a, 
  0x8c4a, 0x8c4a, 0x8c4a, 0x8c4a, 0x8c4a, 0x8c4a, 0x8c4a, 0x8c4a, 0x8c4a, 0x8c4a, 0x8c4a, 0x8c4a, 
  0x8c4a, 0x8c4a, 0x8c4a, 0x8c4a, 0x8c4a, 0x8c4a, 0x8c4a, 0x8c4a, 0x8c4a, 0x8c4a, 0x8c4a, 0x8c4a, 
  0x8c4a, 0x8c4a, 0x8c4a, 0x8c4a, 0x8c4a, 0x8c4a, 0x8c4a, 0x8c4a, 0x8c4a, 0x8c4a, 0x8c4a, 0x8c4a, 
  0x8c4a, 0x8c4a, 0x8c4a, 0x8c4a, 0x8c4a, 0x8c4a, 0x8c4a, 0x8c4a, 0x8c4a, 0x8c4a, 0x8c4a, 0x8c4a, 
  0x8c4a, 0x8c4a, 0x8c4a, 0x8c4a, 0x8c4a, 0x8c4a, 0x8c4a, 0x8c4a, 0x8c4a, 0x8c4a, 0x8c4a, 0x8c4a, 
  0x8c4a, 0x8c4a, 0x8c4a, 0x8c4a, 0x8c4a, 0x8c4a, 0x8c4a, 0x8c4a, 0x8c4a, 0x8c4a, 0x8c4a, 0x8c4a, 
  0x8c4a, 0x8c4a, 0x8c4a, 0x8c4a, 0x8c4a, 0x8c4a, 0x8c4a, 0x8c4a, 0x8c4a, 0x8c4a, 0x8c4a, 0x8c4a, 
  0x8c4a, 0x8c4a, 0x8c4a, 0x8c4a, 0x8c4a, 0x8c4a, 0x8c4a, 0x8c4a, 0x8c4a, 0x8c4a, 0x8c4a, 0x8c4a, 
  0x8c4a, 0x8c4a, 0x8c4a, 0x8c4a, 0x8c4a, 0x8c4a, 0x8c4a, 0x8c4a, 0x8c4a, 0x8c4a, 0x8c4a, 0x8c4a, 
  0x8c4a, 0x3284, 0xf8bd, 0x3284, 0x8c4a, 0x8c4a, 0x8c4a, 0x8c4a, 0x8c4a, 0x8c4a, 0x8c4a, 0x8c4a, 
  0x8c4a, 0x8c4a, 0x8c4a, 0x8c4a, 0x8c4a, 0x8c4a, 0x8c4a, 0x8c4a, 0x8c4a, 0x8c4a, 0x8c4a, 0x8c4a, 
  0x8c4a, 0x8c4a, 0x8c4a, 0x8c4a, 0x8c4a, 0x8c4a, 0x8c4a, 0x8c4a, 0x8c4a, 0x8c4a, 0x8c4a, 0x8c4a, 
  0x8c4a, 0x8c4a, 0x8c4a, 0x8c4a, 0x8c4a, 0x8c4a, 0x8c4a, 0x8c4a, 0x8c4a, 0x8c4a, 0x8c4a, 0x8c4a, 
  0x8c4a, 0x8c4a, 0x8c4a, 0x8c4a, 0x8c4a, 0x8c4a, 0x8c4a, 0x8c4a, 0x8c4a, 0x8c4a, 0x8c4a, 0x8c4a, 
  0x8c4a, 0x8c4a, 0x8c4a, 0x8c4a, 0x8c4a, 0x8c4a, 0x8c4a, 0x8c4a, 0x8c4a, 0x8c4a, 0x8c4a, 0x8c4a, 
  0x8c4a, 0x8c4a, 0x8c4a, 0x8c4a, 0x8c4a, 0x8c4a, 0x8c4a, 0x8c4a, 0x8c4a, 0x8c4a, 0x8c4a, 0x8c4a, 
  0x8c4a, 0x8c4a, 0x8c4a, 0x8c4a, 0x8c4a, 0x8c4a, 0x8c4a, 0x8c4a, 0x8c4a, 0x8c4a, 0x8c4a, 0x8c4a, 
  0x8c4a, 0x8c4a, 0x8c4a, 0x8c4a, 0x8c4a, 0x8c4a, 0x8c4a, 0x8c4a, 0x8c4a, 0x8c4a, 0x8c4a, 0x8c4a, 
  0x8c4a, 0x8c4a, 0x8c4a, 0x8c4a, 0x8c4a, 0x8c4a, 0x8c4a, 0x8c4a, 0x8c4a, 0x8c4a, 0x8c4a, 0x8c4a, 
  0x8c4a, 0x8c4a, 0x8c4a, 0x8c4a, 0x8c4a, 0x8c4a, 0x8c4a, 0x8c4a, 0x8c4a, 0x8c4a, 0x8c4a, 0x6a62, 
  0x6a62, 0x8c4a, 0x8c4a, 0x8c4a, 0x8c4a, 0x8c4a, 0x8c4a, 0x8c4a, 0x8c4a, 0x8c4a, 0x8c4a, 0x8c4a, 
  0x8c4a, 0x8c4a, 0x8c4a, 0x8c4a, 0x8c4a, 0x8c4a, 0x8c4a, 0x8c4a, 0x8c4a, 0x8c4a, 0x8c4a, 0x8c4a, 
  0x8c4a, 0x8c4a, 0x8c4a, 0x8c4a, 0x8c4a, 0x8c4a, 0x8c4a, 0x8c4a, 0x8c4a, 0x8c4a, 0x8c4a, 0x8c4a, 
  0x8c4a, 0x8c4a, 0x8c4a, 0x8c4a, 0x8c4a, 0x8c4a, 0x8c4a, 0x8c4a, 0x8c4a, 0x8c4a, 0x8c4a, 0x8c4a, 
  0x8c4a, 0x8c4a, 0x2e63, 0x8f73, 0xf17b, 0xf17b, 0xf17b, 0x8f73, 0xcd5a, 0x8c4a, 0x8c4a, 0x8c4a, 
  0x8c4a, 0x8c4a, 0x8c4a, 0x8c4a, 0x8c4a, 0x8c4a, 0x8c4a, 0x8c4a, 0x8c4a, 0x8c4a, 0x8c4a, 0x8c4a, 
  0x8c4a, 0x8c4a, 0x8c4a, 0x8c4a, 0x8c4a, 0x8c4a, 0x2e63, 0x8f73, 0xf17b, 0xf17b, 0xf17b, 0xcd5a, 
  0x8c4a, 0x8c4a, 0x8c4a, 0x8c4a, 0x8c4a, 0x8c4a, 0x8c4a, 0x8c4a, 0x8c4a, 0x8c4a, 0x8c4a, 0x8c4a, 
  0x8c4a, 0x8c4a, 0x8c4a, 0x8c4a, 0x8c4a, 0x8c4a, 0x8c4a, 0x8c4a, 0x8c4a, 0x8c4a, 0x8c4a, 0x8c4a, 
  0x8c4a, 0x8c4a, 0x8c4a, 0x8c4a, 0x8c4a, 0x8c4a, 0x8c4a, 0x8c4a, 0x8c4a, 0x8c4a, 0x8c4a, 0x8c4a, 
  0x8c4a, 0x8c4a, 0x8c4a, 0x8c4a, 0x8c4a, 0x8c4a, 0x8c4a, 0x8c4a, 0x8c4a, 0x8c4a, 0x8c4a, 0x8c4a, 
  0x8c4a, 0x8c4a, 0x8c4a, 0x8c4a, 0x8c4a, 0x8c4a, 0x8c4a, 0x8c4a, 0x8c4a, 0x8c4a, 0x8c4a, 0x8c4a, 
  0x8c4a, 0x8c4a, 0x8c4a, 0x8c4a, 0x8c4a, 0x8c4a, 0x8c4a, 0x8c4a, 0x8c4a, 0x8c4a, 0x8c4a, 0x8c4a, 
  0x8c4a, 0x8f73, 0xf17b, 0x8c4a, 0x8c4a, 0x8c4a, 0x8c4a, 0x8c4a, 0x8c4a, 0x8c4a, 0x8c4a, 0x8c4a, 
  0x8c4a, 0x8c4a, 0x8c4a, 0x8c4a, 0x8c4a, 0x8c4a, 0x8c4a, 0x8c4a, 0x8c4a, 0x8c4a, 0x8c4a, 0x8c4a, 
  0x8c4a, 0x8c4a, 0x8c4a, 0x8c4a, 0x8c4a, 0x8c4a, 0x8c4a, 0x8c4a, 0x8c4a, 0xbef7, 0xffff, 0xbef7, 
  0xcd5a, 0x8c4a, 0x8c4a, 0x8c4a, 0x8c4a, 0x8c4a, 0x8c4a, 0x8c4a, 0x8c4a, 0x8c4a, 0x8c4a, 0x8c4a, 
  0x8c4a, 0x8c4a, 0x8c4a, 0x8c4a, 0x8c4a, 0x8c4a, 0x8c4a, 0x8c4a, 0x8c4a, 0x8c4a, 0x8c4a, 0x8c4a, 
  0x8c4a, 0x8c4a, 0x8c4a, 0x8c4a, 0x8c4a, 0x8c4a, 0x8c4a, 0x8c4a, 0x8c4a, 0x8c4a, 0x8c4a, 0x8c4a, 
  0x8c4a, 0x8c4a, 0x8c4a, 0x8c4a, 0x8c4a, 0x8c4a, 0x8c4a, 0x8c4a, 0x8c4a, 0x8c4a, 0x8c4a, 0x8c4a, 
  0x8c4a, 0x8c4a, 0x8c4a, 0x8c4a, 0x8c4a, 0x8c4a, 0x8c4a, 0x8c4a, 0x8c4a, 0x8c4a, 0x8c4a, 0x8c4a, 
  0x8c4a, 0x8c4a, 0x8c4a, 0x8c4a, 0x8c4a, 0x8c4a, 0x8c4a, 0x8c4a, 0x8c4a, 0x8c4a, 0x8c4a, 0x8c4a, 
  0x8c4a, 0x8c4a, 0x8c4a, 0x8c4a, 0x8c4a, 0x8c4a, 0x8c4a, 0x8c4a, 0x8c4a, 0x8c4a, 0x8c4a, 0x8c4a, 
  0x8c4a, 0x8c4a, 0x8c4a, 0x8c4a, 0x8c4a, 0x8c4a, 0x8c4a, 0x8c4a, 0x8c4a, 0x8c4a, 0x8c4a, 0x8c4a, 
  0x8c4a, 0x8c4a, 0x8c4a, 0x8c4a, 0x8c4a, 0x8c4a, 0x8c4a, 0x8c4a, 0x8c4a, 0x8c4a, 0x8c4a, 0x8c4a, 
  0x8c4a, 0x8c4a, 0x8c4a, 0x8c4a, 0x8c4a, 0x8c4a, 0x8c4a, 0x8c4a, 0x8c4a, 0x8c4a, 0x8c4a, 0x8c4a, 
  0x8c4a, 0x8c4a, 0x8c4a, 0x8c4a, 0x8c4a, 0x8c4a, 0x8c4a, 0x6a62, 0x6a62, 0x8c4a, 0x8c4a, 0x8c4a, 
  0x8c4a, 0x8c4a, 0x8c4a, 0x8c4a, 0x97b5, 0xbef7, 0x5def, 0xcd5a, 0x8c4a, 0x8c4a, 0x8c4a, 0x8c4a, 
  0x8c4a, 0x8c4a, 0x8c4a, 0x8c4a, 0x8c4a, 0x8c4a, 0x56a5, 0xffff, 0x5def, 0x2e63, 0xcd5a, 0x9ad6, 
  0xffff, 0x5def, 0x8c4a, 0x8c4a, 0x8c4a, 0x8c4a, 0x8c4a, 0x8c4a, 0x8c4a, 0x8c4a, 0x8c4a, 0x8c4a, 
  0x8c4a, 0x59ce, 0xffff, 0x5def, 0xcd5a, 0x8c4a, 0xcd5a, 0x36a5, 0x5def, 0xffff, 0xffff, 0xffff, 
  0xffff, 0xffff, 0xffff, 0xffff, 0xffff, 0xfcde, 0xf8bd, 0x2e63, 0x8c4a, 0x8c4a, 0x8c4a, 0x8c4a, 
  0x8c4a, 0x8c4a, 0x8c4a, 0x8c4a, 0x8c4a, 0x8c4a, 0x8c4a, 0x8c4a, 0x8c4a, 0x8c4a, 0x2e63, 0x59ce, 
  0x5def, 0xbef7, 0xffff, 0xffff, 0xffff, 0xffff, 0xffff, 0xffff, 0xfcde, 0x9394, 0x8c4a, 0x8c4a, 
  0x8c4a, 0x8c4a, 0x8c4a, 0x8c4a, 0x8c4a, 0x8c4a, 0x8c4a, 0x8c4a, 0x8c4a, 0x8c4a, 0x8c4a, 0x8c4a, 
  0x8c4a, 0x8c4a, 0x8c4a, 0x8c4a, 0x8c4a, 0x8c4a, 0x8c4a, 0x8c4a, 0x8c4a, 0x8c4a, 0x8c4a, 0x8c4a, 
  0x8c4a, 0x8c4a, 0x8c4a, 0x8c4a, 0x8c4a, 0x8c4a, 0x8c4a, 0x8c4a, 0x8c4a, 0x8c4a, 0x8c4a, 0x8c4a, 
  0x8c4a, 0x8c4a, 0x8c4a, 0x8c4a, 0x8c4a, 0x8c4a, 0x8c4a, 0x8c4a, 0x8c4a, 0x8c4a, 0x8c4a, 0x8c4a, 
  0x8c4a, 0x8c4a, 0x8c4a, 0x8c4a, 0x8c4a, 0x8c4a, 0x8c4a, 0x8c4a, 0x8c4a, 0x8c4a, 0x8c4a, 0x8c4a, 
  0x8c4a, 0x8c4a, 0x8c4a, 0x8c4a, 0x8c4a, 0x8c4a, 0x8c4a, 0x8c4a, 0x3284, 0xffff, 0xffff, 0x9bd6, 
  0x8c4a, 0x8c4a, 0x8c4a, 0x8c4a, 0x8c4a, 0x8c4a, 0x8c4a, 0x8c4a, 0x8c4a, 0x8c4a, 0x8c4a, 0x8c4a, 
  0x8c4a, 0x8c4a, 0x8c4a, 0x8c4a, 0x8c4a, 0x8c4a, 0x8c4a, 0x8c4a, 0x8c4a, 0x8c4a, 0x8c4a, 0x8c4a, 
  0x8c4a, 0x8c4a, 0x8c4a, 0x8c4a, 0x8c4a, 0xffff, 0xffff, 0xffff, 0x8f73, 0x8c4a, 0x8c4a, 0x8c4a, 
  0x8c4a, 0x8c4a, 0x8c4a, 0x8c4a, 0x8c4a, 0x8c4a, 0x8c4a, 0x8c4a, 0x8c4a, 0x8c4a, 0x8c4a, 0x8c4a, 
  0x8c4a, 0x8c4a, 0x8c4a, 0x8c4a, 0x8c4a, 0x8c4a, 0x8c4a, 0x8c4a, 0x8c4a, 0x8c4a, 0x8c4a, 0x8c4a, 
  0x8c4a, 0x8c4a, 0x8c4a, 0x8c4a, 0x8c4a, 0x8c4a, 0x8c4a, 0x8c4a, 0x8c4a, 0x8c4a, 0x8c4a, 0x8c4a, 
  0x8c4a, 0x8c4a, 0x8c4a, 0x8c4a, 0x8c4a, 0x8c4a, 0x8c4a, 0x8c4a, 0x8c4a, 0x8c4a, 0x8c4a, 0x8c4a, 
  0x8c4a, 0x8c4a, 0x8c4a, 0x8c4a, 0x8c4a, 0x8c4a, 0x8c4a, 0x8c4a, 0x8c4a, 0x8c4a, 0x8c4a, 0x8c4a, 
  0x8c4a, 0x8c4a, 0x8c4a, 0x8c4a, 0x8c4a, 0x8c4a, 0x8c4a, 0x8c4a, 0x8c4a, 0x8c4a, 0x8c4a, 0x8c4a, 
  0x8c4a, 0x8c4a, 0x8c4a, 0x8c4a, 0x8c4a, 0x8c4a, 0x8c4a, 0x8c4a, 0x8c4a, 0x8c4a, 0x8c4a, 0x8c4a, 
  0x8c4a, 0x8c4a, 0x8c4a, 0x8c4a, 0x8c4a, 0x8c4a, 0x8c4a, 0x8c4a, 0x8c4a, 0x8c4a, 0x8c4a, 0x8c4a, 
  0x8c4a, 0x8c4a, 0x8c4a, 0x8c4a, 0x8c4a, 0x8c4a, 0x8c4a, 0x8c4a, 0x8c4a, 0x8c4a, 0x8c4a, 0x8c4a, 
  0x8c4a, 0x8c4a, 0x8c4a, 0x8c4a, 0x8c4a, 0x8c4a, 0x8c4a, 0x8c4a, 0x8c4a, 0x8c4a, 0x8c4a, 0x8c4a, 
  0x8c4a, 0x8c4a, 0x8c4a, 0x6a62, 0x6a62, 0x8c4a, 0x8c4a, 0x8c4a, 0x8c4a, 0x8c4a, 0x8c4a, 0x2e63, 
  0xffff, 0xffff, 0xffff, 0xf49c, 0x8c4a, 0x8c4a, 0x8c4a, 0x8c4a, 0x8c4a, 0x8c4a, 0x8c4a, 0x8c4a, 
  0x8c4a, 0x2e63, 0xffff, 0xffff, 0xffff, 0x9394, 0xf17b, 0xffff, 0xffff, 0xffff, 0xf17b, 0x8c4a, 
  0x8c4a, 0x8c4a, 0x8c4a, 0x8c4a, 0x8c4a, 0x8c4a, 0x8c4a, 0x8c4a, 0xf17b, 0xffff, 0xffff, 0xffff, 
  0xf17b, 0x8c4a, 0x97b5, 0xffff, 0xffff, 0xffff, 0xffff, 0xffff, 0xffff, 0xffff, 0xffff, 0xffff, 
  0xffff, 0xffff, 0xffff, 0xffff, 0xf8bd, 0x2e63, 0x8c4a, 0x8c4a, 0x8c4a, 0x8c4a, 0x8c4a, 0x8c4a, 
  0x8c4a, 0x8c4a, 0x8c4a, 0x8c4a, 0x8c4a, 0x8c4a, 0xbad6, 0xffff, 0xffff, 0xffff, 0xffff, 0xffff, 
  0xffff, 0xffff, 0xffff, 0xffff, 0xffff, 0xffff, 0x5def, 0x2e63, 0x8c4a, 0x8c4a, 0x8c4a, 0x8c4a, 
  0x8c4a, 0x8c4a, 0x8c4a, 0x8c4a, 0x8c4a, 0x8c4a, 0x8c4a, 0x8c4a, 0x8c4a, 0x8c4a, 0x8c4a, 0x8c4a, 
  0x8c4a, 0x8c4a, 0x8c4a, 0x8c4a, 0x8c4a, 0x8c4a, 0x8c4a, 0x8c4a, 0x8c4a, 0x8c4a, 0x8c4a, 0x8c4a, 
  0x8c4a, 0x8c4a, 0x8c4a, 0x8c4a, 0x8c4a, 0x8c4a, 0x8c4a, 0x8c4a, 0x8c4a, 0x8c4a, 0x8c4a, 0x8c4a, 
  0x8c4a, 0x8c4a, 0x8c4a, 0x8c4a, 0x8c4a, 0x8c4a, 0x8c4a, 0x8c4a, 0x8c4a, 0x8c4a, 0x8c4a, 0x8c4a, 
  0x8c4a, 0x8c4a, 0x8c4a, 0x8c4a, 0x8c4a, 0x8c4a, 0x8c4a, 0x8c4a, 0x8c4a, 0x8c4a, 0x8c4a, 0x8c4a, 
  0x8c4a, 0x8c4a, 0x8c4a, 0x8c4a, 0x56a5, 0xffff, 0xffff, 0xffff, 0x8c4a, 0x8c4a, 0x8c4a, 0x8c4a, 
  0x8c4a, 0x8c4a, 0x8c4a, 0x8c4a, 0x8c4a, 0x8c4a, 0x8c4a, 0x8c4a, 0x8c4a, 0x8c4a, 0x8c4a, 0x8c4a, 
  0x8c4a, 0x8c4a, 0x8c4a, 0x8c4a, 0x8c4a, 0x8c4a, 0x8c4a, 0x8c4a, 0x8c4a, 0x8c4a, 0x8c4a, 0x8c4a, 
  0x8c4a, 0x5def, 0xffff, 0xffff, 0x9394, 0x8c4a, 0x8c4a, 0x8c4a, 0x8c4a, 0x8c4a, 0x8c4a, 0x8c4a, 
  0x8c4a, 0x8c4a, 0x8c4a, 0x8c4a, 0x8c4a, 0x8c4a, 0x8c4a, 0x8c4a, 0x8c4a, 0x8c4a, 0x8c4a, 0x8c4a, 
  0x8c4a, 0x8c4a, 0x8c4a, 0x8c4a, 0x8c4a, 0x8c4a, 0x8c4a, 0x8c4a, 0x8c4a, 0x8c4a, 0x8c4a, 0x8c4a, 
  0x8c4a, 0x8c4a, 0x8c4a, 0x8c4a, 0x8c4a, 0x8c4a, 0x8c4a, 0x8c4a, 0x8c4a, 0x8c4a, 0x8c4a, 0x8c4a, 
  0x8c4a, 0x8c4a, 0x8c4a, 0x8c4a, 0x8c4a, 0x8c4a, 0x8c4a, 0x8c4a, 0x8c4a, 0x8c4a, 0x8c4a, 0x8c4a, 
  0x8c4a, 0x8c4a, 0x8c4a, 0x8c4a, 0x8c4a, 0x8c4a, 0x8c4a, 0x8c4a, 0x8c4a, 0x8c4a, 0x8c4a, 0x8c4a, 
  0x8c4a, 0x8c4a, 0x8c4a, 0x8c4a, 0x8c4a, 0x8c4a, 0x8c4a, 0x8c4a, 0x8c4a, 0x8c4a, 0x8c4a, 0x8c4a, 
  0x8c4a, 0x8c4a, 0x8c4a, 0x8c4a, 0x8c4a, 0x8c4a, 0x8c4a, 0x8c4a, 0x8c4a, 0x8c4a, 0x8c4a, 0x8c4a, 
  0x8c4a, 0x8c4a, 0x8c4a, 0x8c4a, 0x8c4a, 0x8c4a, 0x8c4a, 0x8c4a, 0x8c4a, 0x8c4a, 0x8c4a, 0x8c4a, 
  0x8c4a, 0x8c4a, 0x8c4a, 0x8c4a, 0x8c4a, 0x8c4a, 0x8c4a, 0x8c4a, 0x8c4a, 0x8c4a, 0x8c4a, 0x8c4a, 
  0x8c4a, 0x8c4a, 0x8c4a, 0x8c4a, 0x8c4a, 0x8c4a, 0x8c4a, 0x8c4a, 0x8c4a, 0x8c4a, 0x8c4a, 0x6a62, 
  0x6a62, 0x8c4a, 0x8c4a, 0x8c4a, 0x8c4a, 0x8c4a, 0x8c4a, 0x8c4a, 0xbef7, 0xffff, 0xffff, 0x9bd6, 
  0x8c4a, 0x8c4a, 0x8c4a, 0x8c4a, 0x8c4a, 0x8c4a, 0x8c4a, 0x8c4a, 0x8c4a, 0x56a5, 0xffff, 0xffff, 
  0xffff, 0xf17b, 0xed5a, 0xffff, 0xffff, 0xffff, 0x97b5, 0x8c4a, 0x8c4a, 0x8c4a, 0x8c4a, 0x8c4a, 
  0x8c4a, 0x8c4a, 0x8c4a, 0x8c4a, 0xf8bd, 0xffff, 0xffff, 0xffff, 0x2e63, 0x8c4a, 0x9394, 0xffff, 
  0xffff, 0xffff, 0xffff, 0x59ce, 0x97b5, 0x56a5, 0x56a5, 0xf8bd, 0xbbd6, 0xffff, 0xffff, 0xffff, 
  0xffff, 0x5def, 0x2e63, 0x8c4a, 0x8c4a, 0x8c4a, 0x8c4a, 0x8c4a, 0x8c4a, 0x8c4a, 0x8c4a, 0x8c4a, 
  0x8c4a, 0x8c4a, 0x5def, 0xffff, 0xffff, 0xbef7, 0x59ce, 0x97b5, 0xf49c, 0xf49c, 0x56a5, 0xbbd6, 
  0xffff, 0xffff, 0xffff, 0x5def, 0xcd5a, 0x8c4a, 0x8c4a, 0x8c4a, 0x8c4a, 0x8c4a, 0x8c4a, 0x8c4a, 
  0x8c4a, 0x8c4a, 0x8c4a, 0x8c4a, 0x8c4a, 0x8c4a, 0x8c4a, 0x8c4a, 0x8c4a, 0x8c4a, 0x8c4a, 0x8c4a, 
  0x8c4a, 0x8c4a, 0x8c4a, 0x8c4a, 0x8c4a, 0x8c4a, 0x8c4a, 0x8c4a, 0x8c4a, 0x8c4a, 0x8c4a, 0x8c4a, 
  0x8c4a, 0x8c4a, 0x8c4a, 0x8c4a, 0x8c4a, 0x8c4a, 0x8c4a, 0x8c4a, 0x8c4a, 0x8c4a, 0x8c4a, 0x8c4a, 
  0x8c4a, 0x8c4a, 0x8c4a, 0x8c4a, 0x8c4a, 0x8c4a, 0x8c4a, 0x8c4a, 0x8c4a, 0x8c4a, 0x8c4a, 0x8c4a, 
  0x8c4a, 0x8c4a, 0x8c4a, 0x8c4a, 0x8c4a, 0x8c4a, 0x8c4a, 0x8c4a, 0x8c4a, 0x8c4a, 0x8c4a, 0x8c4a, 
  0x9394, 0xffff, 0xffff, 0xffff, 0x2e63, 0x8c4a, 0x8c4a, 0x8c4a, 0x8c4a, 0x8c4a, 0x8c4a, 0x8c4a, 
  0x8c4a, 0x8c4a, 0x8c4a, 0x8c4a, 0x8c4a, 0x8c4a, 0x8c4a, 0x8c4a, 0x8c4a, 0x8c4a, 0x8c4a, 0x8c4a, 
  0x8c4a, 0x8c4a, 0x8c4a, 0x8c4a, 0x8c4a, 0x8c4a, 0x8c4a, 0x8c4a, 0x8c4a, 0x5def, 0xffff, 0xffff, 
  0xf49c, 0x8c4a, 0x8c4a, 0x8c4a, 0x8c4a, 0x8c4a, 0x8c4a, 0x8c4a, 0x8c4a, 0x8c4a, 0x8c4a, 0x8c4a, 
  0x8c4a, 0x8c4a, 0x8c4a, 0x8c4a, 0x8c4a, 0x8c4a, 0x8c4a, 0x8c4a, 0x8c4a, 0x8c4a, 0x8c4a, 0x8c4a, 
  0x8c4a, 0x8c4a, 0x8c4a, 0x8c4a, 0x8c4a, 0x8c4a, 0x8c4a, 0x8c4a, 0x8c4a, 0x8c4a, 0x8c4a, 0x8c4a, 
  0x8c4a, 0x8c4a, 0x8c4a, 0x8c4a, 0x8c4a, 0x8c4a, 0x8c4a, 0x8c4a, 0x8c4a, 0x8c4a, 0x8c4a, 0x8c4a, 
  0x8c4a, 0x8c4a, 0x8c4a, 0x8c4a, 0x8c4a, 0x8c4a, 0x8c4a, 0x8c4a, 0x8c4a, 0x8c4a, 0x8c4a, 0x8c4a, 
  0x8c4a, 0x8c4a, 0x8c4a, 0x8c4a, 0x8c4a, 0x8c4a, 0x8c4a, 0x8c4a, 0x8c4a, 0x8c4a, 0x8c4a, 0x8c4a, 
  0x8c4a, 0x8c4a, 0x8c4a, 0x8c4a, 0x8c4a, 0x8c4a, 0x8c4a, 0x8c4a, 0x8c4a, 0x8c4a, 0x8c4a, 0x8c4a, 
  0x8c4a, 0x8c4a, 0x8c4a, 0x8c4a, 0x8c4a, 0x8c4a, 0x8c4a, 0x8c4a, 0x8c4a, 0x8c4a, 0x8c4a, 0x8c4a, 
  0x8c4a, 0x8c4a, 0x8c4a, 0x8c4a, 0x8c4a, 0x8c4a, 0x8c4a, 0x8c4a, 0x8c4a, 0x8c4a, 0x8c4a, 0x8c4a, 
  0x8c4a, 0x8c4a, 0x8c4a, 0x8c4a, 0x8c4a, 0x8c4a, 0x8c4a, 0x8c4a, 0x8c4a, 0x8c4a, 0x8c4a, 0x8c4a, 
  0x8c4a, 0x8c4a, 0x8c4a, 0x8c4a, 0x8c4a, 0x8c4a, 0x8c4a, 0x6a62, 0x6a62, 0x8c4a, 0x8c4a, 0x8c4a, 
  0x8c4a, 0x8c4a, 0x8c4a, 0x8c4a, 0x97b5, 0xffff, 0xffff, 0xffff, 0xcd5a, 0x8c4a, 0x8c4a, 0x8c4a, 
  0x8c4a, 0x8c4a, 0x8c4a, 0x8c4a, 0x8c4a, 0x5def, 0xffff, 0xffff, 0x9bd6, 0x8c4a, 0x8c4a, 0xbbd6, 
  0xffff, 0xffff, 0xbef7, 0x8c4a, 0x8c4a, 0x8c4a, 0x8c4a, 0x8c4a, 0x8c4a, 0x8c4a, 0x8c4a, 0x2e63, 
  0xffff, 0xffff, 0xffff, 0xf8bd, 0x8c4a, 0x8c4a, 0x8c4a, 0x3284, 0xffff, 0xffff, 0xffff, 0x8c4a, 
  0x8c4a, 0x8c4a, 0x8c4a, 0x8c4a, 0x8c4a, 0x2e63, 0xf8bd, 0xffff, 0xffff, 0xffff, 0x9bd6, 0x8c4a, 
  0x8c4a, 0x8c4a, 0x8c4a, 0x8c4a, 0x8c4a, 0x8c4a, 0x8c4a, 0x8c4a, 0x8c4a, 0x8c4a, 0xbad6, 0xffff, 
  0xffff, 0x56a5, 0x8c4a, 0x8c4a, 0x8c4a, 0x8c4a, 0x8c4a, 0x8c4a, 0xf49c, 0xbef7, 0xffff, 0xffff, 
  0x36a5, 0x8c4a, 0x8c4a, 0x8c4a, 0x8c4a, 0x8c4a, 0x8c4a, 0x8c4a, 0x8c4a, 0x8c4a, 0x8c4a, 0x8c4a, 
  0x8c4a, 0x8c4a, 0x8c4a, 0x8c4a, 0x8c4a, 0x8c4a, 0x8c4a, 0x8c4a, 0x8c4a, 0x8c4a, 0x8c4a, 0x8c4a, 
  0x8c4a, 0x8c4a, 0x8c4a, 0x8c4a, 0x8c4a, 0x8c4a, 0x8c4a, 0x8c4a, 0x8c4a, 0x8c4a, 0x8c4a, 0x8c4a, 
  0x8c4a, 0x8c4a, 0x8c4a, 0x8c4a, 0x8c4a, 0x8c4a, 0x8c4a, 0x8c4a, 0x8c4a, 0x8c4a, 0x8c4a, 0x8c4a, 
  0x8c4a, 0x8c4a, 0x8c4a, 0x8c4a, 0x8c4a, 0x8c4a, 0x8c4a, 0x8c4a, 0x8c4a, 0x8c4a, 0x8c4a, 0x8c4a, 
  0x8c4a, 0x8c4a, 0x8c4a, 0x8c4a, 0x8c4a, 0x8c4a, 0x8c4a, 0x8c4a, 0x9394, 0xffff, 0xffff, 0xffff, 
  0xf17b, 0x8c4a, 0x8c4a, 0x8c4a, 0x8c4a, 0x8c4a, 0x8c4a, 0x8c4a, 0x8c4a, 0x8c4a, 0x8c4a, 0x8c4a, 
  0x8c4a, 0x8c4a, 0x8c4a, 0x8c4a, 0x8c4a, 0x8c4a, 0x8c4a, 0x8c4a, 0x8c4a, 0x8c4a, 0x8c4a, 0x8c4a, 
  0x8c4a, 0x8c4a, 0x8c4a, 0x8c4a, 0x8c4a, 0xfcde, 0xffff, 0xffff, 0x56a5, 0x8c4a, 0x8c4a, 0x8c4a, 
  0x8c4a, 0x8c4a, 0x8c4a, 0x8c4a, 0x8c4a, 0x8c4a, 0x8c4a, 0x8c4a, 0x8c4a, 0x8c4a, 0x8c4a, 0x8c4a, 
  0x8c4a, 0x8c4a, 0x8c4a, 0x8c4a, 0x8c4a, 0x8c4a, 0x8c4a, 0x8c4a, 0x8c4a, 0x8c4a, 0x8c4a, 0x8c4a, 
  0x8c4a, 0x8c4a, 0x8c4a, 0x8c4a, 0x8c4a, 0x8c4a, 0x8c4a, 0x8c4a, 0x8c4a, 0x8c4a, 0x8c4a, 0x8c4a, 
  0x8c4a, 0x8c4a, 0x8c4a, 0x8c4a, 0x8c4a, 0x8c4a, 0x8c4a, 0x8c4a, 0x8c4a, 0x8c4a, 0x8c4a, 0x8c4a, 
  0x8c4a, 0x8c4a, 0x8c4a, 0x8c4a, 0x8c4a, 0x8c4a, 0x8c4a, 0x8c4a, 0x8c4a, 0x8c4a, 0x8c4a, 0x8c4a, 
  0x8c4a, 0x8c4a, 0x8c4a, 0x8c4a, 0x8c4a, 0x8c4a, 0x8c4a, 0x8c4a, 0x8c4a, 0x8c4a, 0x8c4a, 0x8c4a, 
  0x8c4a, 0x8c4a, 0x8c4a, 0x8c4a, 0x8c4a, 0x8c4a, 0x8c4a, 0x8c4a, 0x8c4a, 0x8c4a, 0x8c4a, 0x8c4a, 
  0x8c4a, 0x8c4a, 0x8c4a, 0x8c4a, 0x8c4a, 0x8c4a, 0x8c4a, 0x8c4a, 0x8c4a, 0x8c4a, 0x8c4a, 0x8c4a, 
  0x8c4a, 0x8c4a, 0x8c4a, 0x8c4a, 0x8c4a, 0x8c4a, 0x8c4a, 0x8c4a, 0x8c4a, 0x8c4a, 0x8c4a, 0x8c4a, 
  0x8c4a, 0x8c4a, 0x8c4a, 0x8c4a, 0x8c4a, 0x8c4a, 0x8c4a, 0x8c4a, 0x8c4a, 0x8c4a, 0x8c4a, 0x8c4a, 
  0x8c4a, 0x8c4a, 0x8c4a, 0x6a62, 0x6a62, 0x8c4a, 0x8c4a, 0x8c4a, 0x8c4a, 0x8c4a, 0x8c4a, 0x8c4a, 
  0xf17b, 0xffff, 0xffff, 0xffff, 0xf49c, 0x8c4a, 0x8c4a, 0x8c4a, 0x8c4a, 0x8c4a, 0x8c4a, 0x8c4a, 
  0x9394, 0xffff, 0xffff, 0xffff, 0xf17b, 0x8c4a, 0x8c4a, 0xf49c, 0xffff, 0xffff, 0xffff, 0xf17b, 
  0x8c4a, 0x8c4a, 0x8c4a, 0x8c4a, 0x8c4a, 0x8c4a, 0x8c4a, 0x9394, 0xffff, 0xffff, 0xffff, 0x2e63, 
  0x8c4a, 0x8c4a, 0x8c4a, 0xf17b, 0xffff, 0xffff, 0xffff, 0x8c4a, 0x8c4a, 0x8c4a, 0x8c4a, 0x8c4a, 
  0x8c4a, 0x8c4a, 0x8c4a, 0x97b5, 0xffff, 0xffff, 0xffff, 0xcd5a, 0x8c4a, 0x8c4a, 0x8c4a, 0x8c4a, 
  0x8c4a, 0x8c4a, 0x8c4a, 0x8c4a, 0x8c4a, 0x8c4a, 0xbad6, 0xffff, 0xffff, 0x56a5, 0x8c4a, 0x8c4a, 
  0x8c4a, 0x8c4a, 0x8c4a, 0x8c4a, 0x8c4a, 0x56a5, 0xffff, 0xffff, 0xbef7, 0x8c4a, 0x8c4a, 0x8c4a, 
  0x8c4a, 0x8c4a, 0x8c4a, 0x8c4a, 0x8c4a, 0x8c4a, 0x8c4a, 0x8c4a, 0x8c4a, 0x8c4a, 0x8c4a, 0x8c4a, 
  0x8c4a, 0x8c4a, 0x8c4a, 0x8c4a, 0x8c4a, 0x8c4a, 0x8c4a, 0x8c4a, 0x8c4a, 0x8c4a, 0x8c4a, 0x8c4a, 
  0x8c4a, 0x8c4a, 0x8c4a, 0x8c4a, 0x8c4a, 0x8c4a, 0x8c4a, 0x8c4a, 0x8c4a, 0x8c4a, 0x8c4a, 0x8c4a, 
  0x8c4a, 0x8c4a, 0x8c4a, 0x8c4a, 0x8c4a, 0x8c4a, 0x8c4a, 0x8c4a, 0x8c4a, 0x8c4a, 0x8c4a, 0x8c4a, 
  0x8c4a, 0x8c4a, 0x8c4a, 0x8c4a, 0x8c4a, 0x8c4a, 0x8c4a, 0x8c4a, 0x8c4a, 0x8c4a, 0x8c4a, 0x8c4a, 
  0x8c4a, 0x8c4a, 0x8c4a, 0x8c4a, 0x3284, 0xffff, 0xffff, 0xffff, 0x9394, 0x8c4a, 0x8c4a, 0x8c4a, 
  0x8c4a, 0x8c4a, 0x8c4a, 0x8c4a, 0x8c4a, 0x8c4a, 0x8c4a, 0x8c4a, 0x8c4a, 0x8c4a, 0x8c4a, 0x8c4a, 
  0x8c4a, 0x8c4a, 0x8c4a, 0x8c4a, 0x8c4a, 0x8c4a, 0x8c4a, 0x8c4a, 0x8c4a, 0x8c4a, 0x8c4a, 0x8c4a, 
  0x8c4a, 0x59ce, 0xffff, 0xffff, 0x56a5, 0x8c4a, 0x8c4a, 0x8c4a, 0x8c4a, 0x8c4a, 0x8c4a, 0x8c4a, 
  0x8c4a, 0x8c4a, 0x8c4a, 0x8c4a, 0x8c4a, 0x8c4a, 0x8c4a, 0x8c4a, 0x8c4a, 0x8c4a, 0x8c4a, 0x8c4a, 
  0x8c4a, 0x8c4a, 0x8c4a, 0x8c4a, 0x8c4a, 0x8c4a, 0x8c4a, 0x8c4a, 0x8c4a, 0x8c4a, 0x8c4a, 0x8c4a, 
  0x8c4a, 0x8c4a, 0x8c4a, 0x8c4a, 0x8c4a, 0x8c4a, 0x8c4a, 0x8c4a, 0x8c4a, 0x8c4a, 0x8c4a, 0x8c4a, 
  0x8c4a, 0x8c4a, 0x8c4a, 0x8c4a, 0x8c4a, 0x8c4a, 0x8c4a, 0x8c4a, 0x8c4a, 0x8c4a, 0x8c4a, 0x8c4a, 
  0x8c4a, 0x8c4a, 0x8c4a, 0x8c4a, 0x8c4a, 0x8c4a, 0x8c4a, 0x8c4a, 0x8c4a, 0x8c4a, 0x8c4a, 0x8c4a, 
  0x8c4a, 0x8c4a, 0x8c4a, 0x8c4a, 0x8c4a, 0x8c4a, 0x8c4a, 0x8c4a, 0x8c4a, 0x8c4a, 0x8c4a, 0x8c4a, 
  0x8c4a, 0x8c4a, 0x8c4a, 0x8c4a, 0x8c4a, 0x8c4a, 0x8c4a, 0x8c4a, 0x8c4a, 0x8c4a, 0x8c4a, 0x8c4a, 
  0x8c4a, 0x8c4a, 0x8c4a, 0x8c4a, 0x8c4a, 0x8c4a, 0x8c4a, 0x8c4a, 0x8c4a, 0x8c4a, 0x8c4a, 0x8c4a, 
  0x8c4a, 0x8c4a, 0x8c4a, 0x8c4a, 0x8c4a, 0x8c4a, 0x8c4a, 0x8c4a, 0x8c4a, 0x8c4a, 0x8c4a, 0x8c4a, 
  0x8c4a, 0x8c4a, 0x8c4a, 0x8c4a, 0x8c4a, 0x8c4a, 0x8c4a, 0x8c4a, 0x8c4a, 0x8c4a, 0x8c4a, 0x6a62, 
  0x6a62, 0x8c4a, 0x8c4a, 0x8c4a, 0x8c4a, 0x8c4a, 0x8c4a, 0x8c4a, 0x8c4a, 0xbef7, 0xffff, 0xffff, 
  0x9bd6, 0x8c4a, 0x8c4a, 0x8c4a, 0x8c4a, 0x8c4a, 0x8c4a, 0x8c4a, 0xbad6, 0xffff, 0xffff, 0x5def, 
  0x8c4a, 0x8c4a, 0x8c4a, 0xed5a, 0xbef7, 0xffff, 0xffff, 0x97b5, 0x8c4a, 0x8c4a, 0x8c4a, 0x8c4a, 
  0x8c4a, 0x8c4a, 0x8c4a, 0x5def, 0xffff, 0xffff, 0xf8bd, 0x8c4a, 0x8c4a, 0x8c4a, 0x8c4a, 0xf17b, 
  0xffff, 0xffff, 0xffff, 0x8c4a, 0x8c4a, 0x8c4a, 0x8c4a, 0x8c4a, 0x8c4a, 0x8c4a, 0x8c4a, 0x8f73, 
  0xffff, 0xffff, 0xffff, 0x8f73, 0x8c4a, 0x8c4a, 0x8c4a, 0x8c4a, 0x8c4a, 0x8c4a, 0x8c4a, 0x8c4a, 
  0x8c4a, 0x8c4a, 0xbad6, 0xffff, 0xffff, 0xf8bd, 0x8c4a, 0x8c4a, 0x8c4a, 0x8c4a, 0x8c4a, 0x8c4a, 
  0x8c4a, 0x3284, 0xffff, 0xffff, 0xffff, 0x2e63, 0x8c4a, 0x8c4a, 0x8c4a, 0x8c4a, 0x8c4a, 0x8c4a, 
  0x8c4a, 0x8c4a, 0x8c4a, 0x8c4a, 0x8c4a, 0x8c4a, 0x8c4a, 0x8c4a, 0x8c4a, 0x8c4a, 0x8c4a, 0x8c4a, 
  0x8c4a, 0x8c4a, 0x8c4a, 0x8c4a, 0x8c4a, 0x8c4a, 0x8c4a, 0x8c4a, 0x8c4a, 0x8c4a, 0x8c4a, 0x8c4a, 
  0x8c4a, 0x8c4a, 0x8c4a, 0x8c4a, 0x8c4a, 0x8c4a, 0x8c4a, 0x8c4a, 0x8c4a, 0x8c4a, 0x8c4a, 0x8c4a, 
  0x8c4a, 0x8c4a, 0x8c4a, 0x8c4a, 0x8c4a, 0x8c4a, 0x8c4a, 0x8c4a, 0x8c4a, 0x8c4a, 0x8c4a, 0x8c4a, 
  0x8c4a, 0x8c4a, 0x8c4a, 0x8c4a, 0x8c4a, 0x8c4a, 0x8c4a, 0x8c4a, 0x8c4a, 0x8c4a, 0x8c4a, 0x8c4a, 
  0x8f73, 0xffff, 0xffff, 0xffff, 0x9394, 0x8c4a, 0x8c4a, 0x8c4a, 0x8c4a, 0x8c4a, 0x8c4a, 0x8c4a, 
  0x8c4a, 0x8c4a, 0x8c4a, 0x8c4a, 0x8c4a, 0x8c4a, 0x8c4a, 0x8c4a, 0x8c4a, 0x8c4a, 0x8c4a, 0x8c4a, 
  0x8c4a, 0x8c4a, 0x8c4a, 0x8c4a, 0x8c4a, 0x8c4a, 0x8c4a, 0x8c4a, 0x8c4a, 0xf8bd, 0xffff, 0xffff, 
  0x56a5, 0x8c4a, 0x8c4a, 0x8c4a, 0x8c4a, 0x8c4a, 0x8c4a, 0x8c4a, 0x8c4a, 0x8c4a, 0x8c4a, 0x8c4a, 
  0x8c4a, 0x8c4a, 0x8c4a, 0x8c4a, 0x8c4a, 0x8c4a, 0x8c4a, 0x8c4a, 0x8c4a, 0x8c4a, 0x8c4a, 0x8c4a, 
  0x8c4a, 0x8c4a, 0x8c4a, 0x8c4a, 0x8c4a, 0x8c4a, 0x8c4a, 0x8c4a, 0x8c4a, 0x8c4a, 0x8c4a, 0x8c4a, 
  0x8c4a, 0x8c4a, 0x8c4a, 0x8c4a, 0x8c4a, 0x8c4a, 0x8c4a, 0x8c4a, 0x8c4a, 0x8c4a, 0x8c4a, 0x8c4a, 
  0x8c4a, 0x8c4a, 0x8c4a, 0x8c4a, 0x8c4a, 0x8c4a, 0x8c4a, 0x8c4a, 0x8c4a, 0x8c4a, 0x8c4a, 0x8c4a, 
  0x8c4a, 0x8c4a, 0x8c4a, 0x8c4a, 0x8c4a, 0x8c4a, 0x8c4a, 0x8c4a, 0x8c4a, 0x8c4a, 0x8c4a, 0x8c4a, 
  0x8c4a, 0x8c4a, 0x8c4a, 0x8c4a, 0x8c4a, 0x8c4a, 0x8c4a, 0x8c4a, 0x8c4a, 0x8c4a, 0x8c4a, 0x8c4a, 
  0x8c4a, 0x8c4a, 0x8c4a, 0x8c4a, 0x8c4a, 0x8c4a, 0x8c4a, 0x8c4a, 0x8c4a, 0x8c4a, 0x8c4a, 0x8c4a, 
  0x8c4a, 0x8c4a, 0x8c4a, 0x8c4a, 0x8c4a, 0x8c4a, 0x8c4a, 0x8c4a, 0x8c4a, 0x8c4a, 0x8c4a, 0x8c4a, 
  0x8c4a, 0x8c4a, 0x8c4a, 0x8c4a, 0x8c4a, 0x8c4a, 0x8c4a, 0x8c4a, 0x8c4a, 0x8c4a, 0x8c4a, 0x8c4a, 
  0x8c4a, 0x8c4a, 0x8c4a, 0x8c4a, 0x8c4a, 0x8c4a, 0x8c4a, 0x6a62, 0x6a62, 0x8c4a, 0x8c4a, 0x8c4a, 
  0x8c4a, 0x8c4a, 0x8c4a, 0x8c4a, 0x8c4a, 0x56a5, 0xffff, 0xffff, 0xffff, 0xcd5a, 0x8c4a, 0x8c4a, 
  0x8c4a, 0x8c4a, 0x8c4a, 0x2e63, 0xffff, 0xffff, 0xffff, 0x9394, 0x8c4a, 0x8c4a, 0x8c4a, 0x8c4a, 
  0xbbd6, 0xffff, 0xffff, 0xbef7, 0xcd5a, 0x8c4a, 0x8c4a, 0x8c4a, 0x8c4a, 0x8c4a, 0xf17b, 0xffff, 
  0xffff, 0xffff, 0xf17b, 0x8c4a, 0x8c4a, 0x8c4a, 0x8c4a, 0xf17b, 0xffff, 0xffff, 0x5def, 0x8c4a, 
  0x8c4a, 0x8c4a, 0x8c4a, 0x8c4a, 0x8c4a, 0x8c4a, 0x8c4a, 0xf17b, 0xffff, 0xffff, 0xffff, 0xf17b, 
  0x8c4a, 0x8c4a, 0x8c4a, 0x8c4a, 0x8c4a, 0x8c4a, 0x8c4a, 0x8c4a, 0x8c4a, 0x8c4a, 0xf8bd, 0xffff, 
  0xffff, 0xf8bd, 0x8c4a, 0x8c4a, 0x8c4a, 0x8c4a, 0x8c4a, 0x8c4a, 0x8c4a, 0xf17b, 0xffff, 0xffff, 
  0xffff, 0x2e63, 0x8c4a, 0x8c4a, 0x8c4a, 0xcd5a, 0xf49c, 0x59ce, 0x5def, 0xfcde, 0x9ad6, 0xf49c, 
  0x2e63, 0x8c4a, 0x8c4a, 0x8c4a, 0x8c4a, 0x8c4a, 0x2e63, 0x59ce, 0x59ce, 0x2e63, 0x8c4a, 0x8c4a, 
  0x8c4a, 0x8c4a, 0x8c4a, 0x3284, 0x9394, 0x8c4a, 0x8c4a, 0x8c4a, 0x8c4a, 0x8c4a, 0x8c4a, 0xf49c, 
  0x5def, 0x97b5, 0x8c4a, 0x8c4a, 0x8c4a, 0x8c4a, 0x8c4a, 0xcd5a, 0xf49c, 0xf8bd, 0xfcde, 0x9ad6, 
  0xf8bd, 0xf17b, 0x8c4a, 0x8c4a, 0x8c4a, 0x8c4a, 0x8c4a, 0x8f73, 0xf8bd, 0x97b5, 0x2e63, 0x8c4a, 
  0xcd5a, 0x36a5, 0x59ce, 0x9ad6, 0x9394, 0x8c4a, 0x8c4a, 0x8c4a, 0x2e63, 0xffff, 0xffff, 0xffff, 
  0xf49c, 0x8c4a, 0x8c4a, 0x8c4a, 0x8c4a, 0x8c4a, 0x8c4a, 0x8c4a, 0x8c4a, 0x8c4a, 0x8c4a, 0x8c4a, 
  0x8c4a, 0x8c4a, 0xcd5a, 0xf49c, 0xf8bd, 0xfcde, 0xfcde, 0x59ce, 0x9394, 0xcd5a, 0x8c4a, 0x8c4a, 
  0x8c4a, 0x8c4a, 0x8c4a, 0x8c4a, 0x8c4a, 0xf8bd, 0xffff, 0xffff, 0x56a5, 0x8c4a, 0xf17b, 0x97b5, 
  0x9ad6, 0x59ce, 0x9394, 0x8c4a, 0x8c4a, 0x8c4a, 0x8c4a, 0x8c4a, 0x8c4a, 0x8c4a, 0x8c4a, 0x8c4a, 
  0x8c4a, 0x8c4a, 0x8c4a, 0x8c4a, 0x8c4a, 0x8c4a, 0x8c4a, 0x8c4a, 0x8c4a, 0x8c4a, 0x8c4a, 0x8c4a, 
  0x8c4a, 0x8c4a, 0x8c4a, 0x8c4a, 0x8c4a, 0x8c4a, 0x8c4a, 0x8c4a, 0x8c4a, 0x8c4a, 0x8c4a, 0x8c4a, 
  0x8c4a, 0x8c4a, 0x8c4a, 0x8c4a, 0x8c4a, 0x8c4a, 0x8c4a, 0x8c4a, 0x8c4a, 0x8c4a, 0x8c4a, 0x8c4a, 
  0x8c4a, 0x8c4a, 0x8c4a, 0x8c4a, 0x8c4a, 0x8c4a, 0x8c4a, 0x8c4a, 0x8c4a, 0x8c4a, 0x8c4a, 0x8c4a, 
  0x8c4a, 0x8c4a, 0x8c4a, 0x8c4a, 0x8c4a, 0x8c4a, 0x8c4a, 0x8c4a, 0x8c4a, 0x8c4a, 0x8c4a, 0x8c4a, 
  0x8c4a, 0x8c4a, 0x8c4a, 0x8c4a, 0x8c4a, 0x8c4a, 0x8c4a, 0x8c4a, 0x8c4a, 0x8c4a, 0x8c4a, 0x8c4a, 
  0x8c4a, 0x8c4a, 0x8c4a, 0x8c4a, 0x8c4a, 0x8c4a, 0x8c4a, 0x8c4a, 0x8c4a, 0x8c4a, 0x8c4a, 0x8c4a, 
  0x8c4a, 0x8c4a, 0x8c4a, 0x8c4a, 0x8c4a, 0x8c4a, 0x8c4a, 0x8c4a, 0x8c4a, 0x8c4a, 0x8c4a, 0x8c4a, 
  0x8c4a, 0x8c4a, 0x8c4a, 0x8c4a, 0x8c4a, 0x8c4a, 0x8c4a, 0x8c4a, 0x8c4a, 0x8c4a, 0x8c4a, 0x8c4a, 
  0x8c4a, 0x8c4a, 0x8c4a, 0x6a62, 0x6a62, 0x8c4a, 0x8c4a, 0x8c4a, 0x8c4a, 0x8c4a, 0x8c4a, 0x8c4a, 
  0x8c4a, 0x2e63, 0xffff, 0xffff, 0xffff, 0x36a5, 0x8c4a, 0x8c4a, 0x8c4a, 0x8c4a, 0x8c4a, 0x56a5, 
  0xffff, 0xffff, 0xffff, 0x2e63, 0x8c4a, 0x8c4a, 0x8c4a, 0x8c4a, 0xf17b, 0xffff, 0xffff, 0xffff, 
  0xf17b, 0x8c4a, 0x8c4a, 0x8c4a, 0x8c4a, 0x8c4a, 0xf8bd, 0xffff, 0xffff, 0x5def, 0x8c4a, 0x8c4a, 
  0x8c4a, 0x8c4a, 0x8c4a, 0xf17b, 0xffff, 0xffff, 0x5def, 0x8c4a, 0x8c4a, 0x8c4a, 0x8c4a, 0x8c4a, 
  0x8c4a, 0x8c4a, 0xcd5a, 0xfcde, 0xffff, 0xffff, 0xbef7, 0xcd5a, 0x8c4a, 0x8c4a, 0x8c4a, 0x8c4a, 
  0x8c4a, 0x8c4a, 0x8c4a, 0x8c4a, 0x8c4a, 0x8c4a, 0xf8bd, 0xffff, 0xffff, 0xf8bd, 0x8c4a, 0x8c4a, 
  0x8c4a, 0x8c4a, 0x8c4a, 0x8c4a, 0x8c4a, 0xf49c, 0xffff, 0xffff, 0xbef7, 0x8c4a, 0x8c4a, 0x8c4a, 
  0xf17b, 0xbef7, 0xffff, 0xffff, 0xffff, 0xffff, 0xffff, 0xffff, 0xffff, 0x36a5, 0x8c4a, 0x8c4a, 
  0x8c4a, 0x8c4a, 0x56a5, 0xffff, 0xffff, 0x59ce, 0x8c4a, 0x8c4a, 0x8c4a, 0x8c4a, 0x2e63, 0xffff, 
  0xffff, 0x97b5, 0x8c4a, 0x8c4a, 0x8c4a, 0x8c4a, 0x2e63, 0xffff, 0xffff, 0xffff, 0xcd5a, 0x8c4a, 
  0x8c4a, 0x8c4a, 0x2e63, 0x5def, 0xffff, 0xffff, 0xffff, 0xffff, 0xffff, 0xffff, 0x59ce, 0x2e63, 
  0x8c4a, 0x8c4a, 0x8c4a, 0x59ce, 0xffff, 0xffff, 0xbef7, 0xf17b, 0x5def, 0xffff, 0xffff, 0xffff, 
  0xffff, 0x9bd6, 0x8c4a, 0x8c4a, 0x8c4a, 0xffff, 0xffff, 0xffff, 0x56a5, 0x8c4a, 0x8c4a, 0x8c4a, 
  0x8c4a, 0x8c4a, 0x8c4a, 0x8c4a, 0x8c4a, 0x8c4a, 0x8c4a, 0x8c4a, 0x8c4a, 0x3284, 0xbef7, 0xffff, 
  0xffff, 0xffff, 0xffff, 0xffff, 0xffff, 0x5def, 0x3284, 0x8c4a, 0x8c4a, 0x8c4a, 0x8c4a, 0x8c4a, 
  0x8c4a, 0xf8bd, 0xffff, 0xffff, 0x97b5, 0x9ad6, 0xffff, 0xffff, 0xffff, 0xffff, 0xffff, 0xfcde, 
  0x2e63, 0x8c4a, 0x8c4a, 0x8c4a, 0x8c4a, 0x8c4a, 0x8c4a, 0x8c4a, 0x8c4a, 0x8c4a, 0x8c4a, 0x8c4a, 
  0x8c4a, 0x8c4a, 0x8c4a, 0x8c4a, 0x8c4a, 0x8c4a, 0x8c4a, 0x8c4a, 0x8c4a, 0x8c4a, 0x8c4a, 0x8c4a, 
  0x8c4a, 0x8c4a, 0x8c4a, 0x8c4a, 0x8c4a, 0x8c4a, 0x8c4a, 0x8c4a, 0x8c4a, 0x8c4a, 0x8c4a, 0x8c4a, 
  0x8c4a, 0x8c4a, 0x8c4a, 0x8c4a, 0x8c4a, 0x8c4a, 0x8c4a, 0x8c4a, 0x8c4a, 0x8c4a, 0x8c4a, 0x8c4a, 
  0x8c4a, 0x8c4a, 0x8c4a, 0x8c4a, 0x8c4a, 0x8c4a, 0x8c4a, 0x8c4a, 0x8c4a, 0x8c4a, 0x8c4a, 0x8c4a, 
  0x8c4a, 0x8c4a, 0x8c4a, 0x8c4a, 0x8c4a, 0x8c4a, 0x8c4a, 0x8c4a, 0x8c4a, 0x8c4a, 0x8c4a, 0x8c4a, 
  0x8c4a, 0x8c4a, 0x8c4a, 0x8c4a, 0x8c4a, 0x8c4a, 0x8c4a, 0x8c4a, 0x8c4a, 0x8c4a, 0x8c4a, 0x8c4a, 
  0x8c4a, 0x8c4a, 0x8c4a, 0x8c4a, 0x8c4a, 0x8c4a, 0x8c4a, 0x8c4a, 0x8c4a, 0x8c4a, 0x8c4a, 0x8c4a, 
  0x8c4a, 0x8c4a, 0x8c4a, 0x8c4a, 0x8c4a, 0x8c4a, 0x8c4a, 0x8c4a, 0x8c4a, 0x8c4a, 0x8c4a, 0x8c4a, 
  0x8c4a, 0x8c4a, 0x8c4a, 0x8c4a, 0x8c4a, 0x8c4a, 0x8c4a, 0x8c4a, 0x8c4a, 0x8c4a, 0x8c4a, 0x6a62, 
  0x6a62, 0x8c4a, 0x8c4a, 0x8c4a, 0x8c4a, 0x8c4a, 0x8c4a, 0x8c4a, 0x8c4a, 0x8c4a, 0xbbd6, 0xffff, 
  0xffff, 0x9bd6, 0x8c4a, 0x8c4a, 0x8c4a, 0x8c4a, 0x8c4a, 0x5def, 0xffff, 0xffff, 0xf8bd, 0x8c4a, 
  0x8c4a, 0x8c4a, 0x8c4a, 0x8c4a, 0x8c4a, 0xbef7, 0xffff, 0xffff, 0x9bd6, 0x8c4a, 0x8c4a, 0x8c4a, 
  0x8c4a, 0x2e63, 0xffff, 0xffff, 0xffff, 0x9394, 0x8c4a, 0x8c4a, 0x8c4a, 0x8c4a, 0x8c4a, 0xf17b, 
  0xffff, 0xffff, 0xfcde, 0x8c4a, 0x8c4a, 0x8c4a, 0x8c4a, 0x8c4a, 0xcd5a, 0xf49c, 0x5def, 0xffff, 
  0xffff, 0xffff, 0x36a5, 0x8c4a, 0x8c4a, 0x8c4a, 0x8c4a, 0x8c4a, 0x8c4a, 0x8c4a, 0x8c4a, 0x8c4a, 
  0x8c4a, 0x8c4a, 0xf8bd, 0xffff, 0xffff, 0xf8bd, 0x8c4a, 0x8c4a, 0x8c4a, 0x8c4a, 0x8c4a, 0x8c4a, 
  0x2e63, 0x5def, 0xffff, 0xffff, 0xf8bd, 0x8c4a, 0x8c4a, 0x2e63, 0xbef7, 0xffff, 0xffff, 0xffff, 
  0xfcde, 0xbbd6, 0xbef7, 0xffff, 0xffff, 0xffff, 0xf49c, 0x8c4a, 0x8c4a, 0x8c4a, 0xf49c, 0xffff, 
  0xffff, 0x5def, 0x8c4a, 0x8c4a, 0x8c4a, 0x8c4a, 0xf8bd, 0xffff, 0xffff, 0xbef7, 0xcd5a, 0x8c4a, 
  0x8c4a, 0x8c4a, 0x9394, 0xffff, 0xffff, 0x5def, 0x8c4a, 0x8c4a, 0x8c4a, 0x2e63, 0x5def, 0xffff, 
  0xffff, 0xffff, 0x5def, 0xbef7, 0xffff, 0xffff, 0xffff, 0x5def, 0xcd5a, 0x8c4a, 0x8c4a, 0xf17b, 
  0xbef7, 0xffff, 0xffff, 0xffff, 0xffff, 0xffff, 0xffff, 0xffff, 0xffff, 0xffff, 0x2e63, 0x8c4a, 
  0x8c4a, 0xbef7, 0xffff, 0xffff, 0x56a5, 0x8c4a, 0x8c4a, 0x8c4a, 0x8c4a, 0x8c4a, 0x8c4a, 0x8c4a, 
  0x8c4a, 0x8c4a, 0x8c4a, 0x8c4a, 0x8c4a, 0xbad6, 0xffff, 0xffff, 0xffff, 0xbef7, 0xffff, 0xffff, 
  0xffff, 0xffff, 0xffff, 0x8f73, 0x8c4a, 0x8c4a, 0x8c4a, 0x8c4a, 0x8c4a, 0xf8bd, 0xffff, 0xffff, 
  0xffff, 0xffff, 0xffff, 0xffff, 0xffff, 0xffff, 0xffff, 0xffff, 0x5def, 0xcd5a, 0x8c4a, 0x8c4a, 
  0x8c4a, 0x8c4a, 0x8c4a, 0x8c4a, 0x8c4a, 0x8c4a, 0x8c4a, 0x8c4a, 0x8c4a, 0x8c4a, 0x8c4a, 0x8c4a, 
  0x8c4a, 0x8c4a, 0x8c4a, 0x8c4a, 0x8c4a, 0x8c4a, 0x8c4a, 0x8c4a, 0x8c4a, 0x8c4a, 0x8c4a, 0x8c4a, 
  0x8c4a, 0x8c4a, 0x8c4a, 0x8c4a, 0x8c4a, 0x8c4a, 0x8c4a, 0x8c4a, 0x8c4a, 0x8c4a, 0x8c4a, 0x8c4a, 
  0x8c4a, 0x8c4a, 0x8c4a, 0x8c4a, 0x8c4a, 0x8c4a, 0x8c4a, 0x8c4a, 0x8c4a, 0x8c4a, 0x8c4a, 0x8c4a, 
  0x8c4a, 0x8c4a, 0x8c4a, 0x8c4a, 0x8c4a, 0x8c4a, 0x8c4a, 0x8c4a, 0x8c4a, 0x8c4a, 0x8c4a, 0x8c4a, 
  0x8c4a, 0x8c4a, 0x8c4a, 0x8c4a, 0x8c4a, 0x8c4a, 0x8c4a, 0x8c4a, 0x8c4a, 0x8c4a, 0x8c4a, 0x8c4a, 
  0x8c4a, 0x8c4a, 0x8c4a, 0x8c4a, 0x8c4a, 0x8c4a, 0x8c4a, 0x8c4a, 0x8c4a, 0x8c4a, 0x8c4a, 0x8c4a, 
  0x8c4a, 0x8c4a, 0x8c4a, 0x8c4a, 0x8c4a, 0x8c4a, 0x8c4a, 0x8c4a, 0x8c4a, 0x8c4a, 0x8c4a, 0x8c4a, 
  0x8c4a, 0x8c4a, 0x8c4a, 0x8c4a, 0x8c4a, 0x8c4a, 0x8c4a, 0x8c4a, 0x8c4a, 0x8c4a, 0x8c4a, 0x8c4a, 
  0x8c4a, 0x8c4a, 0x8c4a, 0x8c4a, 0x8c4a, 0x8c4a, 0x8c4a, 0x6a62, 0x6a62, 0x8c4a, 0x8c4a, 0x8c4a, 
  0x8c4a, 0x8c4a, 0x8c4a, 0x8c4a, 0x8c4a, 0x8c4a, 0x3284, 0xffff, 0xffff, 0xffff, 0xf17b, 0x8c4a, 
  0x8c4a, 0x8c4a, 0x3284, 0xffff, 0xffff, 0xffff, 0xf17b, 0x8c4a, 0x8c4a, 0x8c4a, 0x8c4a, 0x8c4a, 
  0x8c4a, 0x56a5, 0xffff, 0xffff, 0xbef7, 0xcd5a, 0x8c4a, 0x8c4a, 0x8c4a, 0x9394, 0xffff, 0xffff, 
  0xffff, 0x2e63, 0x8c4a, 0x8c4a, 0x8c4a, 0x8c4a, 0x8c4a, 0xf17b, 0xffff, 0xffff, 0x9bd6, 0x8c4a, 
  0x8c4a, 0x2e63, 0x9394, 0x9ad6, 0xbef7, 0xffff, 0xffff, 0xffff, 0xffff, 0x97b5, 0x8c4a, 0x8c4a, 
  0x8c4a, 0x8c4a, 0x8c4a, 0x8c4a, 0x8c4a, 0x8c4a, 0x8c4a, 0x8c4a, 0x8c4a, 0x8c4a, 0xf8bd, 0xffff, 
  0xffff, 0x9bd6, 0x3284, 0x8f73, 0xcd5a, 0x8c4a, 0x2e63, 0x9394, 0x5def, 0xffff, 0xffff, 0xffff, 
  0x2e63, 0x8c4a, 0x8c4a, 0xf8bd, 0xffff, 0xffff, 0x5def, 0x2e63, 0x8c4a, 0x8c4a, 0x8c4a, 0x97b5, 
  0xffff, 0xffff, 0xffff, 0x2e63, 0x8c4a, 0x8c4a, 0xf17b, 0xffff, 0xffff, 0xffff, 0xcd5a, 0x8c4a, 
  0x8c4a, 0x8c4a, 0x5def, 0xffff, 0xffff, 0xffff, 0xf17b, 0x8c4a, 0x8c4a, 0x8c4a, 0xf8bd, 0xffff, 
  0xffff, 0xf8bd, 0x8c4a, 0x8c4a, 0x8c4a, 0x59ce, 0xffff, 0xffff, 0xfcde, 0x8f73, 0x8c4a, 0x8c4a, 
  0x9394, 0x5def, 0xffff, 0xffff, 0x36a5, 0x8c4a, 0x8c4a, 0x8c4a, 0x3284, 0xffff, 0xffff, 0xffff, 
  0xffff, 0x56a5, 0x9394, 0x5def, 0xffff, 0x5def, 0x8c4a, 0x8c4a, 0x8c4a, 0x5def, 0xffff, 0xffff, 
  0x56a5, 0x8c4a, 0x8c4a, 0x8c4a, 0x8c4a, 0x8c4a, 0x8c4a, 0x8c4a, 0x8c4a, 0x8c4a, 0x8c4a, 0x8c4a, 
  0x8c4a, 0xf49c, 0x5def, 0xf8bd, 0x8f73, 0x8c4a, 0x8c4a, 0x8f73, 0x59ce, 0xffff, 0xffff, 0x9bd6, 
  0x8c4a, 0x8c4a, 0x8c4a, 0x8c4a, 0x8c4a, 0xf8bd, 0xffff, 0xffff, 0xffff, 0xffff, 0x56a5, 0x5284, 
  0xf17b, 0x97b5, 0xffff, 0xffff, 0xffff, 0x36a5, 0x8c4a, 0x8c4a, 0x8c4a, 0x8c4a, 0x8c4a, 0x8c4a, 
  0x8c4a, 0x8c4a, 0x8c4a, 0x8c4a, 0x8c4a, 0x8c4a, 0x8c4a, 0x8c4a, 0x8c4a, 0x8c4a, 0x8c4a, 0x8c4a, 
  0x8c4a, 0x8c4a, 0x8c4a, 0x8c4a, 0x8c4a, 0x8c4a, 0x8c4a, 0x8c4a, 0x8c4a, 0x8c4a, 0x8c4a, 0x8c4a, 
  0x8c4a, 0x8c4a, 0x8c4a, 0x8c4a, 0x8c4a, 0x8c4a, 0x8c4a, 0x8c4a, 0x8c4a, 0x8c4a, 0x8c4a, 0x8c4a, 
  0x8c4a, 0x8c4a, 0x8c4a, 0x8c4a, 0x8c4a, 0x8c4a, 0x8c4a, 0x8c4a, 0x8c4a, 0x8c4a, 0x8c4a, 0x8c4a, 
  0x8c4a, 0x8c4a, 0x8c4a, 0x8c4a, 0x8c4a, 0x8c4a, 0x8c4a, 0x8c4a, 0x8c4a, 0x8c4a, 0x8c4a, 0x8c4a, 
  0x8c4a, 0x8c4a, 0x8c4a, 0x8c4a, 0x8c4a, 0x8c4a, 0x8c4a, 0x8c4a, 0x8c4a, 0x8c4a, 0x8c4a, 0x8c4a, 
  0x8c4a, 0x8c4a, 0x8c4a, 0x8c4a, 0x8c4a, 0x8c4a, 0x8c4a, 0x8c4a, 0x8c4a, 0x8c4a, 0x8c4a, 0x8c4a, 
  0x8c4a, 0x8c4a, 0x8c4a, 0x8c4a, 0x8c4a, 0x8c4a, 0x8c4a, 0x8c4a, 0x8c4a, 0x8c4a, 0x8c4a, 0x8c4a, 
  0x8c4a, 0x8c4a, 0x8c4a, 0x8c4a, 0x8c4a, 0x8c4a, 0x8c4a, 0x8c4a, 0x8c4a, 0x8c4a, 0x8c4a, 0x8c4a, 
  0x8c4a, 0x8c4a, 0x8c4a, 0x6a62, 0x6a62, 0x8c4a, 0x8c4a, 0x8c4a, 0x8c4a, 0x8c4a, 0x8c4a, 0x8c4a, 
  0x8c4a, 0x8c4a, 0xed5a, 0xbef7, 0xffff, 0xffff, 0x97b5, 0x8c4a, 0x8c4a, 0x8c4a, 0xf8bd, 0xffff, 
  0xffff, 0x5def, 0x8c4a, 0x8c4a, 0x8c4a, 0x8c4a, 0x8c4a, 0x8c4a, 0x8c4a, 0xed5a, 0xffff, 0xffff, 
  0xffff, 0xf49c, 0x8c4a, 0x8c4a, 0x8c4a, 0x5def, 0xffff, 0xffff, 0x9bd6, 0x8c4a, 0x8c4a, 0x8c4a, 
  0x8c4a, 0x8c4a, 0x8c4a, 0x3284, 0xffff, 0xffff, 0xffff, 0xbef7, 0xffff, 0xffff, 0xffff, 0xffff, 
  0xffff, 0xffff, 0xffff, 0x5def, 0xf17b, 0x8c4a, 0x8c4a, 0x8c4a, 0x8c4a, 0x8c4a, 0x8c4a, 0x8c4a, 
  0x8c4a, 0x8c4a, 0x8c4a, 0x8c4a, 0x8c4a, 0x8c4a, 0xf8bd, 0xffff, 0xffff, 0xffff, 0xffff, 0xffff, 
  0xffff, 0xffff, 0xffff, 0xffff, 0xffff, 0xffff, 0xffff, 0x36a5, 0x8c4a, 0x8c4a, 0x2e63, 0xffff, 
  0xffff, 0xffff, 0xf17b, 0x8c4a, 0x8c4a, 0x8c4a, 0x8c4a, 0x8c4a, 0xbef7, 0xffff, 0xffff, 0x97b5, 
  0x8c4a, 0x8c4a, 0x8c4a, 0xbef7, 0xffff, 0xffff, 0x3284, 0x8c4a, 0x8c4a, 0x8f73, 0xffff, 0xffff, 
  0xffff, 0xffff, 0x97b5, 0x8c4a, 0x8c4a, 0x8c4a, 0xfcde, 0xffff, 0xffff, 0x3284, 0x8c4a, 0x8c4a, 
  0xf17b, 0xffff, 0xffff, 0x5def, 0xed5a, 0x8c4a, 0x8c4a, 0x8c4a, 0x8c4a, 0xf17b, 0xffff, 0xffff, 
  0x9bd6, 0x8c4a, 0x8c4a, 0x8c4a, 0xf17b, 0xffff, 0xffff, 0xffff, 0x36a5, 0x8c4a, 0x8c4a, 0x2e63, 
  0x56a5, 0x2e63, 0x8c4a, 0x8c4a, 0x8c4a, 0x5def, 0xffff, 0xffff, 0x56a5, 0x8c4a, 0x8c4a, 0x8c4a, 
  0x8c4a, 0x8c4a, 0x8c4a, 0x8c4a, 0x8c4a, 0x8c4a, 0x8c4a, 0x8c4a, 0x8c4a, 0x8c4a, 0x8c4a, 0x8c4a, 
  0x8c4a, 0x8c4a, 0x8c4a, 0x8c4a, 0xed5a, 0xbef7, 0xffff, 0xffff, 0x2e63, 0x8c4a, 0x8c4a, 0x8c4a, 
  0x8c4a, 0xf8bd, 0xffff, 0xffff, 0xffff, 0x9394, 0x8c4a, 0x8c4a, 0x8c4a, 0x8c4a, 0x56a5, 0xffff, 
  0xffff, 0xbef7, 0x8c4a, 0x8c4a, 0x8c4a, 0x8c4a, 0x8c4a, 0x8c4a, 0x8c4a, 0x8c4a, 0x8c4a, 0x8c4a, 
  0x8c4a, 0x8c4a, 0x8c4a, 0x8c4a, 0x8c4a, 0x8c4a, 0x8c4a, 0x8c4a, 0x8c4a, 0x8c4a, 0x8c4a, 0x8c4a, 
  0x8c4a, 0x8c4a, 0x8c4a, 0x8c4a, 0x8c4a, 0x8c4a, 0x8c4a, 0x8c4a, 0x8c4a, 0x8c4a, 0x8c4a, 0x8c4a, 
  0x8c4a, 0x8c4a, 0x8c4a, 0x8c4a, 0x8c4a, 0x8c4a, 0x8c4a, 0x8c4a, 0x8c4a, 0x8c4a, 0x8c4a, 0x8c4a, 
  0x8c4a, 0x8c4a, 0x8c4a, 0x8c4a, 0x8c4a, 0x8c4a, 0x8c4a, 0x8c4a, 0x8c4a, 0x8c4a, 0x8c4a, 0x8c4a, 
  0x8c4a, 0x8c4a, 0x8c4a, 0x8c4a, 0x8c4a, 0x8c4a, 0x8c4a, 0x8c4a, 0x8c4a, 0x8c4a, 0x8c4a, 0x8c4a, 
  0x8c4a, 0x8c4a, 0x8c4a, 0x8c4a, 0x8c4a, 0x8c4a, 0x8c4a, 0x8c4a, 0x8c4a, 0x8c4a, 0x8c4a, 0x8c4a, 
  0x8c4a, 0x8c4a, 0x8c4a, 0x8c4a, 0x8c4a, 0x8c4a, 0x8c4a, 0x8c4a, 0x8c4a, 0x8c4a, 0x8c4a, 0x8c4a, 
  0x8c4a, 0x8c4a, 0x8c4a, 0x8c4a, 0x8c4a, 0x8c4a, 0x8c4a, 0x8c4a, 0x8c4a, 0x8c4a, 0x8c4a, 0x8c4a, 
  0x8c4a, 0x8c4a, 0x8c4a, 0x8c4a, 0x8c4a, 0x8c4a, 0x8c4a, 0x8c4a, 0x8c4a, 0x8c4a, 0x8c4a, 0x6a62, 
  0x6a62, 0x8c4a, 0x8c4a, 0x8c4a, 0x8c4a, 0x8c4a, 0x8c4a, 0x8c4a, 0x8c4a, 0x8c4a, 0x8c4a, 0x56a5, 
  0xffff, 0xffff, 0xbef7, 0x8c4a, 0x8c4a, 0x2e63, 0xffff, 0xffff, 0xffff, 0x36a5, 0x8c4a, 0x8c4a, 
  0x8c4a, 0x8c4a, 0x8c4a, 0x8c4a, 0x8c4a, 0x8c4a, 0xbbd6, 0xffff, 0xffff, 0x9bd6, 0x8c4a, 0x8c4a, 
  0x8f73, 0xffff, 0xffff, 0xffff, 0x9394, 0x8c4a, 0x8c4a, 0x8c4a, 0x8c4a, 0x8c4a, 0x8c4a, 0x9394, 
  0xffff, 0xffff, 0xffff, 0xffff, 0xffff, 0xffff, 0xffff, 0xffff, 0xffff, 0xbef7, 0xf17b, 0x8c4a, 
  0x8c4a, 0x8c4a, 0x8c4a, 0x8c4a, 0x8c4a, 0x8c4a, 0x8c4a, 0x8c4a, 0x8c4a, 0x8c4a, 0x8c4a, 0x8c4a, 
  0x8c4a, 0x8c4a, 0xbad6, 0xffff, 0xffff, 0xffff, 0xffff, 0xffff, 0xffff, 0xffff, 0xffff, 0xffff, 
  0xffff, 0xbef7, 0xf49c, 0x8c4a, 0x8c4a, 0x8c4a, 0xf49c, 0xffff, 0xffff, 0x5def, 0x8c4a, 0x8c4a, 
  0x8c4a, 0x8c4a, 0x8c4a, 0x8c4a, 0x97b5, 0xffff, 0xffff, 0xfcde, 0x8c4a, 0x8c4a, 0x8c4a, 0xbbd6, 
  0xffff, 0xffff, 0x97b5, 0x8c4a, 0x8c4a, 0xf49c, 0xffff, 0xffff, 0xffff, 0xffff, 0x5def, 0x8c4a, 
  0x8c4a, 0xed5a, 0xffff, 0xffff, 0xffff, 0x8c4a, 0x8c4a, 0x8c4a, 0x56a5, 0xffff, 0xffff, 0xf8bd, 
  0xf17b, 0xf17b, 0xf17b, 0xf17b, 0xf17b, 0x3284, 0xbef7, 0xffff, 0x5def, 0x8c4a, 0x8c4a, 0x8c4a, 
  0xf17b, 0xffff, 0xffff, 0xffff, 0x2e63, 0x8c4a, 0x8c4a, 0x8c4a, 0x8c4a, 0x8c4a, 0x8c4a, 0x8c4a, 
  0x8c4a, 0x5def, 0xffff, 0xffff, 0x56a5, 0x8c4a, 0x8c4a, 0x8c4a, 0x8c4a, 0x8c4a, 0x8c4a, 0x8c4a, 
  0x8c4a, 0x8c4a, 0x8c4a, 0x8c4a, 0x8c4a, 0x8c4a, 0x8c4a, 0xcd5a, 0x8f73, 0x3284, 0xf17b, 0x2e63, 
  0x8c4a, 0xfcde, 0xffff, 0xffff, 0x3284, 0x8c4a, 0x8c4a, 0x8c4a, 0x8c4a, 0xf8bd, 0xffff, 0xffff, 
  0xfcde, 0x8c4a, 0x8c4a, 0x8c4a, 0x8c4a, 0x8c4a, 0xed5a, 0xbef7, 0xffff, 0xffff, 0xf17b, 0x8c4a, 
  0x8c4a, 0x8c4a, 0x8c4a, 0x8c4a, 0x8c4a, 0x8c4a, 0x8c4a, 0x8c4a, 0x8c4a, 0x8c4a, 0x8c4a, 0x8c4a, 
  0x8c4a, 0x8c4a, 0x8c4a, 0x8c4a, 0x8c4a, 0x8c4a, 0x8c4a, 0x8c4a, 0x8c4a, 0x8c4a, 0x8c4a, 0x8c4a, 
  0x8c4a, 0x8c4a, 0x8c4a, 0x8c4a, 0x8c4a, 0x8c4a, 0x8c4a, 0x8c4a, 0x8c4a, 0x8c4a, 0x8c4a, 0x8c4a, 
  0x8c4a, 0x8c4a, 0x8c4a, 0x8c4a, 0x8c4a, 0x8c4a, 0x8c4a, 0x8c4a, 0x8c4a, 0x8c4a, 0x8c4a, 0x8c4a, 
  0x8c4a, 0x8c4a, 0x8c4a, 0x8c4a, 0x8c4a, 0x8c4a, 0x8c4a, 0x8c4a, 0x8c4a, 0x8c4a, 0x8c4a, 0x8c4a, 
  0x8c4a, 0x8c4a, 0x8c4a, 0x8c4a, 0x8c4a, 0x8c4a, 0x8c4a, 0x8c4a, 0x8c4a, 0x8c4a, 0x8c4a, 0x8c4a, 
  0x8c4a, 0x8c4a, 0x8c4a, 0x8c4a, 0x8c4a, 0x8c4a, 0x8c4a, 0x8c4a, 0x8c4a, 0x8c4a, 0x8c4a, 0x8c4a, 
  0x8c4a, 0x8c4a, 0x8c4a, 0x8c4a, 0x8c4a, 0x8c4a, 0x8c4a, 0x8c4a, 0x8c4a, 0x8c4a, 0x8c4a, 0x8c4a, 
  0x8c4a, 0x8c4a, 0x8c4a, 0x8c4a, 0x8c4a, 0x8c4a, 0x8c4a, 0x8c4a, 0x8c4a, 0x8c4a, 0x8c4a, 0x8c4a, 
  0x8c4a, 0x8c4a, 0x8c4a, 0x8c4a, 0x8c4a, 0x8c4a, 0x8c4a, 0x6a62, 0x6a62, 0x8c4a, 0x8c4a, 0x8c4a, 
  0x8c4a, 0x8c4a, 0x8c4a, 0x8c4a, 0x8c4a, 0x8c4a, 0x8c4a, 0x2e63, 0xffff, 0xffff, 0xffff, 0xf17b, 
  0x8c4a, 0x9394, 0xffff, 0xffff, 0xffff, 0x2e63, 0x8c4a, 0x8c4a, 0x8c4a, 0x8c4a, 0x8c4a, 0x8c4a, 
  0x8c4a, 0x8c4a, 0xf17b, 0xffff, 0xffff, 0xffff, 0x2e63, 0x8c4a, 0xf8bd, 0xffff, 0xffff, 0x5def, 
  0x8c4a, 0x8c4a, 0x8c4a, 0x8c4a, 0x8c4a, 0x8c4a, 0x8c4a, 0x9394, 0xffff, 0xffff, 0xffff, 0x5def, 
  0xfcde, 0xf8bd, 0x97b5, 0xffff, 0xffff, 0xffff, 0x3284, 0x8c4a, 0x8c4a, 0x8c4a, 0x8c4a, 0x8c4a, 
  0x8c4a, 0x8c4a, 0x8c4a, 0x8c4a, 0x8c4a, 0x8c4a, 0x8c4a, 0x8c4a, 0x8c4a, 0x8c4a, 0xbad6, 0xffff, 
  0xffff, 0x9bd6, 0x97b5, 0x59ce, 0xbbd6, 0xbbd6, 0xbbd6, 0xf8bd, 0xf49c, 0xed5a, 0x8c4a, 0x8c4a, 
  0x8c4a, 0x8c4a, 0xf8bd, 0xffff, 0xffff, 0x59ce, 0x8c4a, 0x8c4a, 0x8c4a, 0x8c4a, 0x8c4a, 0x8c4a, 
  0x9394, 0xffff, 0xffff, 0x5def, 0x8c4a, 0x8c4a, 0x8c4a, 0x9394, 0xffff, 0xffff, 0x9bd6, 0x8c4a, 
  0x8c4a, 0xbad6, 0xffff, 0xbef7, 0xf8bd, 0xffff, 0xffff, 0x2e63, 0x8c4a, 0xf17b, 0xffff, 0xffff, 
  0x59ce, 0x8c4a, 0x8c4a, 0x8c4a, 0x56a5, 0xffff, 0xffff, 0xffff, 0xffff, 0xffff, 0xffff, 0xffff, 
  0xffff, 0xffff, 0xffff, 0xffff, 0xfcde, 0x8c4a, 0x8c4a, 0x8c4a, 0xf17b, 0xffff, 0xffff, 0xbef7, 
  0x8c4a, 0x8c4a, 0x8c4a, 0x8c4a, 0x8c4a, 0x8c4a, 0x8c4a, 0x8c4a, 0x8c4a, 0xbef7, 0xffff, 0xffff, 
  0x56a5, 0x8c4a, 0x8c4a, 0x8c4a, 0x8c4a, 0x8c4a, 0x8c4a, 0x8c4a, 0x8c4a, 0x8c4a, 0x8c4a, 0x8c4a, 
  0x8c4a, 0x8f73, 0x9ad6, 0xffff, 0xffff, 0xffff, 0xffff, 0xffff, 0xfcde, 0x5def, 0xffff, 0xffff, 
  0xf17b, 0x8c4a, 0x8c4a, 0x8c4a, 0x8c4a, 0xf8bd, 0xffff, 0xffff, 0x59ce, 0x8c4a, 0x8c4a, 0x8c4a, 
  0x8c4a, 0x8c4a, 0x8c4a, 0xfcde, 0xffff, 0xffff, 0x9394, 0x8c4a, 0x8c4a, 0x8c4a, 0x8c4a, 0x8c4a, 
  0x8c4a, 0x8c4a, 0x8c4a, 0x8c4a, 0x8c4a, 0x8c4a, 0x8c4a, 0x8c4a, 0x8c4a, 0x8c4a, 0x8c4a, 0x8c4a, 
  0x8c4a, 0x8c4a, 0x8c4a, 0x8c4a, 0x8c4a, 0x8c4a, 0x8c4a, 0x8c4a, 0x8c4a, 0x8c4a, 0x8c4a, 0x8c4a, 
  0x8c4a, 0x8c4a, 0x8c4a, 0x8c4a, 0x8c4a, 0x8c4a, 0x8c4a, 0x8c4a, 0x8c4a, 0x8c4a, 0x8c4a, 0x8c4a, 
  0x8c4a, 0x8c4a, 0x8c4a, 0x8c4a, 0x8c4a, 0x8c4a, 0x8c4a, 0x8c4a, 0x8c4a, 0x8c4a, 0x8c4a, 0x8c4a, 
  0x8c4a, 0x8c4a, 0x8c4a, 0x8c4a, 0x8c4a, 0x8c4a, 0x8c4a, 0x8c4a, 0x8c4a, 0x8c4a, 0x8c4a, 0x8c4a, 
  0x8c4a, 0x8c4a, 0x8c4a, 0x8c4a, 0x8c4a, 0x8c4a, 0x8c4a, 0x8c4a, 0x8c4a, 0x8c4a, 0x8c4a, 0x8c4a, 
  0x8c4a, 0x8c4a, 0x8c4a, 0x8c4a, 0x8c4a, 0x8c4a, 0x8c4a, 0x8c4a, 0x8c4a, 0x8c4a, 0x8c4a, 0x8c4a, 
  0x8c4a, 0x8c4a, 0x8c4a, 0x8c4a, 0x8c4a, 0x8c4a, 0x8c4a, 0x8c4a, 0x8c4a, 0x8c4a, 0x8c4a, 0x8c4a, 
  0x8c4a, 0x8c4a, 0x8c4a, 0x8c4a, 0x8c4a, 0x8c4a, 0x8c4a, 0x8c4a, 0x8c4a, 0x8c4a, 0x8c4a, 0x8c4a, 
  0x8c4a, 0x8c4a, 0x8c4a, 0x6a62, 0x6a62, 0x8c4a, 0x8c4a, 0x8c4a, 0x8c4a, 0x8c4a, 0x8c4a, 0x8c4a, 
  0x8c4a, 0x8c4a, 0x8c4a, 0x8c4a, 0xbbd6, 0xffff, 0xffff, 0x9bd6, 0x8c4a, 0xbad6, 0xffff, 0xffff, 
  0x9bd6, 0x8c4a, 0x8c4a, 0x8c4a, 0x8c4a, 0x8c4a, 0x8c4a, 0x8c4a, 0x8c4a, 0x8c4a, 0x8c4a, 0x5def, 
  0xffff, 0xffff, 0x36a5, 0x8c4a, 0x5def, 0xffff, 0xffff, 0xf8bd, 0x8c4a, 0x8c4a, 0x8c4a, 0x8c4a, 
  0x8c4a, 0x8c4a, 0x8c4a, 0x9394, 0xffff, 0xffff, 0xfcde, 0x8c4a, 0x8c4a, 0x8c4a, 0x8c4a, 0xf8bd, 
  0xffff, 0xffff, 0x5def, 0xcd5a, 0x8c4a, 0x8c4a, 0x8c4a, 0x8c4a, 0x8c4a, 0x8c4a, 0x8c4a, 0x8c4a, 
  0x8c4a, 0x8c4a, 0x8c4a, 0x8c4a, 0x8c4a, 0x8c4a, 0xbad6, 0xffff, 0xffff, 0x56a5, 0x8c4a, 0x8c4a, 
  0x8c4a, 0x8c4a, 0x8c4a, 0x8c4a, 0x8c4a, 0x8c4a, 0x8c4a, 0x8c4a, 0x8c4a, 0x8c4a, 0xf8bd, 0xffff, 
  0xffff, 0xf8bd, 0x8c4a, 0x8c4a, 0x8c4a, 0x8c4a, 0x8c4a, 0x8c4a, 0x9394, 0xffff, 0xffff, 0x9bd6, 
  0x8c4a, 0x8c4a, 0x8c4a, 0xed5a, 0xffff, 0xffff, 0xffff, 0xcd5a, 0x2e63, 0xffff, 0xffff, 0x59ce, 
  0xf49c, 0xffff, 0xffff, 0x36a5, 0x8c4a, 0xf8bd, 0xffff, 0xffff, 0x9394, 0x8c4a, 0x8c4a, 0x8c4a, 
  0x56a5, 0xffff, 0xffff, 0xffff, 0xffff, 0xffff, 0xffff, 0xffff, 0xffff, 0xffff, 0xffff, 0x5def, 
  0x8f73, 0x8c4a, 0x8c4a, 0x8c4a, 0xf17b, 0xffff, 0xffff, 0x5def, 0x8c4a, 0x8c4a, 0x8c4a, 0x8c4a, 
  0x8c4a, 0x8c4a, 0x8c4a, 0x8c4a, 0x8c4a, 0xffff, 0xffff, 0xffff, 0x56a5, 0x8c4a, 0x8c4a, 0x8c4a, 
  0x8c4a, 0x8c4a, 0x8c4a, 0x8c4a, 0x8c4a, 0x8c4a, 0x8c4a, 0x8c4a, 0x8f73, 0xffff, 0xffff, 0xffff, 
  0xffff, 0xffff, 0xffff, 0xffff, 0xffff, 0xffff, 0xffff, 0xffff, 0xf17b, 0x8c4a, 0x8c4a, 0x8c4a, 
  0x8c4a, 0xf8bd, 0xffff, 0xffff, 0xf8bd, 0x8c4a, 0x8c4a, 0x8c4a, 0x8c4a, 0x8c4a, 0x8c4a, 0xbad6, 
  0xffff, 0xffff, 0xf17b, 0x8c4a, 0x8c4a, 0x8c4a, 0x8c4a, 0x8c4a, 0x8c4a, 0x8c4a, 0x8c4a, 0x8c4a, 
  0x8c4a, 0x8c4a, 0x8c4a, 0x8c4a, 0x8c4a, 0x8c4a, 0x8c4a, 0x8c4a, 0x8c4a, 0x8c4a, 0x8c4a, 0x8c4a, 
  0x8c4a, 0x8c4a, 0x8c4a, 0x8c4a, 0x8c4a, 0x8c4a, 0x8c4a, 0x8c4a, 0x8c4a, 0x8c4a, 0x8c4a, 0x8c4a, 
  0x8c4a, 0x8c4a, 0x8c4a, 0x8c4a, 0x8c4a, 0x8c4a, 0x8c4a, 0x8c4a, 0x8c4a, 0x8c4a, 0x8c4a, 0x8c4a, 
  0x8c4a, 0x8c4a, 0x8c4a, 0x8c4a, 0x8c4a, 0x8c4a, 0x8c4a, 0x8c4a, 0x8c4a, 0x8c4a, 0x8c4a, 0x8c4a, 
  0x8c4a, 0x8c4a, 0x8c4a, 0x8c4a, 0x8c4a, 0x8c4a, 0x8c4a, 0x8c4a, 0x8c4a, 0x8c4a, 0x8c4a, 0x8c4a, 
  0x8c4a, 0x8c4a, 0x8c4a, 0x8c4a, 0x8c4a, 0x8c4a, 0x8c4a, 0x8c4a, 0x8c4a, 0x8c4a, 0x8c4a, 0x8c4a, 
  0x8c4a, 0x8c4a, 0x8c4a, 0x8c4a, 0x8c4a, 0x8c4a, 0x8c4a, 0x8c4a, 0x8c4a, 0x8c4a, 0x8c4a, 0x8c4a, 
  0x8c4a, 0x8c4a, 0x8c4a, 0x8c4a, 0x8c4a, 0x8c4a, 0x8c4a, 0x8c4a, 0x8c4a, 0x8c4a, 0x8c4a, 0x8c4a, 
  0x8c4a, 0x8c4a, 0x8c4a, 0x8c4a, 0x8c4a, 0x8c4a, 0x8c4a, 0x8c4a, 0x8c4a, 0x8c4a, 0x8c4a, 0x6a62, 
  0x6a62, 0x8c4a, 0x8c4a, 0x8c4a, 0x8c4a, 0x8c4a, 0x8c4a, 0x8c4a, 0x8c4a, 0x8c4a, 0x8c4a, 0x8c4a, 
  0xf17b, 0xffff, 0xffff, 0xffff, 0x8f73, 0xffff, 0xffff, 0xffff, 0x9394, 0x8c4a, 0x8c4a, 0x8c4a, 
  0x8c4a, 0x8c4a, 0x8c4a, 0x8c4a, 0x8c4a, 0x8c4a, 0x8c4a, 0x56a5, 0xffff, 0xffff, 0xbef7, 0xf17b, 
  0xffff, 0xffff, 0xffff, 0xf17b, 0x8c4a, 0x8c4a, 0x8c4a, 0x8c4a, 0x8c4a, 0x8c4a, 0x8c4a, 0x9394, 
  0xffff, 0xffff, 0x5def, 0x8c4a, 0x8c4a, 0x8c4a, 0x8c4a, 0x2e63, 0xffff, 0xffff, 0xffff, 0x97b5, 
  0x8c4a, 0x8c4a, 0x8c4a, 0x8c4a, 0x8c4a, 0x8c4a, 0x8c4a, 0x8c4a, 0x8c4a, 0x8c4a, 0x8c4a, 0x8c4a, 
  0x8c4a, 0x8c4a, 0x5def, 0xffff, 0xffff, 0x56a5, 0x8c4a, 0x8c4a, 0x8c4a, 0x8c4a, 0x8c4a, 0x8c4a, 
  0x8c4a, 0x8c4a, 0x8c4a, 0x8c4a, 0x8c4a, 0x8c4a, 0xf49c, 0xffff, 0xffff, 0x9bd6, 0x8c4a, 0x8c4a, 
  0x8c4a, 0x8c4a, 0x8c4a, 0x8c4a, 0xf49c, 0xffff, 0xffff, 0x59ce, 0x8c4a, 0x8c4a, 0x8c4a, 0x8c4a, 
  0xbbd6, 0xffff, 0xffff, 0xf17b, 0x56a5, 0xffff, 0xffff, 0x9394, 0xed5a, 0xffff, 0xffff, 0x9bd6, 
  0x8c4a, 0x5def, 0xffff, 0xffff, 0x2e63, 0x8c4a, 0x8c4a, 0x8c4a, 0x9394, 0xffff, 0xffff, 0x59ce, 
  0xf17b, 0x8f73, 0x2e63, 0x2e63, 0x2e63, 0x2e63, 0x2e63, 0x8c4a, 0x8c4a, 0x8c4a, 0x8c4a, 0x8c4a, 
  0x3284, 0xffff, 0xffff, 0x5def, 0x8c4a, 0x8c4a, 0x8c4a, 0x8c4a, 0x8c4a, 0x8c4a, 0x8c4a, 0x8c4a, 
  0x8c4a, 0xffff, 0xffff, 0xffff, 0x56a5, 0x8c4a, 0x8c4a, 0x8c4a, 0x8c4a, 0x8c4a, 0x8c4a, 0x8c4a, 
  0x8c4a, 0x8c4a, 0x8c4a, 0x8c4a, 0x5def, 0xffff, 0xffff, 0x56a5, 0x2e63, 0x8c4a, 0x8c4a, 0xf17b, 
  0xf8bd, 0xffff, 0xffff, 0xffff, 0xf17b, 0x8c4a, 0x8c4a, 0x8c4a, 0x8c4a, 0xf8bd, 0xffff, 0xffff, 
  0xf8bd, 0x8c4a, 0x8c4a, 0x8c4a, 0x8c4a, 0x8c4a, 0x8c4a, 0xbef7, 0xffff, 0xffff, 0x2e63, 0x8c4a, 
  0x8c4a, 0x8c4a, 0x8c4a, 0x8c4a, 0x8c4a, 0x8c4a, 0x8c4a, 0x8c4a, 0x8c4a, 0x8c4a, 0x8c4a, 0x8c4a, 
  0x8c4a, 0x8c4a, 0x8c4a, 0x8c4a, 0x8c4a, 0x8c4a, 0x8c4a, 0x8c4a, 0x8c4a, 0x8c4a, 0x8c4a, 0x8c4a, 
  0x8c4a, 0x8c4a, 0x8c4a, 0x8c4a, 0x8c4a, 0x8c4a, 0x8c4a, 0x8c4a, 0x8c4a, 0x8c4a, 0x8c4a, 0x8c4a, 
  0x8c4a, 0x8c4a, 0x8c4a, 0x8c4a, 0x8c4a, 0x8c4a, 0x8c4a, 0x8c4a, 0x8c4a, 0x8c4a, 0x8c4a, 0x8c4a, 
  0x8c4a, 0x8c4a, 0x8c4a, 0x8c4a, 0x8c4a, 0x8c4a, 0x8c4a, 0x8c4a, 0x8c4a, 0x8c4a, 0x8c4a, 0x8c4a, 
  0x8c4a, 0x8c4a, 0x8c4a, 0x8c4a, 0x8c4a, 0x8c4a, 0x8c4a, 0x8c4a, 0x8c4a, 0x8c4a, 0x8c4a, 0x8c4a, 
  0x8c4a, 0x8c4a, 0x8c4a, 0x8c4a, 0x8c4a, 0x8c4a, 0x8c4a, 0x8c4a, 0x8c4a, 0x8c4a, 0x8c4a, 0x8c4a, 
  0x8c4a, 0x8c4a, 0x8c4a, 0x8c4a, 0x8c4a, 0x8c4a, 0x8c4a, 0x8c4a, 0x8c4a, 0x8c4a, 0x8c4a, 0x8c4a, 
  0x8c4a, 0x8c4a, 0x8c4a, 0x8c4a, 0x8c4a, 0x8c4a, 0x8c4a, 0x8c4a, 0x8c4a, 0x8c4a, 0x8c4a, 0x8c4a, 
  0x8c4a, 0x8c4a, 0x8c4a, 0x8c4a, 0x8c4a, 0x8c4a, 0x8c4a, 0x6a62, 0x6a62, 0x8c4a, 0x8c4a, 0x8c4a, 
  0x8c4a, 0x8c4a, 0x8c4a, 0x8c4a, 0x8c4a, 0x8c4a, 0x8c4a, 0x8c4a, 0x8c4a, 0xbbd6, 0xffff, 0xffff, 
  0xfcde, 0xffff, 0xffff, 0xffff, 0xcd5a, 0x8c4a, 0x8c4a, 0x8c4a, 0x8c4a, 0x8c4a, 0x8c4a, 0x8c4a, 
  0x8c4a, 0x8c4a, 0x8c4a, 0xed5a, 0xbef7, 0xffff, 0xffff, 0xfcde, 0xffff, 0xffff, 0x5def, 0x8c4a, 
  0x8c4a, 0x8c4a, 0x8c4a, 0x8c4a, 0x8c4a, 0x8c4a, 0x8c4a, 0x9394, 0xffff, 0xffff, 0x5def, 0x8c4a, 
  0x8c4a, 0x8c4a, 0x8c4a, 0x8c4a, 0x97b5, 0xffff, 0xffff, 0xffff, 0xf17b, 0x8c4a, 0x8c4a, 0x8c4a, 
  0x8c4a, 0x8c4a, 0x8c4a, 0x8c4a, 0x8c4a, 0x8c4a, 0x8c4a, 0x8c4a, 0x8c4a, 0x8c4a, 0xbef7, 0xffff, 
  0xffff, 0x56a5, 0x8c4a, 0x8c4a, 0x8c4a, 0x8c4a, 0x8c4a, 0x8c4a, 0x8c4a, 0x8c4a, 0x8c4a, 0x8c4a, 
  0x8c4a, 0x8c4a, 0x2e63, 0xffff, 0xffff, 0xbef7, 0xcd5a, 0x8c4a, 0x8c4a, 0x8c4a, 0x8c4a, 0x8c4a, 
  0x5def, 0xffff, 0xffff, 0xf49c, 0x8c4a, 0x8c4a, 0x8c4a, 0x8c4a, 0x56a5, 0xffff, 0xffff, 0x97b5, 
  0x5def, 0xffff, 0xffff, 0x2e63, 0x8c4a, 0xbbd6, 0xffff, 0xffff, 0x36a5, 0xffff, 0xffff, 0x9bd6, 
  0x8c4a, 0x8c4a, 0x8c4a, 0x8c4a, 0x2e63, 0xffff, 0xffff, 0xbef7, 0xcd5a, 0x8c4a, 0x8c4a, 0x8c4a, 
  0x8c4a, 0x8c4a, 0xcd5a, 0x2e63, 0x8c4a, 0x8c4a, 0x8c4a, 0x8c4a, 0x3284, 0xffff, 0xffff, 0x5def, 
  0x8c4a, 0x8c4a, 0x8c4a, 0x8c4a, 0x8c4a, 0x8c4a, 0x8c4a, 0x8c4a, 0x2e63, 0xffff, 0xffff, 0xffff, 
  0x9394, 0x8c4a, 0x8c4a, 0x8c4a, 0x8c4a, 0x8c4a, 0x8c4a, 0x8c4a, 0x8c4a, 0x8c4a, 0x8c4a, 0x8f73, 
  0xffff, 0xffff, 0x59ce, 0x8c4a, 0x8c4a, 0x8c4a, 0x8c4a, 0x8c4a, 0x8c4a, 0xffff, 0xffff, 0xffff, 
  0x2e63, 0x8c4a, 0x8c4a, 0x8c4a, 0x8c4a, 0x59ce, 0xffff, 0xffff, 0x9bd6, 0x8c4a, 0x8c4a, 0x8c4a, 
  0x8c4a, 0x8c4a, 0xf17b, 0xffff, 0xffff, 0x5def, 0x8c4a, 0x8c4a, 0x8c4a, 0x8c4a, 0x8c4a, 0x8c4a, 
  0x8c4a, 0x8c4a, 0x8c4a, 0x8c4a, 0x8c4a, 0x8c4a, 0x8c4a, 0x8c4a, 0x8c4a, 0x8c4a, 0x8c4a, 0x8c4a, 
  0x8c4a, 0x8c4a, 0x8c4a, 0x8c4a, 0x8c4a, 0x8c4a, 0x8c4a, 0x8c4a, 0x8c4a, 0x8c4a, 0x8c4a, 0x8c4a, 
  0x8c4a, 0x8c4a, 0x8c4a, 0x8c4a, 0x8c4a, 0x8c4a, 0x8c4a, 0x8c4a, 0x8c4a, 0x8c4a, 0x8c4a, 0x8c4a, 
  0x8c4a, 0x8c4a, 0x8c4a, 0x8c4a, 0x8c4a, 0x8c4a, 0x8c4a, 0x8c4a, 0x8c4a, 0x8c4a, 0x8c4a, 0x8c4a, 
  0x8c4a, 0x8c4a, 0x8c4a, 0x8c4a, 0x8c4a, 0x8c4a, 0x8c4a, 0x8c4a, 0x8c4a, 0x8c4a, 0x8c4a, 0x8c4a, 
  0x8c4a, 0x8c4a, 0x8c4a, 0x8c4a, 0x8c4a, 0x8c4a, 0x8c4a, 0x8c4a, 0x8c4a, 0x8c4a, 0x8c4a, 0x8c4a, 
  0x8c4a, 0x8c4a, 0x8c4a, 0x8c4a, 0x8c4a, 0x8c4a, 0x8c4a, 0x8c4a, 0x8c4a, 0x8c4a, 0x8c4a, 0x8c4a, 
  0x8c4a, 0x8c4a, 0x8c4a, 0x8c4a, 0x8c4a, 0x8c4a, 0x8c4a, 0x8c4a, 0x8c4a, 0x8c4a, 0x8c4a, 0x8c4a, 
  0x8c4a, 0x8c4a, 0x8c4a, 0x8c4a, 0x8c4a, 0x8c4a, 0x8c4a, 0x8c4a, 0x8c4a, 0x8c4a, 0x8c4a, 0x8c4a, 
  0x8c4a, 0x8c4a, 0x8c4a, 0x6a62, 0x6a62, 0x8c4a, 0x8c4a, 0x8c4a, 0x8c4a, 0x8c4a, 0x8c4a, 0x8c4a, 
  0x8c4a, 0x8c4a, 0x8c4a, 0x8c4a, 0x8c4a, 0x9394, 0xffff, 0xffff, 0xffff, 0xffff, 0xffff, 0xf8bd, 
  0x8c4a, 0x8c4a, 0x8c4a, 0x8c4a, 0x8c4a, 0x8c4a, 0x8c4a, 0x8c4a, 0x8c4a, 0x8c4a, 0x8c4a, 0x8c4a, 
  0x56a5, 0xffff, 0xffff, 0xffff, 0xffff, 0xffff, 0x9394, 0x8c4a, 0x8c4a, 0x8c4a, 0x8c4a, 0x8c4a, 
  0x8c4a, 0x8c4a, 0x8c4a, 0x9394, 0xffff, 0xffff, 0x5def, 0x8c4a, 0x8c4a, 0x8c4a, 0x8c4a, 0x8c4a, 
  0xed5a, 0xbef7, 0xffff, 0xffff, 0x5def, 0xcd5a, 0x8c4a, 0x8c4a, 0x8c4a, 0x8c4a, 0x8c4a, 0x8c4a, 
  0x8c4a, 0x8c4a, 0x8c4a, 0x8c4a, 0x8c4a, 0x8c4a, 0xffff, 0xffff, 0xffff, 0x9394, 0x8c4a, 0x8c4a, 
  0x8c4a, 0x8c4a, 0x8c4a, 0x8c4a, 0x8c4a, 0x8c4a, 0x8c4a, 0x8c4a, 0x8c4a, 0x8c4a, 0x8c4a, 0xfcde, 
  0xffff, 0xffff, 0xf8bd, 0xcd5a, 0x8c4a, 0x8c4a, 0x8c4a, 0x97b5, 0xffff, 0xffff, 0xbef7, 0x2e63, 
  0x8c4a, 0x8c4a, 0x8c4a, 0x8c4a, 0xf17b, 0xffff, 0xffff, 0xffff, 0xffff, 0xffff, 0x9bd6, 0x8c4a, 
  0x8c4a, 0xf17b, 0xffff, 0xffff, 0xffff, 0xffff, 0xffff, 0xf49c, 0x8c4a, 0x8c4a, 0x8c4a, 0x8c4a, 
  0x8c4a, 0xbbd6, 0xffff, 0xffff, 0xf8bd, 0x2e63, 0x8c4a, 0x8c4a, 0x8c4a, 0xf49c, 0xbef7, 0xffff, 
  0xf17b, 0x8c4a, 0x8c4a, 0x8c4a, 0xf17b, 0xffff, 0xffff, 0x5def, 0x8c4a, 0x8c4a, 0x8c4a, 0x8c4a, 
  0x8c4a, 0x8c4a, 0x8c4a, 0x8c4a, 0x2e63, 0xffff, 0xffff, 0xffff, 0x36a5, 0x8f73, 0x2e63, 0x8f73, 
  0xf17b, 0x9394, 0xf49c, 0xf49c, 0xf17b, 0x8c4a, 0x8c4a, 0x8f73, 0xffff, 0xffff, 0x9bd6, 0x8c4a, 
  0x8c4a, 0x8c4a, 0x8c4a, 0xcd5a, 0x97b5, 0xffff, 0xffff, 0xffff, 0x2e63, 0x8c4a, 0x8c4a, 0x8c4a, 
  0x8c4a, 0xbad6, 0xffff, 0xffff, 0xffff, 0xf8bd, 0x2e63, 0x8c4a, 0x8c4a, 0x9394, 0xbef7, 0xffff, 
  0xffff, 0xf49c, 0x8c4a, 0x8c4a, 0x8c4a, 0x8c4a, 0x8c4a, 0x8c4a, 0x8c4a, 0x8c4a, 0x8c4a, 0x8c4a, 
  0x8c4a, 0x8c4a, 0x8c4a, 0x8c4a, 0x8c4a, 0x8c4a, 0x8c4a, 0x8c4a, 0x8c4a, 0x8c4a, 0x8c4a, 0x8c4a, 
  0x8c4a, 0x8c4a, 0x8c4a, 0x8c4a, 0x8c4a, 0x8c4a, 0x8c4a, 0x8c4a, 0x8c4a, 0x8c4a, 0x8c4a, 0x8c4a, 
  0x8c4a, 0x8c4a, 0x8c4a, 0x8c4a, 0x8c4a, 0x8c4a, 0x8c4a, 0x8c4a, 0x8c4a, 0x8c4a, 0x8c4a, 0x8c4a, 
  0x8c4a, 0x8c4a, 0x8c4a, 0x8c4a, 0x8c4a, 0x8c4a, 0x8c4a, 0x8c4a, 0x8c4a, 0x8c4a, 0x8c4a, 0x8c4a, 
  0x8c4a, 0x8c4a, 0x8c4a, 0x8c4a, 0x8c4a, 0x8c4a, 0x8c4a, 0x8c4a, 0x8c4a, 0x8c4a, 0x8c4a, 0x8c4a, 
  0x8c4a, 0x8c4a, 0x8c4a, 0x8c4a, 0x8c4a, 0x8c4a, 0x8c4a, 0x8c4a, 0x8c4a, 0x8c4a, 0x8c4a, 0x8c4a, 
  0x8c4a, 0x8c4a, 0x8c4a, 0x8c4a, 0x8c4a, 0x8c4a, 0x8c4a, 0x8c4a, 0x8c4a, 0x8c4a, 0x8c4a, 0x8c4a, 
  0x8c4a, 0x8c4a, 0x8c4a, 0x8c4a, 0x8c4a, 0x8c4a, 0x8c4a, 0x8c4a, 0x8c4a, 0x8c4a, 0x8c4a, 0x8c4a, 
  0x8c4a, 0x8c4a, 0x8c4a, 0x8c4a, 0x8c4a, 0x8c4a, 0x8c4a, 0x8c4a, 0x8c4a, 0x8c4a, 0x8c4a, 0x6a62, 
  0x6a62, 0x8c4a, 0x8c4a, 0x8c4a, 0x8c4a, 0x8c4a, 0x8c4a, 0x8c4a, 0x8c4a, 0x8c4a, 0x8c4a, 0x8c4a, 
  0x8c4a, 0x8c4a, 0xbef7, 0xffff, 0xffff, 0xffff, 0xffff, 0xf17b, 0x8c4a, 0x8c4a, 0x8c4a, 0x8c4a, 
  0x8c4a, 0x8c4a, 0x8c4a, 0x8c4a, 0x8c4a, 0x8c4a, 0x8c4a, 0x8c4a, 0xed5a, 0xbef7, 0xffff, 0xffff, 
  0xffff, 0xffff, 0x2e63, 0x8c4a, 0x8c4a, 0x8c4a, 0x8c4a, 0x8c4a, 0x8c4a, 0x8c4a, 0x8c4a, 0x9394, 
  0xffff, 0xffff, 0x5def, 0x8c4a, 0x8c4a, 0x8c4a, 0x8c4a, 0x8c4a, 0x8c4a, 0x56a5, 0xffff, 0xffff, 
  0xffff, 0x59ce, 0x8c4a, 0x8c4a, 0x8c4a, 0x8c4a, 0x8c4a, 0x8c4a, 0x8c4a, 0x8c4a, 0x8c4a, 0x8c4a, 
  0x8c4a, 0x2e63, 0xffff, 0xffff, 0xffff, 0x9394, 0x8c4a, 0x8c4a, 0x8c4a, 0x8c4a, 0x8c4a, 0x8c4a, 
  0x8c4a, 0x8c4a, 0x8c4a, 0x8c4a, 0x8c4a, 0x8c4a, 0x8c4a, 0xf17b, 0xffff, 0xffff, 0xffff, 0x5def, 
  0x59ce, 0xf8bd, 0xbef7, 0xffff, 0xffff, 0xffff, 0xf49c, 0x8c4a, 0x8c4a, 0x8c4a, 0x8c4a, 0x8c4a, 
  0x8c4a, 0xbbd6, 0xffff, 0xffff, 0xffff, 0xffff, 0x9394, 0x8c4a, 0x8c4a, 0x8c4a, 0xbef7, 0xffff, 
  0xffff, 0xffff, 0xffff, 0x8f73, 0x8c4a, 0x8c4a, 0x8c4a, 0x8c4a, 0x8c4a, 0xf17b, 0xffff, 0xffff, 
  0xffff, 0xbef7, 0x9ad6, 0x9ad6, 0xbef7, 0xffff, 0xffff, 0xffff, 0x9394, 0x8c4a, 0x8c4a, 0x8c4a, 
  0xf17b, 0xffff, 0xffff, 0xffff, 0x8c4a, 0x8c4a, 0x8c4a, 0x8c4a, 0x8c4a, 0x8c4a, 0x8c4a, 0x8c4a, 
  0xf17b, 0xffff, 0xffff, 0xffff, 0xffff, 0xffff, 0xffff, 0xffff, 0xffff, 0xffff, 0xffff, 0xffff, 
  0xffff, 0x5def, 0xcd5a, 0xed5a, 0xbef7, 0xffff, 0xffff, 0xf8bd, 0x9394, 0xf49c, 0x97b5, 0xbef7, 
  0xffff, 0xffff, 0xffff, 0xffff, 0xf8bd, 0x9394, 0x2e63, 0x8c4a, 0x8c4a, 0xbef7, 0xffff, 0xffff, 
  0xffff, 0xffff, 0xffff, 0x5def, 0xbef7, 0xffff, 0xffff, 0xffff, 0x5def, 0xed5a, 0x8c4a, 0x8c4a, 
  0x8c4a, 0x8c4a, 0x8c4a, 0x8c4a, 0x8c4a, 0x8c4a, 0x8c4a, 0x8c4a, 0x8c4a, 0x8c4a, 0x8c4a, 0x8c4a, 
  0x8c4a, 0x8c4a, 0x8c4a, 0x8c4a, 0x8c4a, 0x8c4a, 0x8c4a, 0x8c4a, 0x8c4a, 0x8c4a, 0x8c4a, 0x8c4a, 
  0x8c4a, 0x8c4a, 0x8c4a, 0x8c4a, 0x8c4a, 0x8c4a, 0x8c4a, 0x8c4a, 0x8c4a, 0x8c4a, 0x8c4a, 0x8c4a, 
  0x8c4a, 0x8c4a, 0x8c4a, 0x8c4a, 0x8c4a, 0x8c4a, 0x8c4a, 0x8c4a, 0x8c4a, 0x8c4a, 0x8c4a, 0x8c4a, 
  0x8c4a, 0x8c4a, 0x8c4a, 0x8c4a, 0x8c4a, 0x8c4a, 0x8c4a, 0x8c4a, 0x8c4a, 0x8c4a, 0x8c4a, 0x8c4a, 
  0x8c4a, 0x8c4a, 0x8c4a, 0x8c4a, 0x8c4a, 0x8c4a, 0x8c4a, 0x8c4a, 0x8c4a, 0x8c4a, 0x8c4a, 0x8c4a, 
  0x8c4a, 0x8c4a, 0x8c4a, 0x8c4a, 0x8c4a, 0x8c4a, 0x8c4a, 0x8c4a, 0x8c4a, 0x8c4a, 0x8c4a, 0x8c4a, 
  0x8c4a, 0x8c4a, 0x8c4a, 0x8c4a, 0x8c4a, 0x8c4a, 0x8c4a, 0x8c4a, 0x8c4a, 0x8c4a, 0x8c4a, 0x8c4a, 
  0x8c4a, 0x8c4a, 0x8c4a, 0x8c4a, 0x8c4a, 0x8c4a, 0x8c4a, 0x8c4a, 0x8c4a, 0x8c4a, 0x8c4a, 0x8c4a, 
  0x8c4a, 0x8c4a, 0x8c4a, 0x8c4a, 0x8c4a, 0x8c4a, 0x8c4a, 0x6a62, 0x6a62, 0x8c4a, 0x8c4a, 0x8c4a, 
  0x8c4a, 0x8c4a, 0x8c4a, 0x8c4a, 0x8c4a, 0x8c4a, 0x8c4a, 0x8c4a, 0x8c4a, 0x8c4a, 0x56a5, 0xffff, 
  0xffff, 0xffff, 0x5def, 0x8c4a, 0x8c4a, 0x8c4a, 0x8c4a, 0x8c4a, 0x8c4a, 0x8c4a, 0x8c4a, 0x8c4a, 
  0x8c4a, 0x8c4a, 0x8c4a, 0x8c4a, 0x8c4a, 0x56a5, 0xffff, 0xffff, 0xffff, 0x59ce, 0x8c4a, 0x8c4a, 
  0x8c4a, 0x8c4a, 0x8c4a, 0x8c4a, 0x8c4a, 0x8c4a, 0x8c4a, 0xf17b, 0xffff, 0xffff, 0x5def, 0x8c4a, 
  0x8c4a, 0x8c4a, 0x8c4a, 0x8c4a, 0x8c4a, 0xed5a, 0x5def, 0xffff, 0xffff, 0xffff, 0x36a5, 0x8c4a, 
  0x8c4a, 0x8c4a, 0x8c4a, 0x8c4a, 0x8c4a, 0x8c4a, 0x8c4a, 0x8c4a, 0x8c4a, 0x2e63, 0xffff, 0xffff, 
  0xffff, 0x9394, 0x8c4a, 0x8c4a, 0x8c4a, 0x8c4a, 0x8c4a, 0x8c4a, 0x8c4a, 0x8c4a, 0x8c4a, 0x8c4a, 
  0x8c4a, 0x8c4a, 0x8c4a, 0x8c4a, 0x3284, 0xbef7, 0xffff, 0xffff, 0xffff, 0xffff, 0xffff, 0xffff, 
  0xffff, 0xf49c, 0x8c4a, 0x8c4a, 0x8c4a, 0x8c4a, 0x8c4a, 0x8c4a, 0x8c4a, 0x9394, 0xffff, 0xffff, 
  0xffff, 0xffff, 0x2e63, 0x8c4a, 0x8c4a, 0x8c4a, 0x56a5, 0xffff, 0xffff, 0xffff, 0x5def, 0x8c4a, 
  0x8c4a, 0x8c4a, 0x8c4a, 0x8c4a, 0x8c4a, 0x8c4a, 0x56a5, 0xffff, 0xffff, 0xffff, 0xffff, 0xffff, 
  0xffff, 0xffff, 0xffff, 0x97b5, 0x8c4a, 0x8c4a, 0x8c4a, 0x8c4a, 0xf17b, 0xffff, 0xffff, 0xffff, 
  0x8c4a, 0x8c4a, 0x8c4a, 0x8c4a, 0x8c4a, 0x8c4a, 0x8c4a, 0x8c4a, 0xed5a, 0xffff, 0xffff, 0xffff, 
  0xffff, 0xffff, 0xffff, 0xffff, 0xffff, 0xffff, 0xffff, 0xffff, 0xffff, 0xffff, 0xf17b, 0x8c4a, 
  0xf49c, 0xffff, 0xffff, 0xffff, 0xffff, 0xffff, 0xffff, 0xffff, 0xffff, 0xbef7, 0xffff, 0xffff, 
  0xffff, 0xffff, 0x59ce, 0x8c4a, 0x8c4a, 0xffff, 0xffff, 0x5def, 0xf17b, 0xbef7, 0xffff, 0xffff, 
  0xffff, 0xffff, 0xffff, 0xfcde, 0x2e63, 0x8c4a, 0x8c4a, 0x8c4a, 0x8c4a, 0x8c4a, 0x8c4a, 0x8c4a, 
  0x8c4a, 0x8c4a, 0x8c4a, 0x8c4a, 0x8c4a, 0x8c4a, 0x8c4a, 0x8c4a, 0x8c4a, 0x8c4a, 0x8c4a, 0x8c4a, 
  0x8c4a, 0x8c4a, 0x8c4a, 0x8c4a, 0x8c4a, 0x8c4a, 0x8c4a, 0x8c4a, 0x8c4a, 0x8c4a, 0x8c4a, 0x8c4a, 
  0x8c4a, 0x8c4a, 0x8c4a, 0x8c4a, 0x8c4a, 0x8c4a, 0x8c4a, 0x8c4a, 0x8c4a, 0x8c4a, 0x8c4a, 0x8c4a, 
  0x8c4a, 0x8c4a, 0x8c4a, 0x8c4a, 0x8c4a, 0x8c4a, 0x8c4a, 0x8c4a, 0x8c4a, 0x8c4a, 0x8c4a, 0x8c4a, 
  0x8c4a, 0x8c4a, 0x8c4a, 0x8c4a, 0x8c4a, 0x8c4a, 0x8c4a, 0x8c4a, 0x8c4a, 0x8c4a, 0x8c4a, 0x8c4a, 
  0x8c4a, 0x8c4a, 0x8c4a, 0x8c4a, 0x8c4a, 0x8c4a, 0x8c4a, 0x8c4a, 0x8c4a, 0x8c4a, 0x8c4a, 0x8c4a, 
  0x8c4a, 0x8c4a, 0x8c4a, 0x8c4a, 0x8c4a, 0x8c4a, 0x8c4a, 0x8c4a, 0x8c4a, 0x8c4a, 0x8c4a, 0x8c4a, 
  0x8c4a, 0x8c4a, 0x8c4a, 0x8c4a, 0x8c4a, 0x8c4a, 0x8c4a, 0x8c4a, 0x8c4a, 0x8c4a, 0x8c4a, 0x8c4a, 
  0x8c4a, 0x8c4a, 0x8c4a, 0x8c4a, 0x8c4a, 0x8c4a, 0x8c4a, 0x8c4a, 0x8c4a, 0x8c4a, 0x8c4a, 0x8c4a, 
  0x8c4a, 0x8c4a, 0x8c4a, 0x6a62, 0x6a62, 0x8c4a, 0x8c4a, 0x8c4a, 0x8c4a, 0x8c4a, 0x8c4a, 0x8c4a, 
  0x8c4a, 0x8c4a, 0x8c4a, 0x8c4a, 0x8c4a, 0x8c4a, 0xed5a, 0xf8bd, 0xbef7, 0xbef7, 0x3284, 0x8c4a, 
  0x8c4a, 0x8c4a, 0x8c4a, 0x8c4a, 0x8c4a, 0x8c4a, 0x8c4a, 0x8c4a, 0x8c4a, 0x8c4a, 0x8c4a, 0x8c4a, 
  0x8c4a, 0xed5a, 0xf8bd, 0xffff, 0xbef7, 0x2e63, 0x8c4a, 0x8c4a, 0x8c4a, 0x8c4a, 0x8c4a, 0x8c4a, 
  0x8c4a, 0x8c4a, 0x8c4a, 0x8c4a, 0x5def, 0xffff, 0x36a5, 0x8c4a, 0x8c4a, 0x8c4a, 0x8c4a, 0x8c4a, 
  0x8c4a, 0x8c4a, 0x2e63, 0x5def, 0xffff, 0xffff, 0xffff, 0x8f73, 0x8c4a, 0x8c4a, 0x8c4a, 0x8c4a, 
  0x8c4a, 0x8c4a, 0x8c4a, 0x8c4a, 0x8c4a, 0xed5a, 0xfcde, 0xffff, 0x5def, 0x2e63, 0x8c4a, 0x8c4a, 
  0x8c4a, 0x8c4a, 0x8c4a, 0x8c4a, 0x8c4a, 0x8c4a, 0x8c4a, 0x8c4a, 0x8c4a, 0x8c4a, 0x8c4a, 0x8c4a, 
  0x8c4a, 0x2e63, 0xf8bd, 0xbef7, 0xffff, 0xffff, 0xbef7, 0xf8bd, 0x8f73, 0x8c4a, 0x8c4a, 0x8c4a, 
  0x8c4a, 0x8c4a, 0x8c4a, 0x8c4a, 0x8c4a, 0x8c4a, 0x97b5, 0xffff, 0xbef7, 0xf49c, 0x8c4a, 0x8c4a, 
  0x8c4a, 0x8c4a, 0x8c4a, 0xbbd6, 0xffff, 0xbef7, 0x8f73, 0x8c4a, 0x8c4a, 0x8c4a, 0x8c4a, 0x8c4a, 
  0x8c4a, 0x8c4a, 0x8c4a, 0x2e63, 0xf8bd, 0xbef7, 0xffff, 0xffff, 0xbef7, 0x59ce, 0xf17b, 0x8c4a, 
  0x8c4a, 0x8c4a, 0x8c4a, 0x8c4a, 0xed5a, 0x5def, 0xffff, 0xbbd6, 0x8c4a, 0x8c4a, 0x8c4a, 0x8c4a, 
  0x8c4a, 0x8c4a, 0x8c4a, 0x8c4a, 0x8c4a, 0x8f73, 0x59ce, 0xbbd6, 0xfcde, 0x5def, 0xfcde, 0xbbd6, 
  0xf8bd, 0xf8bd, 0xbbd6, 0xfcde, 0xffff, 0x5def, 0x8c4a, 0x8c4a, 0x8c4a, 0x9394, 0x5def, 0xffff, 
  0xffff, 0xffff, 0xbef7, 0xf8bd, 0xf17b, 0x2e63, 0xfcde, 0xffff, 0xffff, 0x5def, 0x8f73, 0x8c4a, 
  0xed5a, 0x5def, 0xffff, 0x36a5, 0x8c4a, 0x2e63, 0xf8bd, 0xbbd6, 0xbbd6, 0xf8bd, 0x9394, 0x8c4a, 
  0x8c4a, 0x8c4a, 0x8c4a, 0x8c4a, 0x8c4a, 0x8c4a, 0x8c4a, 0x8c4a, 0x8c4a, 0x8c4a, 0x8c4a, 0x8c4a, 
  0x8c4a, 0x8c4a, 0x8c4a, 0x8c4a, 0x8c4a, 0x8c4a, 0x8c4a, 0x8c4a, 0x8c4a, 0x8c4a, 0x8c4a, 0x8c4a, 
  0x8c4a, 0x8c4a, 0x8c4a, 0x8c4a, 0x8c4a, 0x8c4a, 0x8c4a, 0x8c4a, 0x8c4a, 0x8c4a, 0x8c4a, 0x8c4a, 
  0x8c4a, 0x8c4a, 0x8c4a, 0x8c4a, 0x8c4a, 0x8c4a, 0x8c4a, 0x8c4a, 0x8c4a, 0x8c4a, 0x8c4a, 0x8c4a, 
  0x8c4a, 0x8c4a, 0x8c4a, 0x8c4a, 0x8c4a, 0x8c4a, 0x8c4a, 0x8c4a, 0x8c4a, 0x8c4a, 0x8c4a, 0x8c4a, 
  0x8c4a, 0x8c4a, 0x8c4a, 0x8c4a, 0x8c4a, 0x8c4a, 0x8c4a, 0x8c4a, 0x8c4a, 0x8c4a, 0x8c4a, 0x8c4a, 
  0x8c4a, 0x8c4a, 0x8c4a, 0x8c4a, 0x8c4a, 0x8c4a, 0x8c4a, 0x8c4a, 0x8c4a, 0x8c4a, 0x8c4a, 0x8c4a, 
  0x8c4a, 0x8c4a, 0x8c4a, 0x8c4a, 0x8c4a, 0x8c4a, 0x8c4a, 0x8c4a, 0x8c4a, 0x8c4a, 0x8c4a, 0x8c4a, 
  0x8c4a, 0x8c4a, 0x8c4a, 0x8c4a, 0x8c4a, 0x8c4a, 0x8c4a, 0x8c4a, 0x8c4a, 0x8c4a, 0x8c4a, 0x8c4a, 
  0x8c4a, 0x8c4a, 0x8c4a, 0x8c4a, 0x8c4a, 0x8c4a, 0x8c4a, 0x8c4a, 0x8c4a, 0x8c4a, 0x8c4a, 0x6a62, 
  0x6a62, 0x8c4a, 0x8c4a, 0x8c4a, 0x8c4a, 0x8c4a, 0x8c4a, 0x8c4a, 0x8c4a, 0x8c4a, 0x8c4a, 0x8c4a, 
  0x8c4a, 0x8c4a, 0x8c4a, 0x8c4a, 0x8c4a, 0x8c4a, 0x8c4a, 0x8c4a, 0x8c4a, 0x8c4a, 0x8c4a, 0x8c4a, 
  0x8c4a, 0x8c4a, 0x8c4a, 0x8c4a, 0x8c4a, 0x8c4a, 0x8c4a, 0x8c4a, 0x8c4a, 0x8c4a, 0x8c4a, 0x8c4a, 
  0x8c4a, 0x8c4a, 0x8c4a, 0x8c4a, 0x8c4a, 0x8c4a, 0x8c4a, 0x8c4a, 0x8c4a, 0x8c4a, 0x8c4a, 0x8c4a, 
  0x8c4a, 0x8c4a, 0x8c4a, 0x8c4a, 0x8c4a, 0x8c4a, 0x8c4a, 0x8c4a, 0x8c4a, 0x8c4a, 0x8c4a, 0x8c4a, 
  0x9394, 0xf8bd, 0x9394, 0x8c4a, 0x8c4a, 0x8c4a, 0x8c4a, 0x8c4a, 0x8c4a, 0x8c4a, 0x8c4a, 0x8c4a, 
  0x8c4a, 0x8c4a, 0x8c4a, 0x8c4a, 0x8c4a, 0x8c4a, 0x8c4a, 0x8c4a, 0x8c4a, 0x8c4a, 0x8c4a, 0x8c4a, 
  0x8c4a, 0x8c4a, 0x8c4a, 0x8c4a, 0x8c4a, 0x8c4a, 0x8c4a, 0x8c4a, 0x8c4a, 0x8c4a, 0x8c4a, 0x8c4a, 
  0x2e63, 0x2e63, 0x8c4a, 0x8c4a, 0x8c4a, 0x8c4a, 0x8c4a, 0x8c4a, 0x8c4a, 0x8c4a, 0x8c4a, 0x8c4a, 
  0x8c4a, 0x8c4a, 0x8c4a, 0x2e63, 0xed5a, 0x8c4a, 0x8c4a, 0x8c4a, 0x8c4a, 0x8c4a, 0x8c4a, 0x8c4a, 
  0x2e63, 0x8c4a, 0x8c4a, 0x8c4a, 0x8c4a, 0x8c4a, 0x8c4a, 0x8c4a, 0x8c4a, 0x8c4a, 0x8c4a, 0x8c4a, 
  0x8c4a, 0x8c4a, 0x2e63, 0xed5a, 0x8c4a, 0x8c4a, 0x8c4a, 0x8c4a, 0x8c4a, 0x8c4a, 0x8c4a, 0x8c4a, 
  0x8c4a, 0x8c4a, 0x2e63, 0x8c4a, 0x8c4a, 0x8c4a, 0x8c4a, 0x8c4a, 0x8c4a, 0x8c4a, 0x8c4a, 0x8c4a, 
  0x8c4a, 0x8c4a, 0x8c4a, 0x8c4a, 0x8c4a, 0x8c4a, 0x8c4a, 0x8c4a, 0x8c4a, 0x8c4a, 0x8c4a, 0x8c4a, 
  0x8c4a, 0x8c4a, 0x8c4a, 0x8c4a, 0x8c4a, 0x8c4a, 0x8c4a, 0xed5a, 0x2e63, 0x2e63, 0x8c4a, 0x8c4a, 
  0x8c4a, 0x8c4a, 0x8c4a, 0xed5a, 0x2e63, 0x8c4a, 0x8c4a, 0x8c4a, 0x8c4a, 0xed5a, 0x2e63, 0x8c4a, 
  0x8c4a, 0x8c4a, 0x8c4a, 0x8c4a, 0x8c4a, 0x8c4a, 0x8c4a, 0x8c4a, 0x8c4a, 0x8c4a, 0x8c4a, 0x8c4a, 
  0x8c4a, 0x8c4a, 0x8c4a, 0x8c4a, 0x8c4a, 0x8c4a, 0x8c4a, 0x8c4a, 0x8c4a, 0x8c4a, 0x8c4a, 0x8c4a, 
  0x8c4a, 0x8c4a, 0x8c4a, 0x8c4a, 0x8c4a, 0x8c4a, 0x8c4a, 0x8c4a, 0x8c4a, 0x8c4a, 0x8c4a, 0x8c4a, 
  0x8c4a, 0x8c4a, 0x8c4a, 0x8c4a, 0x8c4a, 0x8c4a, 0x8c4a, 0x8c4a, 0x8c4a, 0x8c4a, 0x8c4a, 0x8c4a, 
  0x8c4a, 0x8c4a, 0x8c4a, 0x8c4a, 0x8c4a, 0x8c4a, 0x8c4a, 0x8c4a, 0x8c4a, 0x8c4a, 0x8c4a, 0x8c4a, 
  0x8c4a, 0x8c4a, 0x8c4a, 0x8c4a, 0x8c4a, 0x8c4a, 0x8c4a, 0x8c4a, 0x8c4a, 0x8c4a, 0x8c4a, 0x8c4a, 
  0x8c4a, 0x8c4a, 0x8c4a, 0x8c4a, 0x8c4a, 0x8c4a, 0x8c4a, 0x8c4a, 0x8c4a, 0x8c4a, 0x8c4a, 0x8c4a, 
  0x8c4a, 0x8c4a, 0x8c4a, 0x8c4a, 0x8c4a, 0x8c4a, 0x8c4a, 0x8c4a, 0x8c4a, 0x8c4a, 0x8c4a, 0x8c4a, 
  0x8c4a, 0x8c4a, 0x8c4a, 0x8c4a, 0x8c4a, 0x8c4a, 0x8c4a, 0x8c4a, 0x8c4a, 0x8c4a, 0x8c4a, 0x8c4a, 
  0x8c4a, 0x8c4a, 0x8c4a, 0x8c4a, 0x8c4a, 0x8c4a, 0x8c4a, 0x8c4a, 0x8c4a, 0x8c4a, 0x8c4a, 0x8c4a, 
  0x8c4a, 0x8c4a, 0x8c4a, 0x8c4a, 0x8c4a, 0x8c4a, 0x8c4a, 0x6a62, 0x6a62, 0x8c4a, 0x8c4a, 0x8c4a, 
  0x8c4a, 0x8c4a, 0x8c4a, 0x8c4a, 0x8c4a, 0x8c4a, 0x8c4a, 0x8c4a, 0x8c4a, 0x8c4a, 0x8c4a, 0x8c4a, 
  0x8c4a, 0x8c4a, 0x8c4a, 0x8c4a, 0x8c4a, 0x8c4a, 0x8c4a, 0x8c4a, 0x8c4a, 0x8c4a, 0x8c4a, 0x8c4a, 
  0x8c4a, 0x8c4a, 0x8c4a, 0x8c4a, 0x8c4a, 0x8c4a, 0x8c4a, 0x8c4a, 0x8c4a, 0x8c4a, 0x8c4a, 0x8c4a, 
  0x8c4a, 0x8c4a, 0x8c4a, 0x8c4a, 0x8c4a, 0x8c4a, 0x8c4a, 0x8c4a, 0x8c4a, 0x8c4a, 0x8c4a, 0x8c4a, 
  0x8c4a, 0x8c4a, 0x8c4a, 0x8c4a, 0x8c4a, 0x8c4a, 0x8c4a, 0x8c4a, 0x8c4a, 0x8c4a, 0x8c4a, 0x8c4a, 
  0x8c4a, 0x8c4a, 0x8c4a, 0x8c4a, 0x8c4a, 0x8c4a, 0x8c4a, 0x8c4a, 0x8c4a, 0x8c4a, 0x8c4a, 0x8c4a, 
  0x8c4a, 0x8c4a, 0x8c4a, 0x8c4a, 0x8c4a, 0x8c4a, 0x8c4a, 0x8c4a, 0x8c4a, 0x8c4a, 0x8c4a, 0x8c4a, 
  0x8c4a, 0x8c4a, 0x8c4a, 0x8c4a, 0x8c4a, 0x8c4a, 0x8c4a, 0x8c4a, 0x8c4a, 0x8c4a, 0x8c4a, 0x8c4a, 
  0x8c4a, 0x8c4a, 0x8c4a, 0x8c4a, 0x8c4a, 0x8c4a, 0x8c4a, 0x8c4a, 0x8c4a, 0x8c4a, 0x8c4a, 0x8c4a, 
  0x8c4a, 0x8c4a, 0x8c4a, 0x8c4a, 0x8c4a, 0x8c4a, 0x8c4a, 0x8c4a, 0x8c4a, 0x8c4a, 0x8c4a, 0x8c4a, 
  0x8c4a, 0x8c4a, 0x8c4a, 0x8c4a, 0x8c4a, 0x8c4a, 0x8c4a, 0x8c4a, 0x8c4a, 0x8c4a, 0x8c4a, 0x8c4a, 
  0x8c4a, 0x8c4a, 0x8c4a, 0x8c4a, 0x8c4a, 0x8c4a, 0x8c4a, 0x8c4a, 0x8c4a, 0x8c4a, 0x8c4a, 0x8c4a, 
  0x8c4a, 0x8c4a, 0x8c4a, 0x8c4a, 0x8c4a, 0x8c4a, 0x8c4a, 0x8c4a, 0x8c4a, 0x8c4a, 0x8c4a, 0x8c4a, 
  0x8c4a, 0x8c4a, 0x8c4a, 0x8c4a, 0x8c4a, 0x8c4a, 0x8c4a, 0x8c4a, 0x8c4a, 0x8c4a, 0x8c4a, 0x8c4a, 
  0x8c4a, 0x8c4a, 0x8c4a, 0x8c4a, 0x8c4a, 0x8c4a, 0x8c4a, 0x8c4a, 0x8c4a, 0x8c4a, 0x8c4a, 0x8c4a, 
  0x8c4a, 0x8c4a, 0x8c4a, 0x8c4a, 0x8c4a, 0x8c4a, 0x8c4a, 0x8c4a, 0x8c4a, 0x8c4a, 0x8c4a, 0x8c4a, 
  0x8c4a, 0x8c4a, 0x8c4a, 0x8c4a, 0x8c4a, 0x8c4a, 0x8c4a, 0x8c4a, 0x8c4a, 0x8c4a, 0x8c4a, 0x8c4a, 
  0x8c4a, 0x8c4a, 0x8c4a, 0x8c4a, 0x8c4a, 0x8c4a, 0x8c4a, 0x8c4a, 0x8c4a, 0x8c4a, 0x8c4a, 0x8c4a, 
  0x8c4a, 0x8c4a, 0x8c4a, 0x8c4a, 0x8c4a, 0x8c4a, 0x8c4a, 0x8c4a, 0x8c4a, 0x8c4a, 0x8c4a, 0x8c4a, 
  0x8c4a, 0x8c4a, 0x8c4a, 0x8c4a, 0x8c4a, 0x8c4a, 0x8c4a, 0x8c4a, 0x8c4a, 0x8c4a, 0x8c4a, 0x8c4a, 
  0x8c4a, 0x8c4a, 0x8c4a, 0x8c4a, 0x8c4a, 0x8c4a, 0x8c4a, 0x8c4a, 0x8c4a, 0x8c4a, 0x8c4a, 0x8c4a, 
  0x8c4a, 0x8c4a, 0x8c4a, 0x8c4a, 0x8c4a, 0x8c4a, 0x8c4a, 0x8c4a, 0x8c4a, 0x8c4a, 0x8c4a, 0x8c4a, 
  0x8c4a, 0x8c4a, 0x8c4a, 0x8c4a, 0x8c4a, 0x8c4a, 0x8c4a, 0x8c4a, 0x8c4a, 0x8c4a, 0x8c4a, 0x8c4a, 
  0x8c4a, 0x8c4a, 0x8c4a, 0x8c4a, 0x8c4a, 0x8c4a, 0x8c4a, 0x8c4a, 0x8c4a, 0x8c4a, 0x8c4a, 0x8c4a, 
  0x8c4a, 0x8c4a, 0x8c4a, 0x8c4a, 0x8c4a, 0x8c4a, 0x8c4a, 0x8c4a, 0x8c4a, 0x8c4a, 0x8c4a, 0x8c4a, 
  0x8c4a, 0x8c4a, 0x8c4a, 0x8c4a, 0x8c4a, 0x8c4a, 0x8c4a, 0x8c4a, 0x8c4a, 0x8c4a, 0x8c4a, 0x8c4a, 
  0x8c4a, 0x8c4a, 0x8c4a, 0x6a62, 0x6a62, 0x8c4a, 0x8c4a, 0x8c4a, 0x8c4a, 0x8c4a, 0x8c4a, 0x8c4a, 
  0x8c4a, 0x8c4a, 0x8c4a, 0x8c4a, 0x8c4a, 0x8c4a, 0x8c4a, 0x8c4a, 0x8c4a, 0x8c4a, 0x8c4a, 0x8c4a, 
  0x8c4a, 0x8c4a, 0x8c4a, 0x8c4a, 0x8c4a, 0x8c4a, 0x8c4a, 0x8c4a, 0x8c4a, 0x8c4a, 0x8c4a, 0x8c4a, 
  0x8c4a, 0x8c4a, 0x8c4a, 0x8c4a, 0x8c4a, 0x8c4a, 0x8c4a, 0x8c4a, 0x8c4a, 0x8c4a, 0x8c4a, 0x8c4a, 
  0x8c4a, 0x8c4a, 0x8c4a, 0x8c4a, 0x8c4a, 0x8c4a, 0x8c4a, 0x8c4a, 0x8c4a, 0x8c4a, 0x8c4a, 0x8c4a, 
  0x8c4a, 0x8c4a, 0x8c4a, 0x8c4a, 0x8c4a, 0x8c4a, 0x8c4a, 0x8c4a, 0x8c4a, 0x8c4a, 0x8c4a, 0x8c4a, 
  0x8c4a, 0x8c4a, 0x8c4a, 0x8c4a, 0x8c4a, 0x8c4a, 0x8c4a, 0x8c4a, 0x8c4a, 0x8c4a, 0x8c4a, 0x8c4a, 
  0x8c4a, 0x8c4a, 0x8c4a, 0x8c4a, 0x8c4a, 0x8c4a, 0x8c4a, 0x8c4a, 0x8c4a, 0x8c4a, 0x8c4a, 0x8c4a, 
  0x8c4a, 0x8c4a, 0x8c4a, 0x8c4a, 0x8c4a, 0x8c4a, 0x8c4a, 0x8c4a, 0x8c4a, 0x8c4a, 0x8c4a, 0x8c4a, 
  0x8c4a, 0x8c4a, 0x8c4a, 0x8c4a, 0x8c4a, 0x8c4a, 0x8c4a, 0x8c4a, 0x8c4a, 0x8c4a, 0x8c4a, 0x8c4a, 
  0x8c4a, 0x8c4a, 0x8c4a, 0x8c4a, 0x8c4a, 0x8c4a, 0x8c4a, 0x8c4a, 0x8c4a, 0x8c4a, 0x8c4a, 0x8c4a, 
  0x8c4a, 0x8c4a, 0x8c4a, 0x8c4a, 0x8c4a, 0x8c4a, 0x8c4a, 0x8c4a, 0x8c4a, 0x8c4a, 0x8c4a, 0x8c4a, 
  0x8c4a, 0x8c4a, 0x8c4a, 0x8c4a, 0x8c4a, 0x8c4a, 0x8c4a, 0x8c4a, 0x8c4a, 0x8c4a, 0x8c4a, 0x8c4a, 
  0x8c4a, 0x8c4a, 0x8c4a, 0x8c4a, 0x8c4a, 0x8c4a, 0x8c4a, 0x8c4a, 0x8c4a, 0x8c4a, 0x8c4a, 0x8c4a, 
  0x8c4a, 0x8c4a, 0x8c4a, 0x8c4a, 0x8c4a, 0x8c4a, 0x8c4a, 0x8c4a, 0x8c4a, 0x8c4a, 0x8c4a, 0x8c4a, 
  0x8c4a, 0x8c4a, 0x8c4a, 0x8c4a, 0x8c4a, 0x8c4a, 0x8c4a, 0x8c4a, 0x8c4a, 0x8c4a, 0x8c4a, 0x8c4a, 
  0x8c4a, 0x8c4a, 0x8c4a, 0x8c4a, 0x8c4a, 0x8c4a, 0x8c4a, 0x8c4a, 0x8c4a, 0x8c4a, 0x8c4a, 0x8c4a, 
  0x8c4a, 0x8c4a, 0x8c4a, 0x8c4a, 0x8c4a, 0x8c4a, 0x8c4a, 0x8c4a, 0x8c4a, 0x8c4a, 0x8c4a, 0x8c4a, 
  0x8c4a, 0x8c4a, 0x8c4a, 0x8c4a, 0x8c4a, 0x8c4a, 0x8c4a, 0x8c4a, 0x8c4a, 0x8c4a, 0x8c4a, 0x8c4a, 
  0x8c4a, 0x8c4a, 0x8c4a, 0x8c4a, 0x8c4a, 0x8c4a, 0x8c4a, 0x8c4a, 0x8c4a, 0x8c4a, 0x8c4a, 0x8c4a, 
  0x8c4a, 0x8c4a, 0x8c4a, 0x8c4a, 0x8c4a, 0x8c4a, 0x8c4a, 0x8c4a, 0x8c4a, 0x8c4a, 0x8c4a, 0x8c4a, 
  0x8c4a, 0x8c4a, 0x8c4a, 0x8c4a, 0x8c4a, 0x8c4a, 0x8c4a, 0x8c4a, 0x8c4a, 0x8c4a, 0x8c4a, 0x8c4a, 
  0x8c4a, 0x8c4a, 0x8c4a, 0x8c4a, 0x8c4a, 0x8c4a, 0x8c4a, 0x8c4a, 0x8c4a, 0x8c4a, 0x8c4a, 0x8c4a, 
  0x8c4a, 0x8c4a, 0x8c4a, 0x8c4a, 0x8c4a, 0x8c4a, 0x8c4a, 0x8c4a, 0x8c4a, 0x8c4a, 0x8c4a, 0x8c4a, 
  0x8c4a, 0x8c4a, 0x8c4a, 0x8c4a, 0x8c4a, 0x8c4a, 0x8c4a, 0x8c4a, 0x8c4a, 0x8c4a, 0x8c4a, 0x8c4a, 
  0x8c4a, 0x8c4a, 0x8c4a, 0x8c4a, 0x8c4a, 0x8c4a, 0x8c4a, 0x8c4a, 0x8c4a, 0x8c4a, 0x8c4a, 0x8c4a, 
  0x8c4a, 0x8c4a, 0x8c4a, 0x8c4a, 0x8c4a, 0x8c4a, 0x8c4a, 0x8c4a, 0x8c4a, 0x8c4a, 0x8c4a, 0x6a62, 
  0x6a62, 0x8c4a, 0x8c4a, 0x8c4a, 0x8c4a, 0x8c4a, 0x8c4a, 0x8c4a, 0x8c4a, 0x8c4a, 0x8c4a, 0x8c4a, 
  0x8c4a, 0x8c4a, 0x8c4a, 0x8c4a, 0x8c4a, 0x8c4a, 0x8c4a, 0x8c4a, 0x8c4a, 0x8c4a, 0x8c4a, 0x8c4a, 
  0x8c4a, 0x8c4a, 0x8c4a, 0x8c4a, 0x8c4a, 0x8c4a, 0x8c4a, 0x8c4a, 0x8c4a, 0x8c4a, 0x8c4a, 0x8c4a, 
  0x8c4a, 0x8c4a, 0x8c4a, 0x8c4a, 0x8c4a, 0x8c4a, 0x8c4a, 0x8c4a, 0x8c4a, 0x8c4a, 0x8c4a, 0x8c4a, 
  0x8c4a, 0x8c4a, 0x8c4a, 0x8c4a, 0x8c4a, 0x8c4a, 0x8c4a, 0x8c4a, 0x8c4a, 0x8c4a, 0x8c4a, 0x8c4a, 
  0x8c4a, 0x8c4a, 0x8c4a, 0x8c4a, 0x8c4a, 0x8c4a, 0x8c4a, 0x8c4a, 0x8c4a, 0x8c4a, 0x8c4a, 0x8c4a, 
  0x8c4a, 0x8c4a, 0x8c4a, 0x8c4a, 0x8c4a, 0x8c4a, 0x8c4a, 0x8c4a, 0x8c4a, 0x8c4a, 0x8c4a, 0x8c4a, 
  0x8c4a, 0x8c4a, 0x8c4a, 0x8c4a, 0x8c4a, 0x8c4a, 0x8c4a, 0x8c4a, 0x8c4a, 0x8c4a, 0x8c4a, 0x8c4a, 
  0x8c4a, 0x8c4a, 0x8c4a, 0x8c4a, 0x8c4a, 0x8c4a, 0x8c4a, 0x8c4a, 0x8c4a, 0x8c4a, 0x8c4a, 0x8c4a, 
  0x8c4a, 0x8c4a, 0x8c4a, 0x8c4a, 0x8c4a, 0x8c4a, 0x8c4a, 0x8c4a, 0x8c4a, 0x8c4a, 0x8c4a, 0x8c4a, 
  0x8c4a, 0x8c4a, 0x8c4a, 0x8c4a, 0x8c4a, 0x8c4a, 0x8c4a, 0x8c4a, 0x8c4a, 0x8c4a, 0x8c4a, 0x8c4a, 
  0x8c4a, 0x8c4a, 0x8c4a, 0x8c4a, 0x8c4a, 0x8c4a, 0x8c4a, 0x8c4a, 0x8c4a, 0x8c4a, 0x8c4a, 0x8c4a, 
  0x8c4a, 0x8c4a, 0x8c4a, 0x8c4a, 0x8c4a, 0x8c4a, 0x8c4a, 0x8c4a, 0x8c4a, 0x8c4a, 0x8c4a, 0x8c4a, 
  0x8c4a, 0x8c4a, 0x8c4a, 0x8c4a, 0x8c4a, 0x8c4a, 0x8c4a, 0x8c4a, 0x8c4a, 0x8c4a, 0x8c4a, 0x8c4a, 
  0x8c4a, 0x8c4a, 0x8c4a, 0x8c4a, 0x8c4a, 0x8c4a, 0x8c4a, 0x8c4a, 0x8c4a, 0x8c4a, 0x8c4a, 0x8c4a, 
  0x8c4a, 0x8c4a, 0x8c4a, 0x8c4a, 0x8c4a, 0x8c4a, 0x8c4a, 0x8c4a, 0x8c4a, 0x8c4a, 0x8c4a, 0x8c4a, 
  0x8c4a, 0x8c4a, 0x8c4a, 0x8c4a, 0x8c4a, 0x8c4a, 0x8c4a, 0x8c4a, 0x8c4a, 0x8c4a, 0x8c4a, 0x8c4a, 
  0x8c4a, 0x8c4a, 0x8c4a, 0x8c4a, 0x8c4a, 0x8c4a, 0x8c4a, 0x8c4a, 0x8c4a, 0x8c4a, 0x8c4a, 0x8c4a, 
  0x8c4a, 0x8c4a, 0x8c4a, 0x8c4a, 0x8c4a, 0x8c4a, 0x8c4a, 0x8c4a, 0x8c4a, 0x8c4a, 0x8c4a, 0x8c4a, 
  0x8c4a, 0x8c4a, 0x8c4a, 0x8c4a, 0x8c4a, 0x8c4a, 0x8c4a, 0x8c4a, 0x8c4a, 0x8c4a, 0x8c4a, 0x8c4a, 
  0x8c4a, 0x8c4a, 0x8c4a, 0x8c4a, 0x8c4a, 0x8c4a, 0x8c4a, 0x8c4a, 0x8c4a, 0x8c4a, 0x8c4a, 0x8c4a, 
  0x8c4a, 0x8c4a, 0x8c4a, 0x8c4a, 0x8c4a, 0x8c4a, 0x8c4a, 0x8c4a, 0x8c4a, 0x8c4a, 0x8c4a, 0x8c4a, 
  0x8c4a, 0x8c4a, 0x8c4a, 0x8c4a, 0x8c4a, 0x8c4a, 0x8c4a, 0x8c4a, 0x8c4a, 0x8c4a, 0x8c4a, 0x8c4a, 
  0x8c4a, 0x8c4a, 0x8c4a, 0x8c4a, 0x8c4a, 0x8c4a, 0x8c4a, 0x8c4a, 0x8c4a, 0x8c4a, 0x8c4a, 0x8c4a, 
  0x8c4a, 0x8c4a, 0x8c4a, 0x8c4a, 0x8c4a, 0x8c4a, 0x8c4a, 0x8c4a, 0x8c4a, 0x8c4a, 0x8c4a, 0x8c4a, 
  0x8c4a, 0x8c4a, 0x8c4a, 0x8c4a, 0x8c4a, 0x8c4a, 0x8c4a, 0x8c4a, 0x8c4a, 0x8c4a, 0x8c4a, 0x8c4a, 
  0x8c4a, 0x8c4a, 0x8c4a, 0x8c4a, 0x8c4a, 0x8c4a, 0x8c4a, 0x6a62, 0x6a62, 0x8c4a, 0x8c4a, 0x8c4a, 
  0x8c4a, 0x8c4a, 0x8c4a, 0x8c4a, 0x8c4a, 0x8c4a, 0x8c4a, 0x8c4a, 0x8c4a, 0x8c4a, 0x8c4a, 0x8c4a, 
  0x8c4a, 0x8c4a, 0x8c4a, 0x8c4a, 0x8c4a, 0x8c4a, 0x8c4a, 0x8c4a, 0x8c4a, 0x8c4a, 0x8c4a, 0x8c4a, 
  0x8c4a, 0x8c4a, 0x8c4a, 0x8c4a, 0x8c4a, 0x8c4a, 0x8c4a, 0x8c4a, 0x8c4a, 0x8c4a, 0x8c4a, 0x8c4a, 
  0x8c4a, 0x8c4a, 0x8c4a, 0x8c4a, 0x8c4a, 0x8c4a, 0x8c4a, 0x8c4a, 0x8c4a, 0x8c4a, 0x8c4a, 0x8c4a, 
  0x8c4a, 0x8c4a, 0x8c4a, 0x8c4a, 0x8c4a, 0x8c4a, 0x8c4a, 0x8c4a, 0x8c4a, 0x8c4a, 0x8c4a, 0x8c4a, 
  0x8c4a, 0x8c4a, 0x8c4a, 0x8c4a, 0x8c4a, 0x8c4a, 0x8c4a, 0x8c4a, 0x8c4a, 0x8c4a, 0x8c4a, 0x8c4a, 
  0x8c4a, 0x8c4a, 0x8c4a, 0x8c4a, 0x8c4a, 0x8c4a, 0x8c4a, 0x8c4a, 0x8c4a, 0x8c4a, 0x8c4a, 0x8c4a, 
  0x8c4a, 0x8c4a, 0x8c4a, 0x8c4a, 0x8c4a, 0x8c4a, 0x8c4a, 0x8c4a, 0x8c4a, 0x8c4a, 0x8c4a, 0x8c4a, 
  0x8c4a, 0x8c4a, 0x8c4a, 0x8c4a, 0x8c4a, 0x8c4a, 0x8c4a, 0x8c4a, 0x8c4a, 0x8c4a, 0x8c4a, 0x8c4a, 
  0x8c4a, 0x8c4a, 0x8c4a, 0x8c4a, 0x8c4a, 0x8c4a, 0x8c4a, 0x8c4a, 0x8c4a, 0x8c4a, 0x8c4a, 0x8c4a, 
  0x8c4a, 0x8c4a, 0x8c4a, 0x8c4a, 0x8c4a, 0x8c4a, 0x8c4a, 0x8c4a, 0x8c4a, 0x8c4a, 0x8c4a, 0x8c4a, 
  0x8c4a, 0x8c4a, 0x8c4a, 0x8c4a, 0x8c4a, 0x8c4a, 0x8c4a, 0x8c4a, 0x8c4a, 0x8c4a, 0x8c4a, 0x8c4a, 
  0x8c4a, 0x8c4a, 0x8c4a, 0x8c4a, 0x8c4a, 0x8c4a, 0x8c4a, 0x8c4a, 0x8c4a, 0x8c4a, 0x8c4a, 0x8c4a, 
  0x8c4a, 0x8c4a, 0x8c4a, 0x8c4a, 0x8c4a, 0x8c4a, 0x8c4a, 0x8c4a, 0x8c4a, 0x8c4a, 0x8c4a, 0x8c4a, 
  0x8c4a, 0x8c4a, 0x8c4a, 0x8c4a, 0x8c4a, 0x8c4a, 0x8c4a, 0x8c4a, 0x8c4a, 0x8c4a, 0x8c4a, 0x8c4a, 
  0x8c4a, 0x8c4a, 0x8c4a, 0x8c4a, 0x8c4a, 0x8c4a, 0x8c4a, 0x8c4a, 0x8c4a, 0x8c4a, 0x8c4a, 0x8c4a, 
  0x8c4a, 0x8c4a, 0x8c4a, 0x8c4a, 0x8c4a, 0x8c4a, 0x8c4a, 0x8c4a, 0x8c4a, 0x8c4a, 0x8c4a, 0x8c4a, 
  0x8c4a, 0x8c4a, 0x8c4a, 0x8c4a, 0x8c4a, 0x8c4a, 0x8c4a, 0x8c4a, 0x8c4a, 0x8c4a, 0x8c4a, 0x8c4a, 
  0x8c4a, 0x8c4a, 0x8c4a, 0x8c4a, 0x8c4a, 0x8c4a, 0x8c4a, 0x8c4a, 0x8c4a, 0x8c4a, 0x8c4a, 0x8c4a, 
  0x8c4a, 0x8c4a, 0x8c4a, 0x8c4a, 0x8c4a, 0x8c4a, 0x8c4a, 0x8c4a, 0x8c4a, 0x8c4a, 0x8c4a, 0x8c4a, 
  0x8c4a, 0x8c4a, 0x8c4a, 0x8c4a, 0x8c4a, 0x8c4a, 0x8c4a, 0x8c4a, 0x8c4a, 0x8c4a, 0x8c4a, 0x8c4a, 
  0x8c4a, 0x8c4a, 0x8c4a, 0x8c4a, 0x8c4a, 0x8c4a, 0x8c4a, 0x8c4a, 0x8c4a, 0x8c4a, 0x8c4a, 0x8c4a, 
  0x8c4a, 0x8c4a, 0x8c4a, 0x8c4a, 0x8c4a, 0x8c4a, 0x8c4a, 0x8c4a, 0x8c4a, 0x8c4a, 0x8c4a, 0x8c4a, 
  0x8c4a, 0x8c4a, 0x8c4a, 0x8c4a, 0x8c4a, 0x8c4a, 0x8c4a, 0x8c4a, 0x8c4a, 0x8c4a, 0x8c4a, 0x8c4a, 
  0x8c4a, 0x8c4a, 0x8c4a, 0x8c4a, 0x8c4a, 0x8c4a, 0x8c4a, 0x8c4a, 0x8c4a, 0x8c4a, 0x8c4a, 0x8c4a, 
  0x8c4a, 0x8c4a, 0x8c4a, 0x8c4a, 0x8c4a, 0x8c4a, 0x8c4a, 0x8c4a, 0x8c4a, 0x8c4a, 0x8c4a, 0x8c4a, 
  0x8c4a, 0x8c4a, 0x8c4a, 0x6a62, 0x6a62, 0x8c4a, 0x8c4a, 0x8c4a, 0x8c4a, 0x8c4a, 0x8c4a, 0x8c4a, 
  0x8c4a, 0x8c4a, 0x8c4a, 0x8c4a, 0x8c4a, 0x8c4a, 0x8c4a, 0x8c4a, 0x8c4a, 0x8c4a, 0x8c4a, 0x8c4a, 
  0x8c4a, 0x8c4a, 0x8c4a, 0x8c4a, 0x8c4a, 0x8c4a, 0x8c4a, 0x8c4a, 0x8c4a, 0x8c4a, 0x8c4a, 0x8c4a, 
  0x8c4a, 0x8c4a, 0x8c4a, 0x8c4a, 0x8c4a, 0x8c4a, 0x8c4a, 0x8c4a, 0x8c4a, 0x8c4a, 0x8c4a, 0x8c4a, 
  0x8c4a, 0x8c4a, 0x8c4a, 0x8c4a, 0x8c4a, 0x8c4a, 0x8c4a, 0x8c4a, 0x8c4a, 0x8c4a, 0x8c4a, 0x8c4a, 
  0x8c4a, 0x8c4a, 0x8c4a, 0x8c4a, 0x8c4a, 0x8c4a, 0x8c4a, 0x8c4a, 0x8c4a, 0x8c4a, 0x8c4a, 0x8c4a, 
  0x8c4a, 0x8c4a, 0x8c4a, 0x8c4a, 0x8c4a, 0x8c4a, 0x8c4a, 0x8c4a, 0x8c4a, 0x8c4a, 0x8c4a, 0x8c4a, 
  0x8c4a, 0x8c4a, 0x8c4a, 0x8c4a, 0x8c4a, 0x8c4a, 0x8c4a, 0x8c4a, 0x8c4a, 0x8c4a, 0x8c4a, 0x8c4a, 
  0x8c4a, 0x8c4a, 0x8c4a, 0x8c4a, 0x8c4a, 0x8c4a, 0x8c4a, 0x8c4a, 0x8c4a, 0x8c4a, 0x8c4a, 0x8c4a, 
  0x8c4a, 0x8c4a, 0x8c4a, 0x8c4a, 0x8c4a, 0x8c4a, 0x8c4a, 0x8c4a, 0x8c4a, 0x8c4a, 0x8c4a, 0x8c4a, 
  0x8c4a, 0x8c4a, 0x8c4a, 0x8c4a, 0x8c4a, 0x8c4a, 0x8c4a, 0x8c4a, 0x8c4a, 0x8c4a, 0x8c4a, 0x8c4a, 
  0x8c4a, 0x8c4a, 0x8c4a, 0x8c4a, 0x8c4a, 0x8c4a, 0x8c4a, 0x8c4a, 0x8c4a, 0x8c4a, 0x8c4a, 0x8c4a, 
  0x8c4a, 0x8c4a, 0x8c4a, 0x8c4a, 0x8c4a, 0x8c4a, 0x8c4a, 0x8c4a, 0x8c4a, 0x8c4a, 0x8c4a, 0x8c4a, 
  0x8c4a, 0x8c4a, 0x8c4a, 0x8c4a, 0x8c4a, 0x8c4a, 0x8c4a, 0x8c4a, 0x8c4a, 0x8c4a, 0x8c4a, 0x8c4a, 
  0x8c4a, 0x8c4a, 0x8c4a, 0x8c4a, 0x8c4a, 0x8c4a, 0x8c4a, 0x8c4a, 0x8c4a, 0x8c4a, 0x8c4a, 0x8c4a, 
  0x8c4a, 0x8c4a, 0x8c4a, 0x8c4a, 0x8c4a, 0x8c4a, 0x8c4a, 0x8c4a, 0x8c4a, 0x8c4a, 0x8c4a, 0x8c4a, 
  0x8c4a, 0x8c4a, 0x8c4a, 0x8c4a, 0x8c4a, 0x8c4a, 0x8c4a, 0x8c4a, 0x8c4a, 0x8c4a, 0x8c4a, 0x8c4a, 
  0x8c4a, 0x8c4a, 0x8c4a, 0x8c4a, 0x8c4a, 0x8c4a, 0x8c4a, 0x8c4a, 0x8c4a, 0x8c4a, 0x8c4a, 0x8c4a, 
  0x8c4a, 0x8c4a, 0x8c4a, 0x8c4a, 0x8c4a, 0x8c4a, 0x8c4a, 0x8c4a, 0x8c4a, 0x8c4a, 0x8c4a, 0x8c4a, 
  0x8c4a, 0x8c4a, 0x8c4a, 0x8c4a, 0x8c4a, 0x8c4a, 0x8c4a, 0x8c4a, 0x8c4a, 0x8c4a, 0x8c4a, 0x8c4a, 
  0x8c4a, 0x8c4a, 0x8c4a, 0x8c4a, 0x8c4a, 0x8c4a, 0x8c4a, 0x8c4a, 0x8c4a, 0x8c4a, 0x8c4a, 0x8c4a, 
  0x8c4a, 0x8c4a, 0x8c4a, 0x8c4a, 0x8c4a, 0x8c4a, 0x8c4a, 0x8c4a, 0x8c4a, 0x8c4a, 0x8c4a, 0x8c4a, 
  0x8c4a, 0x8c4a, 0x8c4a, 0x8c4a, 0x8c4a, 0x8c4a, 0x8c4a, 0x8c4a, 0x8c4a, 0x8c4a, 0x8c4a, 0x8c4a, 
  0x8c4a, 0x8c4a, 0x8c4a, 0x8c4a, 0x8c4a, 0x8c4a, 0x8c4a, 0x8c4a, 0x8c4a, 0x8c4a, 0x8c4a, 0x8c4a, 
  0x8c4a, 0x8c4a, 0x8c4a, 0x8c4a, 0x8c4a, 0x8c4a, 0x8c4a, 0x8c4a, 0x8c4a, 0x8c4a, 0x8c4a, 0x8c4a, 
  0x8c4a, 0x8c4a, 0x8c4a, 0x8c4a, 0x8c4a, 0x8c4a, 0x8c4a, 0x8c4a, 0x8c4a, 0x8c4a, 0x8c4a, 0x8c4a, 
  0x8c4a, 0x8c4a, 0x8c4a, 0x8c4a, 0x8c4a, 0x8c4a, 0x8c4a, 0x8c4a, 0x8c4a, 0x8c4a, 0x8c4a, 0x6a62, 
  0x6a62, 0x8c4a, 0x8c4a, 0x8c4a, 0x8c4a, 0x8c4a, 0x8c4a, 0x8c4a, 0x8c4a, 0x8c4a, 0x8c4a, 0x8c4a, 
  0x8c4a, 0x8c4a, 0x8c4a, 0x8c4a, 0x8c4a, 0x8c4a, 0x8c4a, 0x8c4a, 0x8c4a, 0x8c4a, 0x8c4a, 0x8c4a, 
  0x8c4a, 0x8c4a, 0x8c4a, 0x8c4a, 0x8c4a, 0x8c4a, 0x8c4a, 0x8c4a, 0x8c4a, 0x8c4a, 0x8c4a, 0x8c4a, 
  0x8c4a, 0x8c4a, 0x8c4a, 0x8c4a, 0x8c4a, 0x8c4a, 0x8c4a, 0x8c4a, 0x8c4a, 0x8c4a, 0x8c4a, 0x8c4a, 
  0x8c4a, 0x8c4a, 0x8c4a, 0x8c4a, 0x8c4a, 0x8c4a, 0x8c4a, 0x8c4a, 0x8c4a, 0x8c4a, 0x8c4a, 0x8c4a, 
  0x8c4a, 0x8c4a, 0x8c4a, 0x8c4a, 0x8c4a, 0x8c4a, 0x8c4a, 0x8c4a, 0x8c4a, 0x8c4a, 0x8c4a, 0x8c4a, 
  0x8c4a, 0x8c4a, 0x8c4a, 0x8c4a, 0x8c4a, 0x8c4a, 0x8c4a, 0x8c4a, 0x8c4a, 0x8c4a, 0x8c4a, 0x8c4a, 
  0x8c4a, 0x8c4a, 0x8c4a, 0x8c4a, 0x8c4a, 0x8c4a, 0x8c4a, 0x8c4a, 0x8c4a, 0x8c4a, 0x8c4a, 0x8c4a, 
  0x8c4a, 0x8c4a, 0x8c4a, 0x8c4a, 0x8c4a, 0x8c4a, 0x8c4a, 0x8c4a, 0x8c4a, 0x8c4a, 0x8c4a, 0x8c4a, 
  0x8c4a, 0x8c4a, 0x8c4a, 0x8c4a, 0x8c4a, 0x8c4a, 0x8c4a, 0x8c4a, 0x8c4a, 0x8c4a, 0x8c4a, 0x8c4a, 
  0x8c4a, 0x8c4a, 0x8c4a, 0x8c4a, 0x8c4a, 0x8c4a, 0x8c4a, 0x8c4a, 0x8c4a, 0x8c4a, 0x8c4a, 0x8c4a, 
  0x8c4a, 0x8c4a, 0x8c4a, 0x8c4a, 0x8c4a, 0x8c4a, 0x8c4a, 0x8c4a, 0x8c4a, 0x8c4a, 0x8c4a, 0x8c4a, 
  0x8c4a, 0x8c4a, 0x8c4a, 0x8c4a, 0x8c4a, 0x8c4a, 0x8c4a, 0x8c4a, 0x8c4a, 0x8c4a, 0x8c4a, 0x8c4a, 
  0x8c4a, 0x8c4a, 0x8c4a, 0x8c4a, 0x8c4a, 0x8c4a, 0x8c4a, 0x8c4a, 0x8c4a, 0x8c4a, 0x8c4a, 0x8c4a, 
  0x8c4a, 0x8c4a, 0x8c4a, 0x8c4a, 0x8c4a, 0x8c4a, 0x8c4a, 0x8c4a, 0x8c4a, 0x8c4a, 0x8c4a, 0x8c4a, 
  0x8c4a, 0x8c4a, 0x8c4a, 0x8c4a, 0x8c4a, 0x8c4a, 0x8c4a, 0x8c4a, 0x8c4a, 0x8c4a, 0x8c4a, 0x8c4a, 
  0x8c4a, 0x8c4a, 0x8c4a, 0x8c4a, 0x8c4a, 0x8c4a, 0x8c4a, 0x8c4a, 0x8c4a, 0x8c4a, 0x8c4a, 0x8c4a, 
  0x8c4a, 0x8c4a, 0x8c4a, 0x8c4a, 0x8c4a, 0x8c4a, 0x8c4a, 0x8c4a, 0x8c4a, 0x8c4a, 0x8c4a, 0x8c4a, 
  0x8c4a, 0x8c4a, 0x8c4a, 0x8c4a, 0x8c4a, 0x8c4a, 0x8c4a, 0x8c4a, 0x8c4a, 0x8c4a, 0x8c4a, 0x8c4a, 
  0x8c4a, 0x8c4a, 0x8c4a, 0x8c4a, 0x8c4a, 0x8c4a, 0x8c4a, 0x8c4a, 0x8c4a, 0x8c4a, 0x8c4a, 0x8c4a, 
  0x8c4a, 0x8c4a, 0x8c4a, 0x8c4a, 0x8c4a, 0x8c4a, 0x8c4a, 0x8c4a, 0x8c4a, 0x8c4a, 0x8c4a, 0x8c4a, 
  0x8c4a, 0x8c4a, 0x8c4a, 0x8c4a, 0x8c4a, 0x8c4a, 0x8c4a, 0x8c4a, 0x8c4a, 0x8c4a, 0x8c4a, 0x8c4a, 
  0x8c4a, 0x8c4a, 0x8c4a, 0x8c4a, 0x8c4a, 0x8c4a, 0x8c4a, 0x8c4a, 0x8c4a, 0x8c4a, 0x8c4a, 0x8c4a, 
  0x8c4a, 0x8c4a, 0x8c4a, 0x8c4a, 0x8c4a, 0x8c4a, 0x8c4a, 0x8c4a, 0x8c4a, 0x8c4a, 0x8c4a, 0x8c4a, 
  0x8c4a, 0x8c4a, 0x8c4a, 0x8c4a, 0x8c4a, 0x8c4a, 0x8c4a, 0x8c4a, 0x8c4a, 0x8c4a, 0x8c4a, 0x8c4a, 
  0x8c4a, 0x8c4a, 0x8c4a, 0x8c4a, 0x8c4a, 0x8c4a, 0x8c4a, 0x8c4a, 0x8c4a, 0x8c4a, 0x8c4a, 0x8c4a, 
  0x8c4a, 0x8c4a, 0x8c4a, 0x8c4a, 0x8c4a, 0x8c4a, 0x8c4a, 0x6a62, 0x6a62, 0x8c4a, 0x8c4a, 0x8c4a, 
  0x8c4a, 0x8c4a, 0x8c4a, 0x8c4a, 0x8c4a, 0x8c4a, 0x8c4a, 0x8c4a, 0x8c4a, 0x8c4a, 0x8c4a, 0x8c4a, 
  0x8c4a, 0x8c4a, 0x8c4a, 0x8c4a, 0x8c4a, 0x8c4a, 0x8c4a, 0x8c4a, 0x8c4a, 0x8c4a, 0x8c4a, 0x8c4a, 
  0x8c4a, 0x8c4a, 0x8c4a, 0x8c4a, 0x8c4a, 0x8c4a, 0x8c4a, 0x8c4a, 0x8c4a, 0x8c4a, 0x8c4a, 0x8c4a, 
  0x8c4a, 0x8c4a, 0x8c4a, 0x8c4a, 0x8c4a, 0x8c4a, 0x8c4a, 0x8c4a, 0x8c4a, 0x8c4a, 0x8c4a, 0x8c4a, 
  0x8c4a, 0x8c4a, 0x8c4a, 0x8c4a, 0x8c4a, 0x8c4a, 0x8c4a, 0x8c4a, 0x8c4a, 0x8c4a, 0x8c4a, 0x8c4a, 
  0x8c4a, 0x8c4a, 0x8c4a, 0x8c4a, 0x8c4a, 0x8c4a, 0x8c4a, 0x8c4a, 0x8c4a, 0x8c4a, 0x8c4a, 0x8c4a, 
  0x8c4a, 0x8c4a, 0x8c4a, 0x8c4a, 0x8c4a, 0x8c4a, 0x8c4a, 0x8c4a, 0x8c4a, 0x8c4a, 0x8c4a, 0x8c4a, 
  0x8c4a, 0x8c4a, 0x8c4a, 0x8c4a, 0x8c4a, 0x8c4a, 0x8c4a, 0x8c4a, 0x8c4a, 0x8c4a, 0x8c4a, 0x8c4a, 
  0x8c4a, 0x8c4a, 0x8c4a, 0x8c4a, 0x8c4a, 0x8c4a, 0x8c4a, 0x8c4a, 0x8c4a, 0x8c4a, 0x8c4a, 0x8c4a, 
  0x8c4a, 0x8c4a, 0x8c4a, 0x8c4a, 0x8c4a, 0x8c4a, 0x8c4a, 0x8c4a, 0x8c4a, 0x8c4a, 0x8c4a, 0x8c4a, 
  0x8c4a, 0x8c4a, 0x8c4a, 0x8c4a, 0x8c4a, 0x8c4a, 0x8c4a, 0x8c4a, 0x8c4a, 0x8c4a, 0x8c4a, 0x8c4a, 
  0x8c4a, 0x8c4a, 0x8c4a, 0x8c4a, 0x8c4a, 0x8c4a, 0x8c4a, 0x8c4a, 0x8c4a, 0x8c4a, 0x8c4a, 0x8c4a, 
  0x8c4a, 0x8c4a, 0x8c4a, 0x8c4a, 0x8c4a, 0x8c4a, 0x8c4a, 0x8c4a, 0x8c4a, 0x8c4a, 0x8c4a, 0x8c4a, 
  0x8c4a, 0x8c4a, 0x8c4a, 0x8c4a, 0x8c4a, 0x8c4a, 0x8c4a, 0x8c4a, 0x8c4a, 0x8c4a, 0x8c4a, 0x8c4a, 
  0x8c4a, 0x8c4a, 0x8c4a, 0x8c4a, 0x8c4a, 0x8c4a, 0x8c4a, 0x8c4a, 0x8c4a, 0x8c4a, 0x8c4a, 0x8c4a, 
  0x8c4a, 0x8c4a, 0x8c4a, 0x8c4a, 0x8c4a, 0x8c4a, 0x8c4a, 0x8c4a, 0x8c4a, 0x8c4a, 0x8c4a, 0x8c4a, 
  0x8c4a, 0x8c4a, 0x8c4a, 0x8c4a, 0x8c4a, 0x8c4a, 0x8c4a, 0x8c4a, 0x8c4a, 0x8c4a, 0x8c4a, 0x8c4a, 
  0x8c4a, 0x8c4a, 0x8c4a, 0x8c4a, 0x8c4a, 0x8c4a, 0x8c4a, 0x8c4a, 0x8c4a, 0x8c4a, 0x8c4a, 0x8c4a, 
  0x8c4a, 0x8c4a, 0x8c4a, 0x8c4a, 0x8c4a, 0x8c4a, 0x8c4a, 0x8c4a, 0x8c4a, 0x8c4a, 0x8c4a, 0x8c4a, 
  0x8c4a, 0x8c4a, 0x8c4a, 0x8c4a, 0x8c4a, 0x8c4a, 0x8c4a, 0x8c4a, 0x8c4a, 0x8c4a, 0x8c4a, 0x8c4a, 
  0x8c4a, 0x8c4a, 0x8c4a, 0x8c4a, 0x8c4a, 0x8c4a, 0x8c4a, 0x8c4a, 0x8c4a, 0x8c4a, 0x8c4a, 0x8c4a, 
  0x8c4a, 0x8c4a, 0x8c4a, 0x8c4a, 0x8c4a, 0x8c4a, 0x8c4a, 0x8c4a, 0x8c4a, 0x8c4a, 0x8c4a, 0x8c4a, 
  0x8c4a, 0x8c4a, 0x8c4a, 0x8c4a, 0x8c4a, 0x8c4a, 0x8c4a, 0x8c4a, 0x8c4a, 0x8c4a, 0x8c4a, 0x8c4a, 
  0x8c4a, 0x8c4a, 0x8c4a, 0x8c4a, 0x8c4a, 0x8c4a, 0x8c4a, 0x8c4a, 0x8c4a, 0x8c4a, 0x8c4a, 0x8c4a, 
  0x8c4a, 0x8c4a, 0x8c4a, 0x8c4a, 0x8c4a, 0x8c4a, 0x8c4a, 0x8c4a, 0x8c4a, 0x8c4a, 0x8c4a, 0x8c4a, 
  0x8c4a, 0x8c4a, 0x8c4a, 0x8c4a, 0x8c4a, 0x8c4a, 0x8c4a, 0x8c4a, 0x8c4a, 0x8c4a, 0x8c4a, 0x8c4a, 
  0x8c4a, 0x8c4a, 0x8c4a, 0x6a62, 0x6a62, 0x8c4a, 0x8c4a, 0x8c4a, 0x8c4a, 0x8c4a, 0x8c4a, 0x8c4a, 
  0x8c4a, 0x8c4a, 0x8c4a, 0x8c4a, 0x8c4a, 0x8c4a, 0x8c4a, 0x8c4a, 0x8c4a, 0x8c4a, 0x8c4a, 0x8c4a, 
  0x8c4a, 0x8c4a, 0x8c4a, 0x8c4a, 0x8c4a, 0x8c4a, 0x8c4a, 0x8c4a, 0x8c4a, 0x8c4a, 0x8c4a, 0x8c4a, 
  0x8c4a, 0x8c4a, 0x8c4a, 0x8c4a, 0x8c4a, 0x8c4a, 0x8c4a, 0x8c4a, 0x8c4a, 0x8c4a, 0x8c4a, 0x8c4a, 
  0x8c4a, 0x8c4a, 0x8c4a, 0x8c4a, 0x8c4a, 0x8c4a, 0x8c4a, 0x8c4a, 0x8c4a, 0x8c4a, 0x8c4a, 0x8c4a, 
  0x8c4a, 0x8c4a, 0x8c4a, 0x8c4a, 0x8c4a, 0x8c4a, 0x8c4a, 0x8c4a, 0x8c4a, 0x8c4a, 0x8c4a, 0x8c4a, 
  0x8c4a, 0x8c4a, 0x8c4a, 0x8c4a, 0x8c4a, 0x8c4a, 0x8c4a, 0x8c4a, 0x8c4a, 0x8c4a, 0x8c4a, 0x8c4a, 
  0x8c4a, 0x8c4a, 0x8c4a, 0x8c4a, 0x8c4a, 0x8c4a, 0x8c4a, 0x8c4a, 0x8c4a, 0x8c4a, 0x8c4a, 0x8c4a, 
  0x8c4a, 0x8c4a, 0x8c4a, 0x8c4a, 0x8c4a, 0x8c4a, 0x8c4a, 0x8c4a, 0x8c4a, 0x8c4a, 0x8c4a, 0x8c4a, 
  0x8c4a, 0x8c4a, 0x8c4a, 0x8c4a, 0x8c4a, 0x8c4a, 0x8c4a, 0x8c4a, 0x8c4a, 0x8c4a, 0x8c4a, 0x8c4a, 
  0x8c4a, 0x8c4a, 0x8c4a, 0x8c4a, 0x8c4a, 0x8c4a, 0x8c4a, 0x8c4a, 0x8c4a, 0x8c4a, 0x8c4a, 0x8c4a, 
  0x8c4a, 0x8c4a, 0x8c4a, 0x8c4a, 0x8c4a, 0x8c4a, 0x8c4a, 0x8c4a, 0x8c4a, 0x8c4a, 0x8c4a, 0x8c4a, 
  0x8c4a, 0x8c4a, 0x8c4a, 0x8c4a, 0x8c4a, 0x8c4a, 0x8c4a, 0x8c4a, 0x8c4a, 0x8c4a, 0x8c4a, 0x8c4a, 
  0x8c4a, 0x8c4a, 0x8c4a, 0x8c4a, 0x8c4a, 0x8c4a, 0x8c4a, 0x8c4a, 0x8c4a, 0x8c4a, 0x8c4a, 0x8c4a, 
  0x8c4a, 0x8c4a, 0x8c4a, 0x8c4a, 0x8c4a, 0x8c4a, 0x8c4a, 0x8c4a, 0x8c4a, 0x8c4a, 0x8c4a, 0x8c4a, 
  0x8c4a, 0x8c4a, 0x8c4a, 0x8c4a, 0x8c4a, 0x8c4a, 0x8c4a, 0x8c4a, 0x8c4a, 0x8c4a, 0x8c4a, 0x8c4a, 
  0x8c4a, 0x8c4a, 0x8c4a, 0x8c4a, 0x8c4a, 0x8c4a, 0x8c4a, 0x8c4a, 0x8c4a, 0x8c4a, 0x8c4a, 0x8c4a, 
  0x8c4a, 0x8c4a, 0x8c4a, 0x8c4a, 0x8c4a, 0x8c4a, 0x8c4a, 0x8c4a, 0x8c4a, 0x8c4a, 0x8c4a, 0x8c4a, 
  0x8c4a, 0x8c4a, 0x8c4a, 0x8c4a, 0x8c4a, 0x8c4a, 0x8c4a, 0x8c4a, 0x8c4a, 0x8c4a, 0x8c4a, 0x8c4a, 
  0x8c4a, 0x8c4a, 0x8c4a, 0x8c4a, 0x8c4a, 0x8c4a, 0x8c4a, 0x8c4a, 0x8c4a, 0x8c4a, 0x8c4a, 0x8c4a, 
  0x8c4a, 0x8c4a, 0x8c4a, 0x8c4a, 0x8c4a, 0x8c4a, 0x8c4a, 0x8c4a, 0x8c4a, 0x8c4a, 0x8c4a, 0x8c4a, 
  0x8c4a, 0x8c4a, 0x8c4a, 0x8c4a, 0x8c4a, 0x8c4a, 0x8c4a, 0x8c4a, 0x8c4a, 0x8c4a, 0x8c4a, 0x8c4a, 
  0x8c4a, 0x8c4a, 0x8c4a, 0x8c4a, 0x8c4a, 0x8c4a, 0x8c4a, 0x8c4a, 0x8c4a, 0x8c4a, 0x8c4a, 0x8c4a, 
  0x8c4a, 0x8c4a, 0x8c4a, 0x8c4a, 0x8c4a, 0x8c4a, 0x8c4a, 0x8c4a, 0x8c4a, 0x8c4a, 0x8c4a, 0x8c4a, 
  0x8c4a, 0x8c4a, 0x8c4a, 0x8c4a, 0x8c4a, 0x8c4a, 0x8c4a, 0x8c4a, 0x8c4a, 0x8c4a, 0x8c4a, 0x8c4a, 
  0x8c4a, 0x8c4a, 0x8c4a, 0x8c4a, 0x8c4a, 0x8c4a, 0x8c4a, 0x8c4a, 0x8c4a, 0x8c4a, 0x8c4a, 0x8c4a, 
  0x8c4a, 0x8c4a, 0x8c4a, 0x8c4a, 0x8c4a, 0x8c4a, 0x8c4a, 0x8c4a, 0x8c4a, 0x8c4a, 0x8c4a, 0x6a62, 
  0x6a62, 0x8c4a, 0x8c4a, 0x8c4a, 0x8c4a, 0x8c4a, 0x8c4a, 0x8c4a, 0x8c4a, 0x8c4a, 0x8c4a, 0x8c4a, 
  0x8c4a, 0x8c4a, 0x8c4a, 0x8c4a, 0x8c4a, 0x8c4a, 0x8c4a, 0x8c4a, 0x8c4a, 0x8c4a, 0x8c4a, 0x8c4a, 
  0x8c4a, 0x8c4a, 0x8c4a, 0x8c4a, 0x8c4a, 0x8c4a, 0x8c4a, 0x8c4a, 0x8c4a, 0x8c4a, 0x8c4a, 0x8c4a, 
  0x8c4a, 0x8c4a, 0x8c4a, 0x8c4a, 0x8c4a, 0x8c4a, 0x8c4a, 0x8c4a, 0x8c4a, 0x8c4a, 0x8c4a, 0x8c4a, 
  0x8c4a, 0x8c4a, 0x8c4a, 0x8c4a, 0x8c4a, 0x8c4a, 0x8c4a, 0x8c4a, 0x8c4a, 0x8c4a, 0x8c4a, 0x8c4a, 
  0x8c4a, 0x8c4a, 0x8c4a, 0x8c4a, 0x8c4a, 0x8c4a, 0x8c4a, 0x8c4a, 0x8c4a, 0x8c4a, 0x8c4a, 0x8c4a, 
  0x8c4a, 0x8c4a, 0x8c4a, 0x8c4a, 0x8c4a, 0x8c4a, 0x8c4a, 0x8c4a, 0x8c4a, 0x8c4a, 0x8c4a, 0x8c4a, 
  0x8c4a, 0x8c4a, 0x8c4a, 0x8c4a, 0x8c4a, 0x8c4a, 0x8c4a, 0x8c4a, 0x8c4a, 0x8c4a, 0x8c4a, 0x8c4a, 
  0x8c4a, 0x8c4a, 0x8c4a, 0x8c4a, 0x8c4a, 0x8c4a, 0x8c4a, 0x8c4a, 0x8c4a, 0x8c4a, 0x8c4a, 0x8c4a, 
  0x8c4a, 0x8c4a, 0x8c4a, 0x8c4a, 0x8c4a, 0x8c4a, 0x8c4a, 0x8c4a, 0x8c4a, 0x8c4a, 0x8c4a, 0x8c4a, 
  0x8c4a, 0x8c4a, 0x8c4a, 0x8c4a, 0x8c4a, 0x8c4a, 0x8c4a, 0x8c4a, 0x8c4a, 0x8c4a, 0x8c4a, 0x8c4a, 
  0x8c4a, 0x8c4a, 0x8c4a, 0x8c4a, 0x8c4a, 0x8c4a, 0x8c4a, 0x8c4a, 0x8c4a, 0x8c4a, 0x8c4a, 0x8c4a, 
  0x8c4a, 0x8c4a, 0x8c4a, 0x8c4a, 0x8c4a, 0x8c4a, 0x8c4a, 0x8c4a, 0x8c4a, 0x8c4a, 0x8c4a, 0x8c4a, 
  0x8c4a, 0x8c4a, 0x8c4a, 0x8c4a, 0x8c4a, 0x8c4a, 0x8c4a, 0x8c4a, 0x8c4a, 0x8c4a, 0x8c4a, 0x8c4a, 
  0x8c4a, 0x8c4a, 0x8c4a, 0x8c4a, 0x8c4a, 0x8c4a, 0x8c4a, 0x8c4a, 0x8c4a, 0x8c4a, 0x8c4a, 0x8c4a, 
  0x8c4a, 0x8c4a, 0x8c4a, 0x8c4a, 0x8c4a, 0x8c4a, 0x8c4a, 0x8c4a, 0x8c4a, 0x8c4a, 0x8c4a, 0x8c4a, 
  0x8c4a, 0x8c4a, 0x8c4a, 0x8c4a, 0x8c4a, 0x8c4a, 0x8c4a, 0x8c4a, 0x8c4a, 0x8c4a, 0x8c4a, 0x8c4a, 
  0x8c4a, 0x8c4a, 0x8c4a, 0x8c4a, 0x8c4a, 0x8c4a, 0x8c4a, 0x8c4a, 0x8c4a, 0x8c4a, 0x8c4a, 0x8c4a, 
  0x8c4a, 0x8c4a, 0x8c4a, 0x8c4a, 0x8c4a, 0x8c4a, 0x8c4a, 0x8c4a, 0x8c4a, 0x8c4a, 0x8c4a, 0x8c4a, 
  0x8c4a, 0x8c4a, 0x8c4a, 0x8c4a, 0x8c4a, 0x8c4a, 0x8c4a, 0x8c4a, 0x8c4a, 0x8c4a, 0x8c4a, 0x8c4a, 
  0x8c4a, 0x8c4a, 0x8c4a, 0x8c4a, 0x8c4a, 0x8c4a, 0x8c4a, 0x8c4a, 0x8c4a, 0x8c4a, 0x8c4a, 0x8c4a, 
  0x8c4a, 0x8c4a, 0x8c4a, 0x8c4a, 0x8c4a, 0x8c4a, 0x8c4a, 0x8c4a, 0x8c4a, 0x8c4a, 0x8c4a, 0x8c4a, 
  0x8c4a, 0x8c4a, 0x8c4a, 0x8c4a, 0x8c4a, 0x8c4a, 0x8c4a, 0x8c4a, 0x8c4a, 0x8c4a, 0x8c4a, 0x8c4a, 
  0x8c4a, 0x8c4a, 0x8c4a, 0x8c4a, 0x8c4a, 0x8c4a, 0x8c4a, 0x8c4a, 0x8c4a, 0x8c4a, 0x8c4a, 0x8c4a, 
  0x8c4a, 0x8c4a, 0x8c4a, 0x8c4a, 0x8c4a, 0x8c4a, 0x8c4a, 0x8c4a, 0x8c4a, 0x8c4a, 0x8c4a, 0x8c4a, 
  0x8c4a, 0x8c4a, 0x8c4a, 0x8c4a, 0x8c4a, 0x8c4a, 0x8c4a, 0x8c4a, 0x8c4a, 0x8c4a, 0x8c4a, 0x8c4a, 
  0x8c4a, 0x8c4a, 0x8c4a, 0x8c4a, 0x8c4a, 0x8c4a, 0x8c4a, 0x6a62, 0x6a62, 0x8c4a, 0x8c4a, 0x8c4a, 
  0x8c4a, 0x8c4a, 0x8c4a, 0x8c4a, 0x8c4a, 0x8c4a, 0x8c4a, 0x8c4a, 0x8c4a, 0x8c4a, 0x8c4a, 0x8c4a, 
  0x8c4a, 0x8c4a, 0x8c4a, 0x8c4a, 0x8c4a, 0x8c4a, 0x8c4a, 0x8c4a, 0x8c4a, 0x8c4a, 0x8c4a, 0x8c4a, 
  0x8c4a, 0x8c4a, 0x8c4a, 0x8c4a, 0x8c4a, 0x8c4a, 0x8c4a, 0x8c4a, 0x8c4a, 0x8c4a, 0x8c4a, 0x8c4a, 
  0x8c4a, 0x8c4a, 0x8c4a, 0x8c4a, 0x8c4a, 0x8c4a, 0x8c4a, 0x8c4a, 0x8c4a, 0x8c4a, 0x8c4a, 0x8c4a, 
  0x8c4a, 0x8c4a, 0x8c4a, 0x8c4a, 0x8c4a, 0x8c4a, 0x8c4a, 0x8c4a, 0x8c4a, 0x8c4a, 0x8c4a, 0x8c4a, 
  0x8c4a, 0x8c4a, 0x8c4a, 0x8c4a, 0x8c4a, 0x8c4a, 0x8c4a, 0x8c4a, 0x8c4a, 0x8c4a, 0x8c4a, 0x8c4a, 
  0x8c4a, 0x8c4a, 0x8c4a, 0x8c4a, 0x8c4a, 0x8c4a, 0x8c4a, 0x8c4a, 0x8c4a, 0x8c4a, 0x8c4a, 0x8c4a, 
  0x8c4a, 0x8c4a, 0x8c4a, 0x8c4a, 0x8c4a, 0x8c4a, 0x8c4a, 0x8c4a, 0x8c4a, 0x8c4a, 0x8c4a, 0x8c4a, 
  0x8c4a, 0x8c4a, 0x8c4a, 0x8c4a, 0x8c4a, 0x8c4a, 0x8c4a, 0x8c4a, 0x8c4a, 0x8c4a, 0x8c4a, 0x8c4a, 
  0x8c4a, 0x8c4a, 0x8c4a, 0x8c4a, 0x8c4a, 0x8c4a, 0x8c4a, 0x8c4a, 0x8c4a, 0x8c4a, 0x8c4a, 0x8c4a, 
  0x8c4a, 0x8c4a, 0x8c4a, 0x8c4a, 0x8c4a, 0x8c4a, 0x8c4a, 0x8c4a, 0x8c4a, 0x8c4a, 0x8c4a, 0x8c4a, 
  0x8c4a, 0x8c4a, 0x8c4a, 0x8c4a, 0x8c4a, 0x8c4a, 0x8c4a, 0x8c4a, 0x8c4a, 0x8c4a, 0x8c4a, 0x8c4a, 
  0x8c4a, 0x8c4a, 0x8c4a, 0x8c4a, 0x8c4a, 0x8c4a, 0x8c4a, 0x8c4a, 0x8c4a, 0x8c4a, 0x8c4a, 0x8c4a, 
  0x8c4a, 0x8c4a, 0x8c4a, 0x8c4a, 0x8c4a, 0x8c4a, 0x8c4a, 0x8c4a, 0x8c4a, 0x8c4a, 0x8c4a, 0x8c4a, 
  0x8c4a, 0x8c4a, 0x8c4a, 0x8c4a, 0x8c4a, 0x8c4a, 0xcd5a, 0x0e63, 0x0e63, 0x0e63, 0x0e63, 0x0e63, 
  0x0e63, 0x0e63, 0x0e63, 0x0e63, 0x0e63, 0x0e63, 0x0e63, 0x0e63, 0x0e63, 0x0e63, 0x0e63, 0x0e63, 
  0x0e63, 0x0e63, 0x0e63, 0x0e63, 0x0e63, 0x0e63, 0x0e63, 0x0e63, 0x0e63, 0x0e63, 0x0e63, 0x0e63, 
  0x0e63, 0x0e63, 0x0e63, 0x0e63, 0x0e63, 0x0e63, 0x0e63, 0x0e63, 0x0e63, 0xb073, 0xb073, 0xb073, 
  0xb073, 0xb073, 0xb073, 0xb073, 0xb073, 0xb073, 0xb073, 0xb073, 0xb073, 0xb073, 0xb073, 0xb073, 
  0xb073, 0xb073, 0xb073, 0xb073, 0xb073, 0xb073, 0xb073, 0xb073, 0xb073, 0xb073, 0xb073, 0xb073, 
  0xb073, 0xb073, 0xb073, 0xb073, 0xb073, 0xb073, 0xb073, 0xb073, 0xb073, 0xb073, 0xb073, 0x3384, 
  0x3384, 0x3384, 0x3384, 0x3384, 0x3384, 0x3384, 0x3384, 0x3384, 0x3384, 0x3384, 0x3384, 0x3384, 
  0x3384, 0x3384, 0x3384, 0x3384, 0x3384, 0x3384, 0x3384, 0x3384, 0x3384, 0x3384, 0x3384, 0x3384, 
  0x3384, 0x3384, 0x3384, 0x3384, 0x3384, 0x3384, 0x3384, 0x3384, 0x3384, 0x3384, 0x3384, 0x3384, 
  0x3384, 0x3384, 0xd594, 0xd594, 0xd594, 0xd594, 0xd594, 0xd594, 0xd594, 0xd594, 0xd594, 0xd594, 
  0xd594, 0xd594, 0xd594, 0xd594, 0xd594, 0xd594, 0xd594, 0xd594, 0xd594, 0x8c4a, 0x8c4a, 0x8c4a, 
  0x8c4a, 0x8c4a, 0x8c4a, 0x6a62, 0x6a62, 0x8c4a, 0x8c4a, 0x8c4a, 0x8c4a, 0x8c4a, 0xd594, 0xd594, 
  0xd594, 0xd594, 0xd594, 0xd594, 0xd594, 0xd594, 0xd594, 0xd594, 0xd594, 0xd594, 0xd594, 0xd594, 
  0xd594, 0xd594, 0xd594, 0xd594, 0xd594, 0x57ad, 0x57ad, 0x57ad, 0x57ad, 0x57ad, 0x57ad, 0x57ad, 
  0x57ad, 0x57ad, 0x57ad, 0x57ad, 0x57ad, 0x57ad, 0x57ad, 0x57ad, 0x57ad, 0x57ad, 0x57ad, 0x57ad, 
  0x57ad, 0x57ad, 0x57ad, 0x57ad, 0x57ad, 0x57ad, 0x57ad, 0x57ad, 0x57ad, 0x57ad, 0x57ad, 0x57ad, 
  0x57ad, 0x57ad, 0x57ad, 0x57ad, 0x57ad, 0x57ad, 0x57ad, 0x98b5, 0xf9bd, 0xf9bd, 0xf9bd, 0xf9bd, 
  0xf9bd, 0xf9bd, 0xf9bd, 0xf9bd, 0xf9bd, 0xf9bd, 0xf9bd, 0xf9bd, 0xf9bd, 0xf9bd, 0xf9bd, 0xf9bd, 
  0xf9bd, 0xf9bd, 0xf9bd, 0xf9bd, 0xf9bd, 0xf9bd, 0xf9bd, 0xf9bd, 0xf9bd, 0xf9bd, 0xf9bd, 0xf9bd, 
  0xf9bd, 0xf9bd, 0xf9bd, 0xf9bd, 0xf9bd, 0xf9bd, 0xf9bd, 0xf9bd, 0xf9bd, 0x3ac6, 0x7cce, 0x7cce, 
  0x7cce, 0x7cce, 0x7cce, 0x7cce, 0x7cce, 0x7cce, 0x7cce, 0x7cce, 0x7cce, 0x7cce, 0x7cce, 0x7cce, 
  0x7cce, 0x7cce, 0x7cce, 0x7cce, 0x7cce, 0x7cce, 0x7cce, 0x7cce, 0x7cce, 0x7cce, 0x7cce, 0x7cce, 
  0x7cce, 0x7cce, 0x7cce, 0x7cce, 0x7cce, 0x7cce, 0x7cce, 0x7cce, 0x7cce, 0x7cce, 0x7cce, 0x7cce, 
  0xbdd6, 0x1edf, 0x1edf, 0x1edf, 0x1edf, 0x1edf, 0x1edf, 0x1edf, 0x1edf, 0x1edf, 0x1edf, 0x1edf, 
  0x1edf, 0x1edf, 0x1edf, 0x1edf, 0x1edf, 0x1edf, 0x1edf, 0x1edf, 0x1edf, 0x1edf, 0x1edf, 0x1edf, 
  0x1edf, 0x1edf, 0x1edf, 0x1edf, 0x1edf, 0x1edf, 0x1edf, 0x1edf, 0x1edf, 0x1edf, 0x1edf, 0x1edf, 
  0x1edf, 0x1edf, 0x1edf, 0x1edf, 0x1edf, 0x1edf, 0x1edf, 0x1edf, 0x1edf, 0x1edf, 0x1edf, 0x1edf, 
  0x1edf, 0x1edf, 0x1edf, 0x1edf, 0x1edf, 0x1edf, 0x1edf, 0x1edf, 0x1edf, 0x1edf, 0x1edf, 0x1edf, 
  0x1edf, 0x1edf, 0x1edf, 0x1edf, 0x1edf, 0x1edf, 0x1edf, 0x1edf, 0x1edf, 0x1edf, 0x1edf, 0x1edf, 
  0x1edf, 0x1edf, 0x1edf, 0x1edf, 0x1edf, 0x1edf, 0x1edf, 0x1edf, 0x1edf, 0x1edf, 0x1edf, 0x1edf, 
  0x1edf, 0x1edf, 0x1edf, 0x1edf, 0x1edf, 0x1edf, 0x1edf, 0x1edf, 0x1edf, 0x1edf, 0x1edf, 0x1edf, 
  0x1edf, 0x1edf, 0x1edf, 0x1edf, 0x1edf, 0x1edf, 0x1edf, 0x1edf, 0x1edf, 0x1edf, 0x1edf, 0x1edf, 
  0x1edf, 0x1edf, 0x1edf, 0x1edf, 0x1edf, 0x1edf, 0x1edf, 0x1edf, 0x1edf, 0x1edf, 0x1edf, 0x1edf, 
  0x1edf, 0x1edf, 0x1edf, 0x1edf, 0x1edf, 0x1edf, 0x1edf, 0x1edf, 0x1edf, 0x1edf, 0x1edf, 0x1edf, 
  0x1edf, 0x1edf, 0x1edf, 0x1edf, 0x1edf, 0x1edf, 0x1edf, 0x1edf, 0x1edf, 0x1edf, 0x1edf, 0x1edf, 
  0x1edf, 0x1edf, 0x1edf, 0x1edf, 0x1edf, 0x1edf, 0x1edf, 0x1edf, 0x1edf, 0x1edf, 0x1edf, 0x1edf, 
  0x1edf, 0x1edf, 0x1edf, 0x1edf, 0x1edf, 0x1edf, 0x1edf, 0x1edf, 0x1edf, 0x1edf, 0x1edf, 0x1edf, 
  0x1edf, 0x1edf, 0x1edf, 0x1edf, 0x1edf, 0x8c4a, 0x8c4a, 0x8c4a, 0x8c4a, 0x8c4a, 0x8c4a, 0x6a62, 
  0x6a62, 0x8c4a, 0x8c4a, 0x8c4a, 0x8c4a, 0x8c4a, 0x1edf, 0x1edf, 0x1edf, 0x1edf, 0x1edf, 0x1edf, 
  0x1edf, 0x1edf, 0x1edf, 0x1edf, 0x1edf, 0x1edf, 0x1edf, 0x1edf, 0x1edf, 0x1edf, 0x1edf, 0x1edf, 
  0x1edf, 0x1edf, 0x1edf, 0x1edf, 0x1edf, 0x1edf, 0x1edf, 0x1edf, 0x1edf, 0x1edf, 0x1edf, 0x1edf, 
  0x1edf, 0x1edf, 0x1edf, 0x1edf, 0x1edf, 0x1edf, 0x1edf, 0x1edf, 0x1edf, 0x1edf, 0x1edf, 0x1edf, 
  0x1edf, 0x1edf, 0x1edf, 0x1edf, 0x1edf, 0x1edf, 0x1edf, 0x1edf, 0x1edf, 0x1edf, 0x1edf, 0x1edf, 
  0x1edf, 0x1edf, 0x1edf, 0x1edf, 0x1edf, 0x1edf, 0x1edf, 0x1edf, 0x1edf, 0x1edf, 0x1edf, 0x1edf, 
  0x1edf, 0x1edf, 0x1edf, 0x1edf, 0x1edf, 0x1edf, 0x1edf, 0x1edf, 0x1edf, 0x1edf, 0x1edf, 0x1edf, 
  0x1edf, 0x1edf, 0x1edf, 0x1edf, 0x1edf, 0x1edf, 0x1edf, 0x1edf, 0x1edf, 0x1edf, 0x1edf, 0x1edf, 
  0x1edf, 0x1edf, 0x1edf, 0x1edf, 0x1edf, 0x1edf, 0x1edf, 0x1edf, 0x1edf, 0x1edf, 0x1edf, 0x1edf, 
  0x1edf, 0x1edf, 0x1edf, 0x1edf, 0x1edf, 0x1edf, 0x1edf, 0x1edf, 0x1edf, 0x1edf, 0x1edf, 0x1edf, 
  0x1edf, 0x1edf, 0x1edf, 0x1edf, 0x1edf, 0x1edf, 0x1edf, 0x1edf, 0x1edf, 0x1edf, 0x1edf, 0x1edf, 
  0x1edf, 0x1edf, 0x1edf, 0x1edf, 0x1edf, 0x1edf, 0x1edf, 0x1edf, 0x1edf, 0x1edf, 0x1edf, 0x1edf, 
  0x1edf, 0x1edf, 0x1edf, 0x1edf, 0x1edf, 0x1edf, 0x1edf, 0x1edf, 0x1edf, 0x1edf, 0x1edf, 0x1edf, 
  0x1edf, 0x1edf, 0x1edf, 0x1edf, 0x1edf, 0x1edf, 0x1edf, 0x1edf, 0x1edf, 0x1edf, 0x1edf, 0x1edf, 
  0x1edf, 0x1edf, 0x1edf, 0x1edf, 0x1edf, 0x1edf, 0x1edf, 0x1edf, 0x1edf, 0x1edf, 0x1edf, 0x1edf, 
  0x1edf, 0x1edf, 0x1edf, 0x1edf, 0x1edf, 0x1edf, 0x1edf, 0x1edf, 0x1edf, 0x1edf, 0x1edf, 0x1edf, 
  0x1edf, 0x1edf, 0x1edf, 0x1edf, 0x1edf, 0x1edf, 0x1edf, 0x1edf, 0x1edf, 0x1edf, 0x1edf, 0x1edf, 
  0x1edf, 0x1edf, 0x1edf, 0x1edf, 0x1edf, 0x1edf, 0x1edf, 0x1edf, 0x1edf, 0x1edf, 0x1edf, 0x1edf, 
  0x1edf, 0x1edf, 0x1edf, 0x1edf, 0x1edf, 0x1edf, 0x1edf, 0x1edf, 0x1edf, 0x1edf, 0x1edf, 0x1edf, 
  0x1edf, 0x1edf, 0x1edf, 0x1edf, 0x1edf, 0x1edf, 0x1edf, 0x1edf, 0x1edf, 0x1edf, 0x1edf, 0x1edf, 
  0x1edf, 0x1edf, 0x1edf, 0x1edf, 0x1edf, 0x1edf, 0x1edf, 0x1edf, 0x1edf, 0x1edf, 0x1edf, 0x1edf, 
  0x1edf, 0x1edf, 0x1edf, 0x1edf, 0x1edf, 0x1edf, 0x1edf, 0x1edf, 0x1edf, 0x1edf, 0x1edf, 0x1edf, 
  0x1edf, 0x1edf, 0x1edf, 0x1edf, 0x1edf, 0x1edf, 0x1edf, 0x1edf, 0x1edf, 0x1edf, 0x1edf, 0x1edf, 
  0x1edf, 0x1edf, 0x1edf, 0x1edf, 0x1edf, 0x1edf, 0x1edf, 0x1edf, 0x1edf, 0x1edf, 0x1edf, 0x1edf, 
  0x1edf, 0x1edf, 0x1edf, 0x1edf, 0x1edf, 0x1edf, 0x1edf, 0x1edf, 0x1edf, 0x1edf, 0x1edf, 0x1edf, 
  0x1edf, 0x1edf, 0x1edf, 0x1edf, 0x1edf, 0x1edf, 0x1edf, 0x1edf, 0x1edf, 0x1edf, 0x1edf, 0x1edf, 
  0x1edf, 0x8c4a, 0x8c4a, 0x8c4a, 0x8c4a, 0x8c4a, 0x8c4a, 0x6a62, 0x6a62, 0x8c4a, 0x8c4a, 0x8c4a, 
  0x8c4a, 0x8c4a, 0x1edf, 0x1edf, 0x1edf, 0x1edf, 0x1edf, 0x1edf, 0x1edf, 0x1edf, 0x1edf, 0x1edf, 
  0x1edf, 0x1edf, 0x1edf, 0x1edf, 0x1edf, 0x1edf, 0x1edf, 0x1edf, 0x1edf, 0x1edf, 0x1edf, 0x1edf, 
  0x1edf, 0x1edf, 0x1edf, 0x1edf, 0x1edf, 0x1edf, 0x1edf, 0x1edf, 0x1edf, 0x1edf, 0x1edf, 0x1edf, 
  0x1edf, 0x1edf, 0x1edf, 0x1edf, 0x1edf, 0x1edf, 0x1edf, 0x1edf, 0x1edf, 0x1edf, 0x1edf, 0x1edf, 
  0x1edf, 0x1edf, 0x1edf, 0x1edf, 0x1edf, 0x1edf, 0x1edf, 0x1edf, 0x1edf, 0x1edf, 0x1edf, 0x1edf, 
  0x1edf, 0x1edf, 0x1edf, 0x1edf, 0x1edf, 0x1edf, 0x1edf, 0x1edf, 0x1edf, 0x1edf, 0x1edf, 0x1edf, 
  0x1edf, 0x1edf, 0x1edf, 0x1edf, 0x1edf, 0x1edf, 0x1edf, 0x1edf, 0x1edf, 0x1edf, 0x1edf, 0x1edf, 
  0x1edf, 0x1edf, 0x1edf, 0x1edf, 0x1edf, 0x1edf, 0x1edf, 0x1edf, 0x1edf, 0x1edf, 0x1edf, 0x1edf, 
  0x1edf, 0x1edf, 0x1edf, 0x1edf, 0x1edf, 0x1edf, 0x1edf, 0x1edf, 0x1edf, 0x1edf, 0x1edf, 0x1edf, 
  0x1edf, 0x1edf, 0x1edf, 0x1edf, 0x1edf, 0x1edf, 0x1edf, 0x1edf, 0x1edf, 0x1edf, 0x1edf, 0x1edf, 
  0x1edf, 0x1edf, 0x1edf, 0x1edf, 0x1edf, 0x1edf, 0x1edf, 0x1edf, 0x1edf, 0x1edf, 0x1edf, 0x1edf, 
  0x1edf, 0x1edf, 0x1edf, 0x1edf, 0x1edf, 0x1edf, 0x1edf, 0x1edf, 0x1edf, 0x1edf, 0x1edf, 0x1edf, 
  0x1edf, 0x1edf, 0x1edf, 0x1edf, 0x1edf, 0x1edf, 0x1edf, 0x1edf, 0x1edf, 0x1edf, 0x1edf, 0x1edf, 
  0x1edf, 0x1edf, 0x1edf, 0x1edf, 0x1edf, 0x1edf, 0x1edf, 0x1edf, 0x1edf, 0x1edf, 0x1edf, 0x1edf, 
  0x1edf, 0x1edf, 0x1edf, 0x1edf, 0x1edf, 0x1edf, 0xbdd6, 0x7cce, 0x7cce, 0x7cce, 0x7cce, 0x7cce, 
  0x7cce, 0x7cce, 0x7cce, 0x7cce, 0x7cce, 0x7cce, 0x7cce, 0x7cce, 0x7cce, 0x7cce, 0x7cce, 0x7cce, 
  0x7cce, 0x7cce, 0x7cce, 0x7cce, 0x7cce, 0x7cce, 0x7cce, 0x7cce, 0x7cce, 0x7cce, 0x7cce, 0x7cce, 
  0x7cce, 0x7cce, 0x7cce, 0x7cce, 0x7cce, 0x7cce, 0x7cce, 0x7cce, 0x7cce, 0x3ac6, 0xf9bd, 0xf9bd, 
  0xf9bd, 0xf9bd, 0xf9bd, 0xf9bd, 0xf9bd, 0xf9bd, 0xf9bd, 0xf9bd, 0xf9bd, 0xf9bd, 0xf9bd, 0xf9bd, 
  0xf9bd, 0xf9bd, 0xf9bd, 0xf9bd, 0xf9bd, 0xf9bd, 0xf9bd, 0xf9bd, 0xf9bd, 0xf9bd, 0xf9bd, 0xf9bd, 
  0xf9bd, 0xf9bd, 0xf9bd, 0xf9bd, 0xf9bd, 0xf9bd, 0xf9bd, 0xf9bd, 0xf9bd, 0xf9bd, 0xf9bd, 0x98b5, 
  0x57ad, 0x57ad, 0x57ad, 0x57ad, 0x57ad, 0x57ad, 0x57ad, 0x57ad, 0x57ad, 0x57ad, 0x57ad, 0x57ad, 
  0x57ad, 0x57ad, 0x57ad, 0x57ad, 0x57ad, 0x57ad, 0x57ad, 0x57ad, 0x57ad, 0x57ad, 0x57ad, 0x57ad, 
  0x57ad, 0x57ad, 0x57ad, 0x57ad, 0x57ad, 0x57ad, 0x57ad, 0x57ad, 0x57ad, 0x57ad, 0x57ad, 0x57ad, 
  0x57ad, 0x57ad, 0xd594, 0xd594, 0xd594, 0xd594, 0xd594, 0xd594, 0xd594, 0xd594, 0xd594, 0xd594, 
  0xd594, 0xd594, 0xd594, 0xd594, 0xd594, 0xd594, 0xd594, 0xd594, 0xd594, 0x8c4a, 0x8c4a, 0x8c4a, 
  0x8c4a, 0x8c4a, 0x8c4a, 0x6a62, 0x6a62, 0x8c4a, 0x8c4a, 0x8c4a, 0x8c4a, 0x8c4a, 0xd594, 0xd594, 
  0xd594, 0xd594, 0xd594, 0xd594, 0xd594, 0xd594, 0xd594, 0xd594, 0xd594, 0xd594, 0xd594, 0xd594, 
  0xd594, 0xd594, 0xd594, 0xd594, 0xd594, 0x3384, 0x3384, 0x3384, 0x3384, 0x3384, 0x3384, 0x3384, 
  0x3384, 0x3384, 0x3384, 0x3384, 0x3384, 0x3384, 0x3384, 0x3384, 0x3384, 0x3384, 0x3384, 0x3384, 
  0x3384, 0x3384, 0x3384, 0x3384, 0x3384, 0x3384, 0x3384, 0x3384, 0x3384, 0x3384, 0x3384, 0x3384, 
  0x3384, 0x3384, 0x3384, 0x3384, 0x3384, 0x3384, 0x3384, 0x3384, 0xb073, 0xb073, 0xb073, 0xb073, 
  0xb073, 0xb073, 0xb073, 0xb073, 0xb073, 0xb073, 0xb073, 0xb073, 0xb073, 0xb073, 0xb073, 0xb073, 
  0xb073, 0xb073, 0xb073, 0xb073, 0xb073, 0xb073, 0xb073, 0xb073, 0xb073, 0xb073, 0xb073, 0xb073, 
  0xb073, 0xb073, 0xb073, 0xb073, 0xb073, 0xb073, 0xb073, 0xb073, 0xb073, 0xb073, 0x0e63, 0x0e63, 
  0x0e63, 0x0e63, 0x0e63, 0x0e63, 0x0e63, 0x0e63, 0x0e63, 0x0e63, 0x0e63, 0x0e63, 0x0e63, 0x0e63, 
  0x0e63, 0x0e63, 0x0e63, 0x0e63, 0x0e63, 0x0e63, 0x0e63, 0x0e63, 0x0e63, 0x0e63, 0x0e63, 0x0e63, 
  0x0e63, 0x0e63, 0x0e63, 0x0e63, 0x0e63, 0x0e63, 0x0e63, 0x0e63, 0x0e63, 0x0e63, 0x0e63, 0x0e63, 
  0xcd5a, 0x8c4a, 0x8c4a, 0x8c4a, 0x8c4a, 0x8c4a, 0x8c4a, 0x8c4a, 0x8c4a, 0x8c4a, 0x8c4a, 0x8c4a, 
  0x8c4a, 0x8c4a, 0x8c4a, 0x8c4a, 0x8c4a, 0x8c4a, 0x8c4a, 0x8c4a, 0x8c4a, 0x8c4a, 0x8c4a, 0x8c4a, 
  0x8c4a, 0x8c4a, 0x8c4a, 0x8c4a, 0x8c4a, 0x8c4a, 0x8c4a, 0x8c4a, 0x8c4a, 0x8c4a, 0x8c4a, 0x8c4a, 
  0x8c4a, 0x8c4a, 0x8c4a, 0x8c4a, 0x8c4a, 0x8c4a, 0x8c4a, 0x8c4a, 0x8c4a, 0x8c4a, 0x8c4a, 0x8c4a, 
  0x8c4a, 0x8c4a, 0x8c4a, 0x8c4a, 0x8c4a, 0x8c4a, 0x8c4a, 0x8c4a, 0x8c4a, 0x8c4a, 0x8c4a, 0x8c4a, 
  0x8c4a, 0x8c4a, 0x8c4a, 0x8c4a, 0x8c4a, 0x8c4a, 0x8c4a, 0x8c4a, 0x8c4a, 0x8c4a, 0x8c4a, 0x8c4a, 
  0x8c4a, 0x8c4a, 0x8c4a, 0x8c4a, 0x8c4a, 0x8c4a, 0x8c4a, 0x8c4a, 0x8c4a, 0x8c4a, 0x8c4a, 0x8c4a, 
  0x8c4a, 0x8c4a, 0x8c4a, 0x8c4a, 0x8c4a, 0x8c4a, 0x8c4a, 0x8c4a, 0x8c4a, 0x8c4a, 0x8c4a, 0x8c4a, 
  0x8c4a, 0x8c4a, 0x8c4a, 0x8c4a, 0x8c4a, 0x8c4a, 0x8c4a, 0x8c4a, 0x8c4a, 0x8c4a, 0x8c4a, 0x8c4a, 
  0x8c4a, 0x8c4a, 0x8c4a, 0x8c4a, 0x8c4a, 0x8c4a, 0x8c4a, 0x8c4a, 0x8c4a, 0x8c4a, 0x8c4a, 0x8c4a, 
  0x8c4a, 0x8c4a, 0x8c4a, 0x8c4a, 0x8c4a, 0x8c4a, 0x8c4a, 0x8c4a, 0x8c4a, 0x8c4a, 0x8c4a, 0x8c4a, 
  0x8c4a, 0x8c4a, 0x8c4a, 0x8c4a, 0x8c4a, 0x8c4a, 0x8c4a, 0x8c4a, 0x8c4a, 0x8c4a, 0x8c4a, 0x8c4a, 
  0x8c4a, 0x8c4a, 0x8c4a, 0x8c4a, 0x8c4a, 0x8c4a, 0x8c4a, 0x8c4a, 0x8c4a, 0x8c4a, 0x8c4a, 0x8c4a, 
  0x8c4a, 0x8c4a, 0x8c4a, 0x8c4a, 0x8c4a, 0x8c4a, 0x8c4a, 0x8c4a, 0x8c4a, 0x8c4a, 0x8c4a, 0x8c4a, 
  0x8c4a, 0x8c4a, 0x8c4a, 0x8c4a, 0x8c4a, 0x8c4a, 0x8c4a, 0x8c4a, 0x8c4a, 0x8c4a, 0x8c4a, 0x6a62, 
  0x6a62, 0x8c4a, 0x8c4a, 0x8c4a, 0x8c4a, 0x8c4a, 0x8c4a, 0x8c4a, 0x8c4a, 0x8c4a, 0x8c4a, 0x8c4a, 
  0x8c4a, 0x8c4a, 0x8c4a, 0x8c4a, 0x8c4a, 0x8c4a, 0x8c4a, 0x8c4a, 0x8c4a, 0x8c4a, 0x8c4a, 0x8c4a, 
  0x8c4a, 0x8c4a, 0x8c4a, 0x8c4a, 0x8c4a, 0x8c4a, 0x8c4a, 0x8c4a, 0x8c4a, 0x8c4a, 0x8c4a, 0x8c4a, 
  0x8c4a, 0x8c4a, 0x8c4a, 0x8c4a, 0x8c4a, 0x8c4a, 0x8c4a, 0x8c4a, 0x8c4a, 0x8c4a, 0x8c4a, 0x8c4a, 
  0x8c4a, 0x8c4a, 0x8c4a, 0x8c4a, 0x8c4a, 0x8c4a, 0x8c4a, 0x8c4a, 0x8c4a, 0x8c4a, 0x8c4a, 0x8c4a, 
  0x8c4a, 0x8c4a, 0x8c4a, 0x8c4a, 0x8c4a, 0x8c4a, 0x8c4a, 0x8c4a, 0x8c4a, 0x8c4a, 0x8c4a, 0x8c4a, 
  0x8c4a, 0x8c4a, 0x8c4a, 0x8c4a, 0x8c4a, 0x8c4a, 0x8c4a, 0x8c4a, 0x8c4a, 0x8c4a, 0x8c4a, 0x8c4a, 
  0x8c4a, 0x8c4a, 0x8c4a, 0x8c4a, 0x8c4a, 0x8c4a, 0x8c4a, 0x8c4a, 0x8c4a, 0x8c4a, 0x8c4a, 0x8c4a, 
  0x8c4a, 0x8c4a, 0x8c4a, 0x8c4a, 0x8c4a, 0x8c4a, 0x8c4a, 0x8c4a, 0x8c4a, 0x8c4a, 0x8c4a, 0x8c4a, 
  0x8c4a, 0x8c4a, 0x8c4a, 0x8c4a, 0x8c4a, 0x8c4a, 0x8c4a, 0x8c4a, 0x8c4a, 0x8c4a, 0x8c4a, 0x8c4a, 
  0x8c4a, 0x8c4a, 0x8c4a, 0x8c4a, 0x8c4a, 0x8c4a, 0x8c4a, 0x8c4a, 0x8c4a, 0x8c4a, 0x8c4a, 0x8c4a, 
  0x8c4a, 0x8c4a, 0x8c4a, 0x8c4a, 0x8c4a, 0x8c4a, 0x8c4a, 0x8c4a, 0x8c4a, 0x8c4a, 0x8c4a, 0x8c4a, 
  0x8c4a, 0x8c4a, 0x8c4a, 0x8c4a, 0x8c4a, 0x8c4a, 0x8c4a, 0x8c4a, 0x8c4a, 0x8c4a, 0x8c4a, 0x8c4a, 
  0x8c4a, 0x8c4a, 0x8c4a, 0x8c4a, 0x8c4a, 0x8c4a, 0x8c4a, 0x8c4a, 0x8c4a, 0x8c4a, 0x8c4a, 0x8c4a, 
  0x8c4a, 0x8c4a, 0x8c4a, 0x8c4a, 0x8c4a, 0x8c4a, 0x8c4a, 0x8c4a, 0x8c4a, 0x8c4a, 0x8c4a, 0x8c4a, 
  0x8c4a, 0x8c4a, 0x8c4a, 0x8c4a, 0x8c4a, 0x8c4a, 0x8c4a, 0x8c4a, 0x8c4a, 0x8c4a, 0x8c4a, 0x8c4a, 
  0x8c4a, 0x8c4a, 0x8c4a, 0x8c4a, 0x8c4a, 0x8c4a, 0x8c4a, 0x8c4a, 0x8c4a, 0x8c4a, 0x8c4a, 0x8c4a, 
  0x8c4a, 0x8c4a, 0x8c4a, 0x8c4a, 0x8c4a, 0x8c4a, 0x8c4a, 0x8c4a, 0x8c4a, 0x8c4a, 0x8c4a, 0x8c4a, 
  0x8c4a, 0x8c4a, 0x8c4a, 0x8c4a, 0x8c4a, 0x8c4a, 0x8c4a, 0x8c4a, 0x8c4a, 0x8c4a, 0x8c4a, 0x8c4a, 
  0x8c4a, 0x8c4a, 0x8c4a, 0x8c4a, 0x8c4a, 0x8c4a, 0x8c4a, 0x8c4a, 0x8c4a, 0x8c4a, 0x8c4a, 0x8c4a, 
  0x8c4a, 0x8c4a, 0x8c4a, 0x8c4a, 0x8c4a, 0x8c4a, 0x8c4a, 0x8c4a, 0x8c4a, 0x8c4a, 0x8c4a, 0x8c4a, 
  0x8c4a, 0x8c4a, 0x8c4a, 0x8c4a, 0x8c4a, 0x8c4a, 0x8c4a, 0x8c4a, 0x8c4a, 0x8c4a, 0x8c4a, 0x8c4a, 
  0x8c4a, 0x8c4a, 0x8c4a, 0x8c4a, 0x8c4a, 0x8c4a, 0x8c4a, 0x8c4a, 0x8c4a, 0x8c4a, 0x8c4a, 0x8c4a, 
  0x8c4a, 0x8c4a, 0x8c4a, 0x8c4a, 0x8c4a, 0x8c4a, 0x8c4a, 0x8c4a, 0x8c4a, 0x8c4a, 0x8c4a, 0x8c4a, 
  0x8c4a, 0x8c4a, 0x8c4a, 0x8c4a, 0x8c4a, 0x8c4a, 0x8c4a, 0x8c4a, 0x8c4a, 0x8c4a, 0x8c4a, 0x8c4a, 
  0x8c4a, 0x8c4a, 0x8c4a, 0x8c4a, 0x8c4a, 0x8c4a, 0x8c4a, 0x8c4a, 0x8c4a, 0x8c4a, 0x8c4a, 0x8c4a, 
  0x8c4a, 0x8c4a, 0x8c4a, 0x8c4a, 0x8c4a, 0x8c4a, 0x8c4a, 0x6a62, 0x6a62, 0x8c4a, 0x8c4a, 0x8c4a, 
  0x8c4a, 0x8c4a, 0x8c4a, 0x8c4a, 0x8c4a, 0x8c4a, 0x8c4a, 0x8c4a, 0x8c4a, 0x8c4a, 0x8c4a, 0x8c4a, 
  0x8c4a, 0x8c4a, 0x8c4a, 0x8c4a, 0x8c4a, 0x8c4a, 0x8c4a, 0x8c4a, 0x8c4a, 0x8c4a, 0x8c4a, 0x8c4a, 
  0x8c4a, 0x8c4a, 0x8c4a, 0x8c4a, 0x8c4a, 0x8c4a, 0x8c4a, 0x8c4a, 0x8c4a, 0x8c4a, 0x8c4a, 0x8c4a, 
  0x8c4a, 0x8c4a, 0x8c4a, 0x8c4a, 0x8c4a, 0x8c4a, 0x8c4a, 0x8c4a, 0x8c4a, 0x8c4a, 0x8c4a, 0x8c4a, 
  0x8c4a, 0x8c4a, 0x8c4a, 0x8c4a, 0x8c4a, 0x8c4a, 0x8c4a, 0x8c4a, 0x8c4a, 0x8c4a, 0x8c4a, 0x8c4a, 
  0x8c4a, 0x8c4a, 0x8c4a, 0x8c4a, 0x8c4a, 0x8c4a, 0x8c4a, 0x8c4a, 0x8c4a, 0x8c4a, 0x8c4a, 0x8c4a, 
  0x8c4a, 0x8c4a, 0x8c4a, 0x8c4a, 0x8c4a, 0x8c4a, 0x8c4a, 0x8c4a, 0x8c4a, 0x8c4a, 0x8c4a, 0x8c4a, 
  0x8c4a, 0x8c4a, 0x8c4a, 0x8c4a, 0x8c4a, 0x8c4a, 0x8c4a, 0x8c4a, 0x8c4a, 0x8c4a, 0x8c4a, 0x8c4a, 
  0x8c4a, 0x8c4a, 0x8c4a, 0x8c4a, 0x8c4a, 0x8c4a, 0x8c4a, 0x8c4a, 0x8c4a, 0x8c4a, 0x8c4a, 0x8c4a, 
  0x8c4a, 0x8c4a, 0x8c4a, 0x8c4a, 0x8c4a, 0x8c4a, 0x8c4a, 0x8c4a, 0x8c4a, 0x8c4a, 0x8c4a, 0x8c4a, 
  0x8c4a, 0x8c4a, 0x8c4a, 0x8c4a, 0x8c4a, 0x8c4a, 0x8c4a, 0x8c4a, 0x8c4a, 0x8c4a, 0x8c4a, 0x8c4a, 
  0x8c4a, 0x8c4a, 0x8c4a, 0x8c4a, 0x8c4a, 0x8c4a, 0x8c4a, 0x8c4a, 0x8c4a, 0x8c4a, 0x8c4a, 0x8c4a, 
  0x8c4a, 0x8c4a, 0x8c4a, 0x8c4a, 0x8c4a, 0x8c4a, 0x8c4a, 0x8c4a, 0x8c4a, 0x8c4a, 0x8c4a, 0x8c4a, 
  0x8c4a, 0x8c4a, 0x8c4a, 0x8c4a, 0x8c4a, 0x8c4a, 0x8c4a, 0x8c4a, 0x8c4a, 0x8c4a, 0x8c4a, 0x8c4a, 
  0x8c4a, 0x8c4a, 0x8c4a, 0x8c4a, 0x8c4a, 0x8c4a, 0x8c4a, 0x8c4a, 0x8c4a, 0x8c4a, 0x8c4a, 0x8c4a, 
  0x8c4a, 0x8c4a, 0x8c4a, 0x8c4a, 0x8c4a, 0x8c4a, 0x8c4a, 0x8c4a, 0x8c4a, 0x8c4a, 0x8c4a, 0x8c4a, 
  0x8c4a, 0x8c4a, 0x8c4a, 0x8c4a, 0x8c4a, 0x8c4a, 0x8c4a, 0x8c4a, 0x8c4a, 0x8c4a, 0x8c4a, 0x8c4a, 
  0x8c4a, 0x8c4a, 0x8c4a, 0x8c4a, 0x8c4a, 0x8c4a, 0x8c4a, 0x8c4a, 0x8c4a, 0x8c4a, 0x8c4a, 0x8c4a, 
  0x8c4a, 0x8c4a, 0x8c4a, 0x8c4a, 0x8c4a, 0x8c4a, 0x8c4a, 0x8c4a, 0x8c4a, 0x8c4a, 0x8c4a, 0x8c4a, 
  0x8c4a, 0x8c4a, 0x8c4a, 0x8c4a, 0x8c4a, 0x8c4a, 0x8c4a, 0x8c4a, 0x8c4a, 0x8c4a, 0x8c4a, 0x8c4a, 
  0x8c4a, 0x8c4a, 0x8c4a, 0x8c4a, 0x8c4a, 0x8c4a, 0x8c4a, 0x8c4a, 0x8c4a, 0x8c4a, 0x8c4a, 0x8c4a, 
  0x8c4a, 0x8c4a, 0x8c4a, 0x8c4a, 0x8c4a, 0x8c4a, 0x8c4a, 0x8c4a, 0x8c4a, 0x8c4a, 0x8c4a, 0x8c4a, 
  0x8c4a, 0x8c4a, 0x8c4a, 0x8c4a, 0x8c4a, 0x8c4a, 0x8c4a, 0x8c4a, 0x8c4a, 0x8c4a, 0x8c4a, 0x8c4a, 
  0x8c4a, 0x8c4a, 0x8c4a, 0x8c4a, 0x8c4a, 0x8c4a, 0x8c4a, 0x8c4a, 0x8c4a, 0x8c4a, 0x8c4a, 0x8c4a, 
  0x8c4a, 0x8c4a, 0x8c4a, 0x8c4a, 0x8c4a, 0x8c4a, 0x8c4a, 0x8c4a, 0x8c4a, 0x8c4a, 0x8c4a, 0x8c4a, 
  0x8c4a, 0x8c4a, 0x8c4a, 0x8c4a, 0x8c4a, 0x8c4a, 0x8c4a, 0x8c4a, 0x8c4a, 0x8c4a, 0x8c4a, 0x8c4a, 
  0x8c4a, 0x8c4a, 0x8c4a, 0x6a62, 0x6a62, 0x8c4a, 0x8c4a, 0x8c4a, 0x8c4a, 0x8c4a, 0x8c4a, 0x8c4a, 
  0x8c4a, 0x8c4a, 0x8c4a, 0x8c4a, 0x8c4a, 0x8c4a, 0x8c4a, 0x8c4a, 0x8c4a, 0x8c4a, 0x8c4a, 0x8c4a, 
  0x8c4a, 0x8c4a, 0x8c4a, 0x8c4a, 0x8c4a, 0x8c4a, 0x8c4a, 0x8c4a, 0x8c4a, 0x8c4a, 0x8c4a, 0x8c4a, 
  0x8c4a, 0x8c4a, 0x8c4a, 0x8c4a, 0x8c4a, 0x8c4a, 0x8c4a, 0x8c4a, 0x8c4a, 0x8c4a, 0x8c4a, 0x8c4a, 
  0x8c4a, 0x8c4a, 0x8c4a, 0x8c4a, 0x8c4a, 0x8c4a, 0x8c4a, 0x8c4a, 0x8c4a, 0x8c4a, 0x8c4a, 0x8c4a, 
  0x8c4a, 0x8c4a, 0x8c4a, 0x8c4a, 0x8c4a, 0x8c4a, 0x8c4a, 0x8c4a, 0x8c4a, 0x8c4a, 0x8c4a, 0x8c4a, 
  0x8c4a, 0x8c4a, 0x8c4a, 0x8c4a, 0x8c4a, 0x8c4a, 0x8c4a, 0x8c4a, 0x8c4a, 0x8c4a, 0x8c4a, 0x8c4a, 
  0x8c4a, 0x8c4a, 0x8c4a, 0x8c4a, 0x8c4a, 0x8c4a, 0x8c4a, 0x8c4a, 0x8c4a, 0x8c4a, 0x8c4a, 0x8c4a, 
  0x8c4a, 0x8c4a, 0x8c4a, 0x8c4a, 0x8c4a, 0x8c4a, 0x8c4a, 0x8c4a, 0x8c4a, 0x8c4a, 0x8c4a, 0x8c4a, 
  0x8c4a, 0x8c4a, 0x8c4a, 0x8c4a, 0x8c4a, 0x8c4a, 0x8c4a, 0x8c4a, 0x8c4a, 0x8c4a, 0x8c4a, 0x8c4a, 
  0x8c4a, 0x8c4a, 0x8c4a, 0x8c4a, 0x8c4a, 0x8c4a, 0x8c4a, 0x8c4a, 0x8c4a, 0x8c4a, 0x8c4a, 0x8c4a, 
  0x8c4a, 0x8c4a, 0x8c4a, 0x8c4a, 0x8c4a, 0x8c4a, 0x8c4a, 0x8c4a, 0x8c4a, 0x8c4a, 0x8c4a, 0x8c4a, 
  0x8c4a, 0x8c4a, 0x8c4a, 0x8c4a, 0x8c4a, 0x8c4a, 0x8c4a, 0x8c4a, 0x8c4a, 0x8c4a, 0x8c4a, 0x8c4a, 
  0x8c4a, 0x8c4a, 0x8c4a, 0x8c4a, 0x8c4a, 0x8c4a, 0x8c4a, 0x8c4a, 0x8c4a, 0x8c4a, 0x8c4a, 0x8c4a, 
  0x8c4a, 0x8c4a, 0x8c4a, 0x8c4a, 0x8c4a, 0x8c4a, 0x8c4a, 0x8c4a, 0x8c4a, 0x8c4a, 0x8c4a, 0x8c4a, 
  0x8c4a, 0x8c4a, 0x8c4a, 0x8c4a, 0x8c4a, 0x8c4a, 0x8c4a, 0x8c4a, 0x8c4a, 0x8c4a, 0x8c4a, 0x8c4a, 
  0x8c4a, 0x8c4a, 0x8c4a, 0x8c4a, 0x8c4a, 0x8c4a, 0x8c4a, 0x8c4a, 0x8c4a, 0x8c4a, 0x8c4a, 0x8c4a, 
  0x8c4a, 0x8c4a, 0x8c4a, 0x8c4a, 0x8c4a, 0x8c4a, 0x8c4a, 0x8c4a, 0x8c4a, 0x8c4a, 0x8c4a, 0x8c4a, 
  0x8c4a, 0x8c4a, 0x8c4a, 0x8c4a, 0x8c4a, 0x8c4a, 0x8c4a, 0x8c4a, 0x8c4a, 0x8c4a, 0x8c4a, 0x8c4a, 
  0x8c4a, 0x8c4a, 0x8c4a, 0x8c4a, 0x8c4a, 0x8c4a, 0x8c4a, 0x8c4a, 0x8c4a, 0x8c4a, 0x8c4a, 0x8c4a, 
  0x8c4a, 0x8c4a, 0x8c4a, 0x8c4a, 0x8c4a, 0x8c4a, 0x8c4a, 0x8c4a, 0x8c4a, 0x8c4a, 0x8c4a, 0x8c4a, 
  0x8c4a, 0x8c4a, 0x8c4a, 0x8c4a, 0x8c4a, 0x8c4a, 0x8c4a, 0x8c4a, 0x8c4a, 0x8c4a, 0x8c4a, 0x8c4a, 
  0x8c4a, 0x8c4a, 0x8c4a, 0x8c4a, 0x8c4a, 0x8c4a, 0x8c4a, 0x8c4a, 0x8c4a, 0x8c4a, 0x8c4a, 0x8c4a, 
  0x8c4a, 0x8c4a, 0x8c4a, 0x8c4a, 0x8c4a, 0x8c4a, 0x8c4a, 0x8c4a, 0x8c4a, 0x8c4a, 0x8c4a, 0x8c4a, 
  0x8c4a, 0x8c4a, 0x8c4a, 0x8c4a, 0x8c4a, 0x8c4a, 0x8c4a, 0x8c4a, 0x8c4a, 0x8c4a, 0x8c4a, 0x8c4a, 
  0x8c4a, 0x8c4a, 0x8c4a, 0x8c4a, 0x8c4a, 0x8c4a, 0x8c4a, 0x8c4a, 0x8c4a, 0x8c4a, 0x8c4a, 0x8c4a, 
  0x8c4a, 0x8c4a, 0x8c4a, 0x8c4a, 0x8c4a, 0x8c4a, 0x8c4a, 0x8c4a, 0x8c4a, 0x8c4a, 0x8c4a, 0x6a62, 
  0x6a62, 0x8c4a, 0x8c4a, 0x8c4a, 0x8c4a, 0x8c4a, 0x8c4a, 0x8c4a, 0x8c4a, 0x8c4a, 0x8c4a, 0x8c4a, 
  0x8c4a, 0x8c4a, 0x8c4a, 0x8c4a, 0x8c4a, 0x8c4a, 0x8c4a, 0x8c4a, 0x8c4a, 0x8c4a, 0x8c4a, 0x8c4a, 
  0x8c4a, 0x8c4a, 0x8c4a, 0x8c4a, 0x8c4a, 0x8c4a, 0x8c4a, 0x8c4a, 0x8c4a, 0x8c4a, 0x8c4a, 0x8c4a, 
  0x8c4a, 0x8c4a, 0x8c4a, 0x8c4a, 0x8c4a, 0x8c4a, 0x8c4a, 0x8c4a, 0x8c4a, 0x8c4a, 0x8c4a, 0x8c4a, 
  0x8c4a, 0x8c4a, 0x8c4a, 0x8c4a, 0x8c4a, 0x8c4a, 0x8c4a, 0x8c4a, 0x8c4a, 0x8c4a, 0x8c4a, 0x8c4a, 
  0x8c4a, 0x8c4a, 0x8c4a, 0x8c4a, 0x8c4a, 0x8c4a, 0x8c4a, 0x8c4a, 0x8c4a, 0x8c4a, 0x8c4a, 0x8c4a, 
  0x8c4a, 0x8c4a, 0x8c4a, 0x8c4a, 0x8c4a, 0x8c4a, 0x8c4a, 0x8c4a, 0x8c4a, 0x8c4a, 0x8c4a, 0x8c4a, 
  0x8c4a, 0x8c4a, 0x8c4a, 0x8c4a, 0x8c4a, 0x8c4a, 0x8c4a, 0x8c4a, 0x8c4a, 0x8c4a, 0x8c4a, 0x8c4a, 
  0x8c4a, 0x8c4a, 0x8c4a, 0x8c4a, 0x8c4a, 0x8c4a, 0x8c4a, 0x8c4a, 0x8c4a, 0x8c4a, 0x8c4a, 0x8c4a, 
  0x8c4a, 0x8c4a, 0x8c4a, 0x8c4a, 0x8c4a, 0x8c4a, 0x8c4a, 0x8c4a, 0x8c4a, 0x8c4a, 0x8c4a, 0x8c4a, 
  0x8c4a, 0x8c4a, 0x8c4a, 0x8c4a, 0x8c4a, 0x8c4a, 0x8c4a, 0x8c4a, 0x8c4a, 0x8c4a, 0x8c4a, 0x8c4a, 
  0x8c4a, 0x8c4a, 0x8c4a, 0x8c4a, 0x8c4a, 0x8c4a, 0x8c4a, 0x8c4a, 0x8c4a, 0x8c4a, 0x8c4a, 0x8c4a, 
  0x8c4a, 0x8c4a, 0x8c4a, 0x8c4a, 0x8c4a, 0x8c4a, 0x8c4a, 0x8c4a, 0x8c4a, 0x8c4a, 0x8c4a, 0x8c4a, 
  0x8c4a, 0x8c4a, 0x8c4a, 0x8c4a, 0x8c4a, 0x8c4a, 0x8c4a, 0x8c4a, 0x8c4a, 0x8c4a, 0x8c4a, 0x8c4a, 
  0x8c4a, 0x8c4a, 0x8c4a, 0x8c4a, 0x8c4a, 0x8c4a, 0x8c4a, 0x8c4a, 0x8c4a, 0x8c4a, 0x8c4a, 0x8c4a, 
  0x8c4a, 0x8c4a, 0x8c4a, 0x8c4a, 0x8c4a, 0x8c4a, 0x8c4a, 0x8c4a, 0x8c4a, 0x8c4a, 0x8c4a, 0x8c4a, 
  0x8c4a, 0x8c4a, 0x8c4a, 0x8c4a, 0x8c4a, 0x8c4a, 0x8c4a, 0x8c4a, 0x8c4a, 0x8c4a, 0x8c4a, 0x8c4a, 
  0x8c4a, 0x8c4a, 0x8c4a, 0x8c4a, 0x8c4a, 0x8c4a, 0x8c4a, 0x8c4a, 0x8c4a, 0x8c4a, 0x8c4a, 0x8c4a, 
  0x8c4a, 0x8c4a, 0x8c4a, 0x8c4a, 0x8c4a, 0x8c4a, 0x8c4a, 0x8c4a, 0x8c4a, 0x8c4a, 0x8c4a, 0x8c4a, 
  0x8c4a, 0x8c4a, 0x8c4a, 0x8c4a, 0x8c4a, 0x8c4a, 0x8c4a, 0x8c4a, 0x8c4a, 0x8c4a, 0x8c4a, 0x8c4a, 
  0x8c4a, 0x8c4a, 0x8c4a, 0x8c4a, 0x8c4a, 0x8c4a, 0x8c4a, 0x8c4a, 0x8c4a, 0x8c4a, 0x8c4a, 0x8c4a, 
  0x8c4a, 0x8c4a, 0x8c4a, 0x8c4a, 0x8c4a, 0x8c4a, 0x8c4a, 0x8c4a, 0x8c4a, 0x8c4a, 0x8c4a, 0x8c4a, 
  0x8c4a, 0x8c4a, 0x8c4a, 0x8c4a, 0x8c4a, 0x8c4a, 0x8c4a, 0x8c4a, 0x8c4a, 0x8c4a, 0x8c4a, 0x8c4a, 
  0x8c4a, 0x8c4a, 0x8c4a, 0x8c4a, 0x8c4a, 0x8c4a, 0x8c4a, 0x8c4a, 0x8c4a, 0x8c4a, 0x8c4a, 0x8c4a, 
  0x8c4a, 0x8c4a, 0x8c4a, 0x8c4a, 0x8c4a, 0x8c4a, 0x8c4a, 0x8c4a, 0x8c4a, 0x8c4a, 0x8c4a, 0x8c4a, 
  0x8c4a, 0x8c4a, 0x8c4a, 0x8c4a, 0x8c4a, 0x8c4a, 0x8c4a, 0x8c4a, 0x8c4a, 0x8c4a, 0x8c4a, 0x8c4a, 
  0x8c4a, 0x8c4a, 0x8c4a, 0x8c4a, 0x8c4a, 0x8c4a, 0x8c4a, 0x6a62, 0x6a62, 0x8c4a, 0x8c4a, 0x8c4a, 
  0x8c4a, 0x8c4a, 0x8c4a, 0x8c4a, 0x8c4a, 0x8c4a, 0x8c4a, 0x8c4a, 0x8c4a, 0x8c4a, 0x8c4a, 0x8c4a, 
  0x8c4a, 0x8c4a, 0x8c4a, 0x8c4a, 0x8c4a, 0x8c4a, 0x8c4a, 0x8c4a, 0x8c4a, 0x8c4a, 0x8c4a, 0x8c4a, 
  0x8c4a, 0x8c4a, 0x8c4a, 0x8c4a, 0x8c4a, 0x8c4a, 0x8c4a, 0x8c4a, 0x8c4a, 0x8c4a, 0x8c4a, 0x8c4a, 
  0x8c4a, 0x8c4a, 0x8c4a, 0x8c4a, 0x8c4a, 0x8c4a, 0x8c4a, 0x8c4a, 0x8c4a, 0x8c4a, 0x8c4a, 0x8c4a, 
  0x8c4a, 0x8c4a, 0x8c4a, 0x8c4a, 0x8c4a, 0x8c4a, 0x8c4a, 0x8c4a, 0x8c4a, 0x8c4a, 0x8c4a, 0x8c4a, 
  0x8c4a, 0x8c4a, 0x8c4a, 0x8c4a, 0x8c4a, 0x8c4a, 0x8c4a, 0x8c4a, 0x8c4a, 0x8c4a, 0x8c4a, 0x8c4a, 
  0x8c4a, 0x8c4a, 0x8c4a, 0x8c4a, 0x8c4a, 0x8c4a, 0x8c4a, 0x8c4a, 0x8c4a, 0x8c4a, 0x8c4a, 0x8c4a, 
  0x8c4a, 0x8c4a, 0x8c4a, 0x8c4a, 0x8c4a, 0x8c4a, 0x8c4a, 0x8c4a, 0x8c4a, 0x8c4a, 0x8c4a, 0x8c4a, 
  0x8c4a, 0x8c4a, 0x8c4a, 0x8c4a, 0x8c4a, 0x8c4a, 0x8c4a, 0x8c4a, 0x8c4a, 0x8c4a, 0x8c4a, 0x8c4a, 
  0x8c4a, 0x8c4a, 0x8c4a, 0x8c4a, 0x8c4a, 0x8c4a, 0x8c4a, 0x8c4a, 0x8c4a, 0x8c4a, 0x8c4a, 0x8c4a, 
  0x8c4a, 0x8c4a, 0x8c4a, 0x8c4a, 0x8c4a, 0x8c4a, 0x8c4a, 0x8c4a, 0x8c4a, 0x8c4a, 0x8c4a, 0x8c4a, 
  0x8c4a, 0x8c4a, 0x8c4a, 0x8c4a, 0x8c4a, 0x8c4a, 0x8c4a, 0x8c4a, 0x8c4a, 0x8c4a, 0x8c4a, 0x8c4a, 
  0x8c4a, 0x8c4a, 0x8c4a, 0x8c4a, 0x8c4a, 0x8c4a, 0x8c4a, 0x8c4a, 0x8c4a, 0x8c4a, 0x8c4a, 0x8c4a, 
  0x8c4a, 0x8c4a, 0x8c4a, 0x8c4a, 0x8c4a, 0x8c4a, 0x8c4a, 0x8c4a, 0x8c4a, 0x8c4a, 0x8c4a, 0x8c4a, 
  0x8c4a, 0x8c4a, 0x8c4a, 0x8c4a, 0x8c4a, 0x8c4a, 0x8c4a, 0x8c4a, 0x8c4a, 0x8c4a, 0x8c4a, 0x8c4a, 
  0x8c4a, 0x8c4a, 0x8c4a, 0x8c4a, 0x8c4a, 0x8c4a, 0x8c4a, 0x8c4a, 0x8c4a, 0x8c4a, 0x8c4a, 0x8c4a, 
  0x8c4a, 0x8c4a, 0x8c4a, 0x8c4a, 0x8c4a, 0x8c4a, 0x8c4a, 0x8c4a, 0x8c4a, 0x8c4a, 0x8c4a, 0x8c4a, 
  0x8c4a, 0x8c4a, 0x8c4a, 0x8c4a, 0x8c4a, 0x8c4a, 0x8c4a, 0x8c4a, 0x8c4a, 0x8c4a, 0x8c4a, 0x8c4a, 
  0x8c4a, 0x8c4a, 0x8c4a, 0x8c4a, 0x8c4a, 0x8c4a, 0x8c4a, 0x8c4a, 0x8c4a, 0x8c4a, 0x8c4a, 0x8c4a, 
  0x8c4a, 0x8c4a, 0x8c4a, 0x8c4a, 0x8c4a, 0x8c4a, 0x8c4a, 0x8c4a, 0x8c4a, 0x8c4a, 0x8c4a, 0x8c4a, 
  0x8c4a, 0x8c4a, 0x8c4a, 0x8c4a, 0x8c4a, 0x8c4a, 0x8c4a, 0x8c4a, 0x8c4a, 0x8c4a, 0x8c4a, 0x8c4a, 
  0x8c4a, 0x8c4a, 0x8c4a, 0x8c4a, 0x8c4a, 0x8c4a, 0x8c4a, 0x8c4a, 0x8c4a, 0x8c4a, 0x8c4a, 0x8c4a, 
  0x8c4a, 0x8c4a, 0x8c4a, 0x8c4a, 0x8c4a, 0x8c4a, 0x8c4a, 0x8c4a, 0x8c4a, 0x8c4a, 0x8c4a, 0x8c4a, 
  0x8c4a, 0x8c4a, 0x8c4a, 0x8c4a, 0x8c4a, 0x8c4a, 0x8c4a, 0x8c4a, 0x8c4a, 0x8c4a, 0x8c4a, 0x8c4a, 
  0x8c4a, 0x8c4a, 0x8c4a, 0x8c4a, 0x8c4a, 0x8c4a, 0x8c4a, 0x8c4a, 0x8c4a, 0x8c4a, 0x8c4a, 0x8c4a, 
  0x8c4a, 0x8c4a, 0x8c4a, 0x8c4a, 0x8c4a, 0x8c4a, 0x8c4a, 0x8c4a, 0x8c4a, 0x8c4a, 0x8c4a, 0x8c4a, 
  0x8c4a, 0x8c4a, 0x8c4a, 0x6a62, 0x6a62, 0x8c4a, 0x8c4a, 0x8c4a, 0x8c4a, 0x8c4a, 0x8c4a, 0x8c4a, 
  0x8c4a, 0x8c4a, 0x8c4a, 0x8c4a, 0x8c4a, 0x8c4a, 0x8c4a, 0x8c4a, 0x8c4a, 0x8c4a, 0x8c4a, 0x8c4a, 
  0x8c4a, 0x8c4a, 0x8c4a, 0x8c4a, 0x8c4a, 0x8c4a, 0x8c4a, 0x8c4a, 0x8c4a, 0x8c4a, 0x8c4a, 0x8c4a, 
  0x8c4a, 0x8c4a, 0x8c4a, 0x8c4a, 0x8c4a, 0x8c4a, 0x8c4a, 0x8c4a, 0x8c4a, 0x8c4a, 0x8c4a, 0x8c4a, 
  0x8c4a, 0x8c4a, 0x8c4a, 0x8c4a, 0x8c4a, 0x8c4a, 0x8c4a, 0x8c4a, 0x8c4a, 0x8c4a, 0x8c4a, 0x8c4a, 
  0x8c4a, 0x8c4a, 0x8c4a, 0x8c4a, 0x8c4a, 0x8c4a, 0x8c4a, 0x8c4a, 0x8c4a, 0x8c4a, 0x8c4a, 0x8c4a, 
  0x8c4a, 0x8c4a, 0x8c4a, 0x8c4a, 0x8c4a, 0x8c4a, 0x8c4a, 0x8c4a, 0x8c4a, 0x8c4a, 0x8c4a, 0x8c4a, 
  0x8c4a, 0x8c4a, 0x8c4a, 0x8c4a, 0x8c4a, 0x8c4a, 0x8c4a, 0x8c4a, 0x8c4a, 0x8c4a, 0x8c4a, 0x8c4a, 
  0x8c4a, 0x8c4a, 0x8c4a, 0x8c4a, 0x8c4a, 0x8c4a, 0x8c4a, 0x8c4a, 0x8c4a, 0x8c4a, 0x8c4a, 0x8c4a, 
  0x8c4a, 0x8c4a, 0x8c4a, 0x8c4a, 0x8c4a, 0x8c4a, 0x8c4a, 0x8c4a, 0x8c4a, 0x8c4a, 0x8c4a, 0x8c4a, 
  0x8c4a, 0x8c4a, 0x8c4a, 0x8c4a, 0x8c4a, 0x8c4a, 0x8c4a, 0x8c4a, 0x8c4a, 0x8c4a, 0x8c4a, 0x8c4a, 
  0x8c4a, 0x8c4a, 0x8c4a, 0x8c4a, 0x8c4a, 0x8c4a, 0x8c4a, 0x8c4a, 0x8c4a, 0x8c4a, 0x8c4a, 0x8c4a, 
  0x8c4a, 0x8c4a, 0x8c4a, 0x8c4a, 0x8c4a, 0x8c4a, 0x8c4a, 0x8c4a, 0x8c4a, 0x8c4a, 0x8c4a, 0x8c4a, 
  0x8c4a, 0x8c4a, 0x8c4a, 0x8c4a, 0x8c4a, 0x8c4a, 0x8c4a, 0x8c4a, 0x8c4a, 0x8c4a, 0x8c4a, 0x8c4a, 
  0x8c4a, 0x8c4a, 0x8c4a, 0x8c4a, 0x8c4a, 0x8c4a, 0x8c4a, 0x8c4a, 0x8c4a, 0x8c4a, 0x8c4a, 0x8c4a, 
  0x8c4a, 0x8c4a, 0x8c4a, 0x8c4a, 0x8c4a, 0x8c4a, 0x8c4a, 0x8c4a, 0x8c4a, 0x8c4a, 0x8c4a, 0x8c4a, 
  0x8c4a, 0x8c4a, 0x8c4a, 0x8c4a, 0x8c4a, 0x8c4a, 0x8c4a, 0x8c4a, 0x8c4a, 0x8c4a, 0x8c4a, 0x8c4a, 
  0x8c4a, 0x8c4a, 0x8c4a, 0x8c4a, 0x8c4a, 0x8c4a, 0x8c4a, 0x8c4a, 0x8c4a, 0x8c4a, 0x8c4a, 0x8c4a, 
  0x8c4a, 0x8c4a, 0x8c4a, 0x8c4a, 0x8c4a, 0x8c4a, 0x8c4a, 0x8c4a, 0x8c4a, 0x8c4a, 0x8c4a, 0x8c4a, 
  0x8c4a, 0x8c4a, 0x8c4a, 0x8c4a, 0x8c4a, 0x8c4a, 0x8c4a, 0x8c4a, 0x8c4a, 0x8c4a, 0x8c4a, 0x8c4a, 
  0x8c4a, 0x8c4a, 0x8c4a, 0x8c4a, 0x8c4a, 0x8c4a, 0x8c4a, 0x8c4a, 0x8c4a, 0x8c4a, 0x8c4a, 0x8c4a, 
  0x8c4a, 0x8c4a, 0x8c4a, 0x8c4a, 0x8c4a, 0x8c4a, 0x8c4a, 0x8c4a, 0x8c4a, 0x8c4a, 0x8c4a, 0x8c4a, 
  0x8c4a, 0x8c4a, 0x8c4a, 0x8c4a, 0x8c4a, 0x8c4a, 0x8c4a, 0x8c4a, 0x8c4a, 0x8c4a, 0x8c4a, 0x8c4a, 
  0x8c4a, 0x8c4a, 0x8c4a, 0x8c4a, 0x8c4a, 0x8c4a, 0x8c4a, 0x8c4a, 0x8c4a, 0x8c4a, 0x8c4a, 0x8c4a, 
  0x8c4a, 0x8c4a, 0x8c4a, 0x8c4a, 0x8c4a, 0x8c4a, 0x8c4a, 0x8c4a, 0x8c4a, 0x8c4a, 0x8c4a, 0x8c4a, 
  0x8c4a, 0x8c4a, 0x8c4a, 0x8c4a, 0x8c4a, 0x8c4a, 0x8c4a, 0x8c4a, 0x8c4a, 0x8c4a, 0x8c4a, 0x8c4a, 
  0x8c4a, 0x8c4a, 0x8c4a, 0x8c4a, 0x8c4a, 0x8c4a, 0x8c4a, 0x8c4a, 0x8c4a, 0x8c4a, 0x8c4a, 0x6a62, 
  0x6a62, 0x8c4a, 0x8c4a, 0x8c4a, 0x8c4a, 0x8c4a, 0x8c4a, 0x8c4a, 0x8c4a, 0x8c4a, 0x8c4a, 0x8c4a, 
  0x8c4a, 0x8c4a, 0x8c4a, 0x8c4a, 0x8c4a, 0x8c4a, 0x8c4a, 0x8c4a, 0x8c4a, 0x8c4a, 0x8c4a, 0x8c4a, 
  0x8c4a, 0x8c4a, 0x8c4a, 0x8c4a, 0x8c4a, 0x8c4a, 0x8c4a, 0x8c4a, 0x8c4a, 0x8c4a, 0x8c4a, 0x8c4a, 
  0x8c4a, 0x8c4a, 0x8c4a, 0x8c4a, 0x8c4a, 0x8c4a, 0x8c4a, 0x8c4a, 0x8c4a, 0x8c4a, 0x8c4a, 0x8c4a, 
  0x8c4a, 0x8c4a, 0x8c4a, 0x8c4a, 0x8c4a, 0x8c4a, 0x8c4a, 0x8c4a, 0x8c4a, 0x8c4a, 0x8c4a, 0x8c4a, 
  0x8c4a, 0x8c4a, 0x8c4a, 0x8c4a, 0x8c4a, 0x8c4a, 0x8c4a, 0x8c4a, 0x8c4a, 0x8c4a, 0x8c4a, 0x8c4a, 
  0x8c4a, 0x8c4a, 0x8c4a, 0x8c4a, 0x8c4a, 0x8c4a, 0x8c4a, 0x8c4a, 0x8c4a, 0x8c4a, 0x8c4a, 0x8c4a, 
  0x8c4a, 0x8c4a, 0x8c4a, 0x8c4a, 0x8c4a, 0x8c4a, 0x8c4a, 0x8c4a, 0x8c4a, 0x8c4a, 0x8c4a, 0x8c4a, 
  0x8c4a, 0x8c4a, 0x8c4a, 0x8c4a, 0x8c4a, 0x8c4a, 0x8c4a, 0x8c4a, 0x8c4a, 0x8c4a, 0x8c4a, 0x8c4a, 
  0x8c4a, 0x8c4a, 0x8c4a, 0x8c4a, 0x8c4a, 0x8c4a, 0x8c4a, 0x8c4a, 0x8c4a, 0x8c4a, 0x8c4a, 0x8c4a, 
  0x8c4a, 0x8c4a, 0x8c4a, 0x8c4a, 0x8c4a, 0x8c4a, 0x8c4a, 0x8c4a, 0x8c4a, 0x8c4a, 0x8c4a, 0x8c4a, 
  0x8c4a, 0x8c4a, 0x8c4a, 0x8c4a, 0x8c4a, 0x8c4a, 0x8c4a, 0x8c4a, 0x8c4a, 0x8c4a, 0x8c4a, 0x8c4a, 
  0x8c4a, 0x8c4a, 0x8c4a, 0x8c4a, 0x8c4a, 0x8c4a, 0x8c4a, 0x8c4a, 0x8c4a, 0x8c4a, 0x8c4a, 0x8c4a, 
  0x8c4a, 0x8c4a, 0x8c4a, 0x8c4a, 0x8c4a, 0x8c4a, 0x8c4a, 0x8c4a, 0x8c4a, 0x8c4a, 0x8c4a, 0x8c4a, 
  0x8c4a, 0x8c4a, 0x8c4a, 0x8c4a, 0x8c4a, 0x8c4a, 0x8c4a, 0x8c4a, 0x8c4a, 0x8c4a, 0x8c4a, 0x8c4a, 
  0x8c4a, 0x8c4a, 0x8c4a, 0x8c4a, 0x8c4a, 0x8c4a, 0x8c4a, 0x8c4a, 0x8c4a, 0x8c4a, 0x8c4a, 0x8c4a, 
  0x8c4a, 0x8c4a, 0x8c4a, 0x8c4a, 0x8c4a, 0x8c4a, 0x8c4a, 0x8c4a, 0x8c4a, 0x8c4a, 0x8c4a, 0x8c4a, 
  0x8c4a, 0x8c4a, 0x8c4a, 0x8c4a, 0x8c4a, 0x8c4a, 0x8c4a, 0x8c4a, 0x8c4a, 0x8c4a, 0x8c4a, 0x8c4a, 
  0x8c4a, 0x8c4a, 0x8c4a, 0x8c4a, 0x8c4a, 0x8c4a, 0x8c4a, 0x8c4a, 0x8c4a, 0x8c4a, 0x8c4a, 0x8c4a, 
  0x8c4a, 0x8c4a, 0x8c4a, 0x8c4a, 0x8c4a, 0x8c4a, 0x8c4a, 0x8c4a, 0x8c4a, 0x8c4a, 0x8c4a, 0x8c4a, 
  0x8c4a, 0x8c4a, 0x8c4a, 0x8c4a, 0x8c4a, 0x8c4a, 0x8c4a, 0x8c4a, 0x8c4a, 0x8c4a, 0x8c4a, 0x8c4a, 
  0x8c4a, 0x8c4a, 0x8c4a, 0x8c4a, 0x8c4a, 0x8c4a, 0x8c4a, 0x8c4a, 0x8c4a, 0x8c4a, 0x8c4a, 0x8c4a, 
  0x8c4a, 0x8c4a, 0x8c4a, 0x8c4a, 0x8c4a, 0x8c4a, 0x8c4a, 0x8c4a, 0x8c4a, 0x8c4a, 0x8c4a, 0x8c4a, 
  0x8c4a, 0x8c4a, 0x8c4a, 0x8c4a, 0x8c4a, 0x8c4a, 0x8c4a, 0x8c4a, 0x8c4a, 0x8c4a, 0x8c4a, 0x8c4a, 
  0x8c4a, 0x8c4a, 0x8c4a, 0x8c4a, 0x8c4a, 0x8c4a, 0x8c4a, 0x8c4a, 0x8c4a, 0x8c4a, 0x8c4a, 0x8c4a, 
  0x8c4a, 0x8c4a, 0x8c4a, 0x8c4a, 0x8c4a, 0x8c4a, 0x8c4a, 0x8c4a, 0x8c4a, 0x8c4a, 0x8c4a, 0x8c4a, 
  0x8c4a, 0x8c4a, 0x8c4a, 0x8c4a, 0x8c4a, 0x8c4a, 0x8c4a, 0x6a62, 0x6a62, 0x8c4a, 0x8c4a, 0x8c4a, 
  0x8c4a, 0x8c4a, 0x8c4a, 0x8c4a, 0x8c4a, 0x8c4a, 0x8c4a, 0x8c4a, 0x8c4a, 0x8c4a, 0x8c4a, 0x8c4a, 
  0x8c4a, 0x8c4a, 0x8c4a, 0x8c4a, 0x8c4a, 0x8c4a, 0x8c4a, 0x8c4a, 0x8c4a, 0x8c4a, 0x8c4a, 0x8c4a, 
  0x8c4a, 0x8c4a, 0x8c4a, 0x8c4a, 0x8c4a, 0x8c4a, 0x8c4a, 0x8c4a, 0x8c4a, 0x8c4a, 0x8c4a, 0x8c4a, 
  0x8c4a, 0x8c4a, 0x8c4a, 0x8c4a, 0x8c4a, 0x8c4a, 0x8c4a, 0x8c4a, 0x8c4a, 0x8c4a, 0x8c4a, 0x8c4a, 
  0x8c4a, 0x8c4a, 0x8c4a, 0x8c4a, 0x8c4a, 0x8c4a, 0x8c4a, 0x8c4a, 0x8c4a, 0x8c4a, 0x8c4a, 0x8c4a, 
  0x8c4a, 0x8c4a, 0x8c4a, 0x8c4a, 0x8c4a, 0x8c4a, 0x8c4a, 0x8c4a, 0x8c4a, 0x8c4a, 0x8c4a, 0x8c4a, 
  0x8c4a, 0x8c4a, 0x8c4a, 0x8c4a, 0x8c4a, 0x8c4a, 0x8c4a, 0x8c4a, 0x8c4a, 0x8c4a, 0x8c4a, 0x8c4a, 
  0x8c4a, 0x8c4a, 0x8c4a, 0x8c4a, 0x8c4a, 0x8c4a, 0x8c4a, 0x8c4a, 0x8c4a, 0x8c4a, 0x8c4a, 0x8c4a, 
  0x8c4a, 0x8c4a, 0x8c4a, 0x8c4a, 0x8c4a, 0x8c4a, 0x8c4a, 0x8c4a, 0x8c4a, 0x8c4a, 0x8c4a, 0x8c4a, 
  0x8c4a, 0x8c4a, 0x8c4a, 0x8c4a, 0x8c4a, 0x8c4a, 0x8c4a, 0x8c4a, 0x8c4a, 0x8c4a, 0x8c4a, 0x8c4a, 
  0x8c4a, 0x8c4a, 0x8c4a, 0x8c4a, 0x8c4a, 0x8c4a, 0x8c4a, 0x8c4a, 0x8c4a, 0x8c4a, 0x8c4a, 0x8c4a, 
  0x8c4a, 0x8c4a, 0x8c4a, 0x8c4a, 0x8c4a, 0x8c4a, 0x8c4a, 0x8c4a, 0x8c4a, 0x8c4a, 0x8c4a, 0x8c4a, 
  0x8c4a, 0x8c4a, 0x8c4a, 0x8c4a, 0x8c4a, 0x8c4a, 0x8c4a, 0x8c4a, 0x8c4a, 0x8c4a, 0x8c4a, 0x8c4a, 
  0x8c4a, 0x8c4a, 0x8c4a, 0x8c4a, 0x8c4a, 0x8c4a, 0x8c4a, 0x8c4a, 0x8c4a, 0x8c4a, 0x8c4a, 0x8c4a, 
  0x8c4a, 0x8c4a, 0x8c4a, 0x8c4a, 0x8c4a, 0x8c4a, 0x8c4a, 0x8c4a, 0x8c4a, 0x8c4a, 0x8c4a, 0x8c4a, 
  0x8c4a, 0x8c4a, 0x8c4a, 0x8c4a, 0x8c4a, 0x8c4a, 0x8c4a, 0x8c4a, 0x8c4a, 0x8c4a, 0x8c4a, 0x8c4a, 
  0x8c4a, 0x8c4a, 0x8c4a, 0x8c4a, 0x8c4a, 0x8c4a, 0x8c4a, 0x8c4a, 0x8c4a, 0x8c4a, 0x8c4a, 0x8c4a, 
  0x8c4a, 0x8c4a, 0x8c4a, 0x8c4a, 0x8c4a, 0x8c4a, 0x8c4a, 0x8c4a, 0x8c4a, 0x8c4a, 0x8c4a, 0x8c4a, 
  0x8c4a, 0x8c4a, 0x8c4a, 0x8c4a, 0x8c4a, 0x8c4a, 0x8c4a, 0x8c4a, 0x8c4a, 0x8c4a, 0x8c4a, 0x8c4a, 
  0x8c4a, 0x8c4a, 0x8c4a, 0x8c4a, 0x8c4a, 0x8c4a, 0x8c4a, 0x8c4a, 0x8c4a, 0x8c4a, 0x8c4a, 0x8c4a, 
  0x8c4a, 0x8c4a, 0x8c4a, 0x8c4a, 0x8c4a, 0x8c4a, 0x8c4a, 0x8c4a, 0x8c4a, 0x8c4a, 0x8c4a, 0x8c4a, 
  0x8c4a, 0x8c4a, 0x8c4a, 0x8c4a, 0x8c4a, 0x8c4a, 0x8c4a, 0x8c4a, 0x8c4a, 0x8c4a, 0x8c4a, 0x8c4a, 
  0x8c4a, 0x8c4a, 0x8c4a, 0x8c4a, 0x8c4a, 0x8c4a, 0x8c4a, 0x8c4a, 0x8c4a, 0x8c4a, 0x8c4a, 0x8c4a, 
  0x8c4a, 0x8c4a, 0x8c4a, 0x8c4a, 0x8c4a, 0x8c4a, 0x8c4a, 0x8c4a, 0x8c4a, 0x8c4a, 0x8c4a, 0x8c4a, 
  0x8c4a, 0x8c4a, 0x8c4a, 0x8c4a, 0x8c4a, 0x8c4a, 0x8c4a, 0x8c4a, 0x8c4a, 0x8c4a, 0x8c4a, 0x8c4a, 
  0x8c4a, 0x8c4a, 0x8c4a, 0x8c4a, 0x8c4a, 0x8c4a, 0x8c4a, 0x8c4a, 0x8c4a, 0x8c4a, 0x8c4a, 0x8c4a, 
  0x8c4a, 0x8c4a, 0x8c4a, 0x6a62, 0x6a62, 0x8c4a, 0x8c4a, 0x8c4a, 0x8c4a, 0x8c4a, 0x8c4a, 0x8c4a, 
  0x8c4a, 0x8c4a, 0x8c4a, 0x8c4a, 0x8c4a, 0x8c4a, 0x8c4a, 0x8c4a, 0x8c4a, 0x8c4a, 0x8c4a, 0x8c4a, 
  0x8c4a, 0x8c4a, 0x8c4a, 0x8c4a, 0x8c4a, 0x8c4a, 0x8c4a, 0x8c4a, 0x8c4a, 0x8c4a, 0x8c4a, 0x8c4a, 
  0x8c4a, 0x8c4a, 0x8c4a, 0x8c4a, 0x8c4a, 0x8c4a, 0x8c4a, 0x8c4a, 0x8c4a, 0x8c4a, 0x8c4a, 0x8c4a, 
  0x8c4a, 0x8c4a, 0x8c4a, 0x8c4a, 0x8c4a, 0x8c4a, 0x8c4a, 0x8c4a, 0x8c4a, 0x8c4a, 0x8c4a, 0x8c4a, 
  0x8c4a, 0x8c4a, 0x8c4a, 0x8c4a, 0x8c4a, 0x8c4a, 0x8c4a, 0x8c4a, 0x8c4a, 0x8c4a, 0x8c4a, 0x8c4a, 
  0x8c4a, 0x8c4a, 0x8c4a, 0x8c4a, 0x8c4a, 0x8c4a, 0x8c4a, 0x8c4a, 0x8c4a, 0x8c4a, 0x8c4a, 0x8c4a, 
  0x8c4a, 0x8c4a, 0x8c4a, 0x8c4a, 0x8c4a, 0x8c4a, 0x8c4a, 0x8c4a, 0x8c4a, 0x8c4a, 0x8c4a, 0x8c4a, 
  0x8c4a, 0x8c4a, 0x8c4a, 0x8c4a, 0x8c4a, 0x8c4a, 0x8c4a, 0x8c4a, 0x8c4a, 0x8c4a, 0x8c4a, 0x8c4a, 
  0x8c4a, 0x8c4a, 0x8c4a, 0x8c4a, 0x8c4a, 0x8c4a, 0x8c4a, 0x8c4a, 0x8c4a, 0x8c4a, 0x8c4a, 0x8c4a, 
  0x8c4a, 0x8c4a, 0x8c4a, 0x8c4a, 0x8c4a, 0x8c4a, 0x8c4a, 0x8c4a, 0x8c4a, 0x8c4a, 0x8c4a, 0x8c4a, 
  0x8c4a, 0x8c4a, 0x8c4a, 0x8c4a, 0x8c4a, 0x8c4a, 0x8c4a, 0x8c4a, 0x8c4a, 0x8c4a, 0x8c4a, 0x8c4a, 
  0x8c4a, 0x8c4a, 0x8c4a, 0x8c4a, 0x8c4a, 0x8c4a, 0x8c4a, 0x8c4a, 0x8c4a, 0x8c4a, 0x8c4a, 0x8c4a, 
  0x8c4a, 0x8c4a, 0x8c4a, 0x8c4a, 0x8c4a, 0x8c4a, 0x8c4a, 0x8c4a, 0x8c4a, 0x8c4a, 0x8c4a, 0x8c4a, 
  0x8c4a, 0x8c4a, 0x8c4a, 0x8c4a, 0x8c4a, 0x8c4a, 0x8c4a, 0x8c4a, 0x8c4a, 0x8c4a, 0x8c4a, 0x8c4a, 
  0x8c4a, 0x8c4a, 0x8c4a, 0x8c4a, 0x8c4a, 0x8c4a, 0x8c4a, 0x8c4a, 0x8c4a, 0x8c4a, 0x8c4a, 0x8c4a, 
  0x8c4a, 0x8c4a, 0x8c4a, 0x8c4a, 0x8c4a, 0x8c4a, 0x8c4a, 0x8c4a, 0x8c4a, 0x8c4a, 0x8c4a, 0x8c4a, 
  0x8c4a, 0x8c4a, 0x8c4a, 0x8c4a, 0x8c4a, 0x8c4a, 0x8c4a, 0x8c4a, 0x8c4a, 0x8c4a, 0x8c4a, 0x8c4a, 
  0x8c4a, 0x8c4a, 0x8c4a, 0x8c4a, 0x8c4a, 0x8c4a, 0x8c4a, 0x8c4a, 0x8c4a, 0x8c4a, 0x8c4a, 0x8c4a, 
  0x8c4a, 0x8c4a, 0x8c4a, 0x8c4a, 0x8c4a, 0x8c4a, 0x8c4a, 0x8c4a, 0x8c4a, 0x8c4a, 0x8c4a, 0x8c4a, 
  0x8c4a, 0x8c4a, 0x8c4a, 0x8c4a, 0x8c4a, 0x8c4a, 0x8c4a, 0x8c4a, 0x8c4a, 0x8c4a, 0x8c4a, 0x8c4a, 
  0x8c4a, 0x8c4a, 0x8c4a, 0x8c4a, 0x8c4a, 0x8c4a, 0x8c4a, 0x8c4a, 0x8c4a, 0x8c4a, 0x8c4a, 0x8c4a, 
  0x8c4a, 0x8c4a, 0x8c4a, 0x8c4a, 0x8c4a, 0x8c4a, 0x8c4a, 0x8c4a, 0x8c4a, 0x8c4a, 0x8c4a, 0x8c4a, 
  0x8c4a, 0x8c4a, 0x8c4a, 0x8c4a, 0x8c4a, 0x8c4a, 0x8c4a, 0x8c4a, 0x8c4a, 0x8c4a, 0x8c4a, 0x8c4a, 
  0x8c4a, 0x8c4a, 0x8c4a, 0x8c4a, 0x8c4a, 0x8c4a, 0x8c4a, 0x8c4a, 0x8c4a, 0x8c4a, 0x8c4a, 0x8c4a, 
  0x8c4a, 0x8c4a, 0x8c4a, 0x8c4a, 0x8c4a, 0x8c4a, 0x8c4a, 0x8c4a, 0x8c4a, 0x8c4a, 0x8c4a, 0x8c4a, 
  0x8c4a, 0x8c4a, 0x8c4a, 0x8c4a, 0x8c4a, 0x8c4a, 0x8c4a, 0x8c4a, 0x8c4a, 0x8c4a, 0x8c4a, 0x6a62, 
  0x6a62, 0x8c4a, 0x8c4a, 0x8c4a, 0x8c4a, 0x8c4a, 0x8c4a, 0x8c4a, 0x8c4a, 0x8c4a, 0x8c4a, 0x8c4a, 
  0x8c4a, 0x8c4a, 0x8c4a, 0x8c4a, 0x8c4a, 0x8c4a, 0x8c4a, 0x8c4a, 0x8c4a, 0x8c4a, 0x8c4a, 0x8c4a, 
  0x8c4a, 0x8c4a, 0x8c4a, 0x8c4a, 0x8c4a, 0x8c4a, 0x8c4a, 0x8c4a, 0x8c4a, 0x8c4a, 0x8c4a, 0x8c4a, 
  0x8c4a, 0x8c4a, 0x8c4a, 0x8c4a, 0x8c4a, 0x8c4a, 0x8c4a, 0x8c4a, 0x8c4a, 0x8c4a, 0x8c4a, 0x8c4a, 
  0x8c4a, 0x8c4a, 0x8c4a, 0x8c4a, 0x8c4a, 0x8c4a, 0x8c4a, 0x8c4a, 0x8c4a, 0x8c4a, 0x8c4a, 0x8c4a, 
  0x8c4a, 0x8c4a, 0x8c4a, 0x8c4a, 0x8c4a, 0x8c4a, 0x8c4a, 0x8c4a, 0x8c4a, 0x8c4a, 0x8c4a, 0x8c4a, 
  0x8c4a, 0x8c4a, 0x8c4a, 0x8c4a, 0x8c4a, 0x8c4a, 0x8c4a, 0x8c4a, 0x8c4a, 0x8c4a, 0x8c4a, 0x8c4a, 
  0x8c4a, 0x8c4a, 0x8c4a, 0x8c4a, 0x8c4a, 0x8c4a, 0x8c4a, 0x8c4a, 0x8c4a, 0x8c4a, 0x8c4a, 0x8c4a, 
  0x8c4a, 0x8c4a, 0x8c4a, 0x8c4a, 0x8c4a, 0x8c4a, 0x8c4a, 0x8c4a, 0x8c4a, 0x8c4a, 0x8c4a, 0x8c4a, 
  0x8c4a, 0x8c4a, 0x8c4a, 0x8c4a, 0x8c4a, 0x8c4a, 0x8c4a, 0x8c4a, 0x8c4a, 0x8c4a, 0x8c4a, 0x8c4a, 
  0x8c4a, 0x8c4a, 0x8c4a, 0x8c4a, 0x8c4a, 0x8c4a, 0x8c4a, 0x8c4a, 0x8c4a, 0x8c4a, 0x8c4a, 0x8c4a, 
  0x8c4a, 0x8c4a, 0x8c4a, 0x8c4a, 0x8c4a, 0x8c4a, 0x8c4a, 0x8c4a, 0x8c4a, 0x8c4a, 0x8c4a, 0x8c4a, 
  0x8c4a, 0x8c4a, 0x8c4a, 0x8c4a, 0x8c4a, 0x8c4a, 0x8c4a, 0x8c4a, 0x8c4a, 0x8c4a, 0x8c4a, 0x8c4a, 
  0x8c4a, 0x8c4a, 0x8c4a, 0x8c4a, 0x8c4a, 0x8c4a, 0x8c4a, 0x8c4a, 0x8c4a, 0x8c4a, 0x8c4a, 0x8c4a, 
  0x8c4a, 0x8c4a, 0x8c4a, 0x8c4a, 0x8c4a, 0x8c4a, 0x8c4a, 0x8c4a, 0x8c4a, 0x8c4a, 0x8c4a, 0x8c4a, 
  0x8c4a, 0x8c4a, 0x8c4a, 0x8c4a, 0x8c4a, 0x8c4a, 0x8c4a, 0x8c4a, 0x8c4a, 0x8c4a, 0x8c4a, 0x8c4a, 
  0x8c4a, 0x8c4a, 0x8c4a, 0x8c4a, 0x8c4a, 0x8c4a, 0x8c4a, 0x8c4a, 0x8c4a, 0x8c4a, 0x8c4a, 0x8c4a, 
  0x8c4a, 0x8c4a, 0x8c4a, 0x8c4a, 0x8c4a, 0x8c4a, 0x8c4a, 0x8c4a, 0x8c4a, 0x8c4a, 0x8c4a, 0x8c4a, 
  0x8c4a, 0x8c4a, 0x8c4a, 0x8c4a, 0x8c4a, 0x8c4a, 0x8c4a, 0x8c4a, 0x8c4a, 0x8c4a, 0x8c4a, 0x8c4a, 
  0x8c4a, 0x8c4a, 0x8c4a, 0x8c4a, 0x8c4a, 0x8c4a, 0x8c4a, 0x8c4a, 0x8c4a, 0x8c4a, 0x8c4a, 0x8c4a, 
  0x8c4a, 0x8c4a, 0x8c4a, 0x8c4a, 0x8c4a, 0x8c4a, 0x8c4a, 0x8c4a, 0x8c4a, 0x8c4a, 0x8c4a, 0x8c4a, 
  0x8c4a, 0x8c4a, 0x8c4a, 0x8c4a, 0x8c4a, 0x8c4a, 0x8c4a, 0x8c4a, 0x8c4a, 0x8c4a, 0x8c4a, 0x8c4a, 
  0x8c4a, 0x8c4a, 0x8c4a, 0x8c4a, 0x8c4a, 0x8c4a, 0x8c4a, 0x8c4a, 0x8c4a, 0x8c4a, 0x8c4a, 0x8c4a, 
  0x8c4a, 0x8c4a, 0x8c4a, 0x8c4a, 0x8c4a, 0x8c4a, 0x8c4a, 0x8c4a, 0x8c4a, 0x8c4a, 0x8c4a, 0x8c4a, 
  0x8c4a, 0x8c4a, 0x8c4a, 0x8c4a, 0x8c4a, 0x8c4a, 0x8c4a, 0x8c4a, 0x8c4a, 0x8c4a, 0x8c4a, 0x8c4a, 
  0x8c4a, 0x8c4a, 0x8c4a, 0x8c4a, 0x8c4a, 0x8c4a, 0x8c4a, 0x8c4a, 0x8c4a, 0x8c4a, 0x8c4a, 0x8c4a, 
  0x8c4a, 0x8c4a, 0x8c4a, 0x8c4a, 0x8c4a, 0x8c4a, 0x8c4a, 0x6a62, 0x6a62, 0x8c4a, 0x8c4a, 0x8c4a, 
  0x8c4a, 0x8c4a, 0x8c4a, 0x8c4a, 0x8c4a, 0x8c4a, 0x8c4a, 0x8c4a, 0x8c4a, 0x8c4a, 0x8c4a, 0x8c4a, 
  0x8c4a, 0x8c4a, 0x8c4a, 0x8c4a, 0x8c4a, 0x8c4a, 0x8c4a, 0x8c4a, 0x8c4a, 0x8c4a, 0x8c4a, 0x8c4a, 
  0x8c4a, 0x8c4a, 0x8c4a, 0x8c4a, 0x8c4a, 0x8c4a, 0x8c4a, 0x8c4a, 0x8c4a, 0x8c4a, 0x8c4a, 0x8c4a, 
  0x8c4a, 0x8c4a, 0x8c4a, 0x8c4a, 0x8c4a, 0x8c4a, 0x8c4a, 0x8c4a, 0x8c4a, 0x8c4a, 0x8c4a, 0x8c4a, 
  0x8c4a, 0x8c4a, 0x8c4a, 0x8c4a, 0x8c4a, 0x8c4a, 0x8c4a, 0x8c4a, 0x8c4a, 0x8c4a, 0x8c4a, 0x8c4a, 
  0x8c4a, 0x8c4a, 0x8c4a, 0x8c4a, 0x8c4a, 0x8c4a, 0x8c4a, 0x8c4a, 0x8c4a, 0x8c4a, 0x8c4a, 0x8c4a, 
  0x8c4a, 0x8c4a, 0x8c4a, 0x8c4a, 0x8c4a, 0x8c4a, 0x8c4a, 0x8c4a, 0x8c4a, 0x8c4a, 0x8c4a, 0x8c4a, 
  0x8c4a, 0x8c4a, 0x8c4a, 0x8c4a, 0x8c4a, 0x8c4a, 0x8c4a, 0x8c4a, 0x8c4a, 0x8c4a, 0x8c4a, 0x8c4a, 
  0x8c4a, 0x8c4a, 0x8c4a, 0x8c4a, 0x8c4a, 0x8c4a, 0x8c4a, 0x8c4a, 0x8c4a, 0x8c4a, 0x8c4a, 0x8c4a, 
  0x8c4a, 0x8c4a, 0x8c4a, 0x8c4a, 0x8c4a, 0x8c4a, 0x8c4a, 0x8c4a, 0x8c4a, 0x8c4a, 0x8c4a, 0x8c4a, 
  0x8c4a, 0x8c4a, 0x8c4a, 0x8c4a, 0x8c4a, 0x8c4a, 0x8c4a, 0x8c4a, 0x8c4a, 0x8c4a, 0x8c4a, 0x8c4a, 
  0x8c4a, 0x8c4a, 0x8c4a, 0x8c4a, 0x8c4a, 0x8c4a, 0x8c4a, 0x8c4a, 0x8c4a, 0x8c4a, 0x8c4a, 0x8c4a, 
  0x8c4a, 0x8c4a, 0x8c4a, 0x8c4a, 0x8c4a, 0x8c4a, 0x8c4a, 0x8c4a, 0x8c4a, 0x8c4a, 0x8c4a, 0x8c4a, 
  0x8c4a, 0x8c4a, 0x8c4a, 0x8c4a, 0x8c4a, 0x8c4a, 0x8c4a, 0x8c4a, 0x8c4a, 0x8c4a, 0x8c4a, 0x8c4a, 
  0x8c4a, 0x8c4a, 0x8c4a, 0x8c4a, 0x8c4a, 0x8c4a, 0x8c4a, 0x8c4a, 0x8c4a, 0x8c4a, 0x8c4a, 0x8c4a, 
  0x8c4a, 0x8c4a, 0x8c4a, 0x8c4a, 0x8c4a, 0x8c4a, 0x8c4a, 0x8c4a, 0x8c4a, 0x8c4a, 0x8c4a, 0x8c4a, 
  0x8c4a, 0x8c4a, 0x8c4a, 0x8c4a, 0x8c4a, 0x8c4a, 0x8c4a, 0x8c4a, 0x8c4a, 0x8c4a, 0x8c4a, 0x8c4a, 
  0x8c4a, 0x8c4a, 0x8c4a, 0x8c4a, 0x8c4a, 0x8c4a, 0x8c4a, 0x8c4a, 0x8c4a, 0x8c4a, 0x8c4a, 0x8c4a, 
  0x8c4a, 0x8c4a, 0x8c4a, 0x8c4a, 0x8c4a, 0x8c4a, 0x8c4a, 0x8c4a, 0x8c4a, 0x8c4a, 0x8c4a, 0x8c4a, 
  0x8c4a, 0x8c4a, 0x8c4a, 0x8c4a, 0x8c4a, 0x8c4a, 0x8c4a, 0x8c4a, 0x8c4a, 0x8c4a, 0x8c4a, 0x8c4a, 
  0x8c4a, 0x8c4a, 0x8c4a, 0x8c4a, 0x8c4a, 0x8c4a, 0x8c4a, 0x8c4a, 0x8c4a, 0x8c4a, 0x8c4a, 0x8c4a, 
  0x8c4a, 0x8c4a, 0x8c4a, 0x8c4a, 0x8c4a, 0x8c4a, 0x8c4a, 0x8c4a, 0x8c4a, 0x8c4a, 0x8c4a, 0x8c4a, 
  0x8c4a, 0x8c4a, 0x8c4a, 0x8c4a, 0x8c4a, 0x8c4a, 0x8c4a, 0x8c4a, 0x8c4a, 0x8c4a, 0x8c4a, 0x8c4a, 
  0x8c4a, 0x8c4a, 0x8c4a, 0x8c4a, 0x8c4a, 0x8c4a, 0x8c4a, 0x8c4a, 0x8c4a, 0x8c4a, 0x8c4a, 0x8c4a, 
  0x8c4a, 0x8c4a, 0x8c4a, 0x8c4a, 0x8c4a, 0x8c4a, 0x8c4a, 0x8c4a, 0x8c4a, 0x8c4a, 0x8c4a, 0x8c4a, 
  0x8c4a, 0x8c4a, 0x8c4a, 0x8c4a, 0x8c4a, 0x8c4a, 0x8c4a, 0x8c4a, 0x8c4a, 0x8c4a, 0x8c4a, 0x8c4a, 
  0x8c4a, 0x8c4a, 0x8c4a, 0x6a62, 0x6a62, 0x8c4a, 0x8c4a, 0x8c4a, 0x8c4a, 0x8c4a, 0x8c4a, 0x8c4a, 
  0x8c4a, 0xb05a, 0x1973, 0x5c7b, 0x5d7b, 0x5d7b, 0x5d7b, 0x5d7b, 0x5d7b, 0x5d7b, 0x5d7b, 0x5d7b, 
  0x5d7b, 0x5d7b, 0x5d7b, 0x5d7b, 0x5d7b, 0x5d7b, 0x5d7b, 0x5d7b, 0x5d7b, 0x5d7b, 0x5d7b, 0x5d7b, 
  0x5d7b, 0x5d7b, 0x5d7b, 0x5d7b, 0x5d7b, 0x5d7b, 0x5d7b, 0x5d7b, 0x5d7b, 0x5d7b, 0x5d7b, 0x5d7b, 
  0x5d7b, 0x5d7b, 0x5d7b, 0x5d7b, 0x5d7b, 0x5d7b, 0x5d7b, 0x5d7b, 0x5d7b, 0x5d7b, 0x5d7b, 0x5d7b, 
  0x5d7b, 0x5d7b, 0x5d7b, 0x5d7b, 0x5d7b, 0x5d7b, 0x5d7b, 0x5d7b, 0x5d7b, 0x5d7b, 0x5d7b, 0x5d7b, 
  0x5d7b, 0x5d7b, 0x5d7b, 0x5d7b, 0x5d7b, 0x5d7b, 0x5d7b, 0x5d7b, 0x5d7b, 0x5d7b, 0x5d7b, 0x5d7b, 
  0x5d7b, 0x5d7b, 0x5d7b, 0x5d7b, 0x5d7b, 0x5d7b, 0x5d7b, 0x5d7b, 0x5d7b, 0x5d7b, 0x5d7b, 0x5d7b, 
  0x5d7b, 0x5d7b, 0x5d7b, 0x5d7b, 0x5d7b, 0x5d7b, 0x5d7b, 0x5d7b, 0x5d7b, 0x5d7b, 0x5d7b, 0x5d7b, 
  0x5d7b, 0x5d7b, 0x5d7b, 0x5d7b, 0x5d7b, 0x5d7b, 0x5d7b, 0x5d7b, 0x5d7b, 0x5d7b, 0x5d7b, 0x5d7b, 
  0x5d7b, 0x5d7b, 0x5d7b, 0x5d7b, 0x5d7b, 0x5d7b, 0x5d7b, 0x5d7b, 0x5d7b, 0x5d7b, 0x5d7b, 0x5d7b, 
  0x5d7b, 0x5d7b, 0x5d7b, 0x5d7b, 0x5d7b, 0x5d7b, 0x5d7b, 0x5d7b, 0x5d7b, 0x5d7b, 0x5d7b, 0x5d7b, 
  0x5d7b, 0x5d7b, 0x5d7b, 0x5d7b, 0x5d7b, 0x5d7b, 0x5d7b, 0x5d7b, 0x5d7b, 0x5d7b, 0x1973, 0xd25a, 
  0x8c4a, 0x8c4a, 0x8c4a, 0x8c4a, 0x8c4a, 0x8c4a, 0x8c4a, 0x8c4a, 0x8c4a, 0x8c4a, 0x8c4a, 0x8c4a, 
  0x8c4a, 0x8c4a, 0x8c4a, 0x8c4a, 0x8c4a, 0x8c4a, 0x8c4a, 0x8c4a, 0x8c4a, 0x8c4a, 0x8c4a, 0x8c4a, 
  0x8c4a, 0x8c4a, 0x8c4a, 0x8c4a, 0x8c4a, 0x8c4a, 0x8c4a, 0x8c4a, 0x8c4a, 0x8c4a, 0x8c4a, 0x8c4a, 
  0x8c4a, 0x8c4a, 0x8c4a, 0x8c4a, 0x8c4a, 0x8c4a, 0x8c4a, 0x8c4a, 0x8c4a, 0x8c4a, 0x8c4a, 0x8c4a, 
  0x8c4a, 0x8c4a, 0x8c4a, 0x8c4a, 0x8c4a, 0x8c4a, 0x8c4a, 0x8c4a, 0x8c4a, 0x8c4a, 0x8c4a, 0x8c4a, 
  0x8c4a, 0x8c4a, 0x8c4a, 0x8c4a, 0x8c4a, 0x8c4a, 0x8c4a, 0x8c4a, 0x8c4a, 0x8c4a, 0x8c4a, 0x8c4a, 
  0x8c4a, 0x8c4a, 0x8c4a, 0x8c4a, 0x8c4a, 0x8c4a, 0x8c4a, 0x8c4a, 0x8c4a, 0x8c4a, 0x8c4a, 0x8c4a, 
  0x8c4a, 0x8c4a, 0x8c4a, 0x8c4a, 0x8c4a, 0x8c4a, 0x8c4a, 0x8c4a, 0x8c4a, 0x8c4a, 0x8c4a, 0x8c4a, 
  0x8c4a, 0x8c4a, 0x8c4a, 0x8c4a, 0x8c4a, 0x8c4a, 0x8c4a, 0x8c4a, 0x8c4a, 0x8c4a, 0x8c4a, 0x8c4a, 
  0x8c4a, 0x8c4a, 0x8c4a, 0x8c4a, 0x8c4a, 0x8c4a, 0x8c4a, 0x8c4a, 0x8c4a, 0x8c4a, 0x8c4a, 0x8c4a, 
  0x8c4a, 0x8c4a, 0x8c4a, 0x8c4a, 0x8c4a, 0x8c4a, 0x8c4a, 0x8c4a, 0x8c4a, 0x8c4a, 0x8c4a, 0x8c4a, 
  0x8c4a, 0x8c4a, 0x8c4a, 0x8c4a, 0x8c4a, 0x8c4a, 0x8c4a, 0x8c4a, 0x8c4a, 0x8c4a, 0x8c4a, 0x8c4a, 
  0x8c4a, 0x8c4a, 0x8c4a, 0x8c4a, 0x8c4a, 0x8c4a, 0x8c4a, 0x8c4a, 0x8c4a, 0x8c4a, 0x8c4a, 0x8c4a, 
  0x8c4a, 0x8c4a, 0x8c4a, 0x8c4a, 0x8c4a, 0x8c4a, 0x8c4a, 0x8c4a, 0x8c4a, 0x8c4a, 0x8c4a, 0x6a62, 
  0x6a62, 0x8c4a, 0x8c4a, 0x8c4a, 0x8c4a, 0x8c4a, 0x8c4a, 0x8c4a, 0xf462, 0x5d7b, 0x5d7b, 0x5d7b, 
  0x5d7b, 0x5d7b, 0x5d7b, 0x5d7b, 0x5d7b, 0x5d7b, 0x5d7b, 0x5d7b, 0x5d7b, 0x5d7b, 0x5d7b, 0x5d7b, 
  0x5d7b, 0x5d7b, 0x5d7b, 0x5d7b, 0x5d7b, 0x5d7b, 0x5d7b, 0x5d7b, 0x5d7b, 0x5d7b, 0x5d7b, 0x5d7b, 
  0x5d7b, 0x5d7b, 0x5d7b, 0x5d7b, 0x5d7b, 0x5d7b, 0x5d7b, 0x5d7b, 0x5d7b, 0x5d7b, 0x5d7b, 0x5d7b, 
  0x5d7b, 0x5d7b, 0x5d7b, 0x5d7b, 0x5d7b, 0x5d7b, 0x5d7b, 0x5d7b, 0x5d7b, 0x5d7b, 0x5d7b, 0x5d7b, 
  0x5d7b, 0x5d7b, 0x5d7b, 0x5d7b, 0x5d7b, 0x5d7b, 0x5d7b, 0x5d7b, 0x5d7b, 0x5d7b, 0x5d7b, 0x5d7b, 
  0x5d7b, 0x5d7b, 0x5d7b, 0x5d7b, 0x5d7b, 0x5d7b, 0x5d7b, 0x5d7b, 0x5d7b, 0x5d7b, 0x5d7b, 0x5d7b, 
  0x5d7b, 0x5d7b, 0x5d7b, 0x5d7b, 0x5d7b, 0x5d7b, 0x5d7b, 0x5d7b, 0x5d7b, 0x5d7b, 0x5d7b, 0x5d7b, 
  0x5d7b, 0x5d7b, 0x5d7b, 0x5d7b, 0x5d7b, 0x5d7b, 0x5d7b, 0x5d7b, 0x5d7b, 0x5d7b, 0x5d7b, 0x5d7b, 
  0x5d7b, 0x5d7b, 0x5d7b, 0x5d7b, 0x5d7b, 0x5d7b, 0x5d7b, 0x5d7b, 0x5d7b, 0x5d7b, 0x5d7b, 0x5d7b, 
  0x5d7b, 0x5d7b, 0x5d7b, 0x5d7b, 0x5d7b, 0x5d7b, 0x5d7b, 0x5d7b, 0x5d7b, 0x5d7b, 0x5d7b, 0x5d7b, 
  0x5d7b, 0x5d7b, 0x5d7b, 0x5d7b, 0x5d7b, 0x5d7b, 0x5d7b, 0x5d7b, 0x5d7b, 0x5d7b, 0x5d7b, 0x5d7b, 
  0x5d7b, 0x5d7b, 0x5d7b, 0x5d7b, 0x5d7b, 0x5d7b, 0x5d7b, 0x5d7b, 0xf462, 0x8c4a, 0x8c4a, 0x8c4a, 
  0x8c4a, 0x8c4a, 0x8c4a, 0x8c4a, 0x8c4a, 0x8c4a, 0x8c4a, 0x8c4a, 0x8c4a, 0x8c4a, 0x8c4a, 0x8c4a, 
  0x8c4a, 0x8c4a, 0x8c4a, 0x8c4a, 0xb05a, 0x1973, 0x5c7b, 0x5d7b, 0x5d7b, 0x5d7b, 0x5d7b, 0x5d7b, 
  0x5d7b, 0x5d7b, 0x5d7b, 0x5d7b, 0x5d7b, 0x5d7b, 0x5d7b, 0x5d7b, 0x5d7b, 0x5d7b, 0x5d7b, 0x5d7b, 
  0x5d7b, 0x5d7b, 0x5d7b, 0x5d7b, 0x5d7b, 0x5d7b, 0x5d7b, 0x5d7b, 0x5d7b, 0x5d7b, 0x5d7b, 0x5d7b, 
  0x5d7b, 0x5d7b, 0x5d7b, 0x5d7b, 0x5d7b, 0x5d7b, 0x5d7b, 0x5d7b, 0x5d7b, 0x5d7b, 0x5d7b, 0x5d7b, 
  0x5d7b, 0x5d7b, 0x5d7b, 0x5d7b, 0x5d7b, 0x5d7b, 0x5d7b, 0x5d7b, 0x5d7b, 0x5d7b, 0x5d7b, 0x5d7b, 
  0x5d7b, 0x5d7b, 0x5d7b, 0x5d7b, 0x5d7b, 0x5d7b, 0x5d7b, 0x5d7b, 0x5d7b, 0x5d7b, 0x5d7b, 0x5d7b, 
  0x5d7b, 0x5d7b, 0x5d7b, 0x5d7b, 0x5d7b, 0x5d7b, 0x5d7b, 0x5d7b, 0x5d7b, 0x5d7b, 0x5d7b, 0x5d7b, 
  0x5d7b, 0x5d7b, 0x5d7b, 0x5d7b, 0x5d7b, 0x5d7b, 0x5d7b, 0x5d7b, 0x5d7b, 0x5d7b, 0x5d7b, 0x5d7b, 
  0x5d7b, 0x5d7b, 0x5d7b, 0x5d7b, 0x5d7b, 0x5d7b, 0x5d7b, 0x5d7b, 0x5d7b, 0x5d7b, 0x5d7b, 0x5d7b, 
  0x5d7b, 0x5d7b, 0x5d7b, 0x5d7b, 0x5d7b, 0x5d7b, 0x5d7b, 0x5d7b, 0x5d7b, 0x5d7b, 0x5d7b, 0x5d7b, 
  0x5d7b, 0x5d7b, 0x5d7b, 0x5d7b, 0x5d7b, 0x5d7b, 0x5d7b, 0x5d7b, 0x5d7b, 0x5d7b, 0x5d7b, 0x5d7b, 
  0x5d7b, 0x5d7b, 0x5d7b, 0x5d7b, 0x5d7b, 0x5d7b, 0x5d7b, 0x5d7b, 0x5d7b, 0x5d7b, 0x5d7b, 0x5d7b, 
  0x5d7b, 0x1973, 0xd25a, 0x8c4a, 0x8c4a, 0x8c4a, 0x8c4a, 0x6a62, 0x6a62, 0x8c4a, 0x8c4a, 0x8c4a, 
  0x8c4a, 0x8c4a, 0x8c4a, 0xd25a, 0x5d7b, 0x5d7b, 0x5d7b, 0x5d7b, 0x5d7b, 0x5d7b, 0x5d7b, 0x5d7b, 
  0x5d7b, 0x5d7b, 0x5d7b, 0x5d7b, 0x5d7b, 0x5d7b, 0x5d7b, 0x5d7b, 0x5d7b, 0x5d7b, 0x5d7b, 0x5d7b, 
  0x5d7b, 0x5d7b, 0x5d7b, 0x5d7b, 0x5d7b, 0x5d7b, 0x5d7b, 0x5d7b, 0x5d7b, 0x5d7b, 0x5d7b, 0x5d7b, 
  0x5d7b, 0x5d7b, 0x5d7b, 0x5d7b, 0x5d7b, 0x5d7b, 0x5d7b, 0x5d7b, 0x5d7b, 0x5d7b, 0x5d7b, 0x5d7b, 
  0x5d7b, 0x5d7b, 0x5d7b, 0x5d7b, 0x5d7b, 0x5d7b, 0x5d7b, 0x5d7b, 0x5d7b, 0x5d7b, 0x5d7b, 0x5d7b, 
  0x5d7b, 0x5d7b, 0x5d7b, 0x5d7b, 0x5d7b, 0x5d7b, 0x5d7b, 0x5d7b, 0x5d7b, 0x5d7b, 0x5d7b, 0x5d7b, 
  0x5d7b, 0x5d7b, 0x5d7b, 0x5d7b, 0x5d7b, 0x5d7b, 0x5d7b, 0x5d7b, 0x5d7b, 0x5d7b, 0x5d7b, 0x5d7b, 
  0x5d7b, 0x5d7b, 0x5d7b, 0x5d7b, 0x5d7b, 0x5d7b, 0x5d7b, 0x5d7b, 0x5d7b, 0x5d7b, 0x5d7b, 0x5d7b, 
  0x5d7b, 0x5d7b, 0x5d7b, 0x5d7b, 0x5d7b, 0x5d7b, 0x5d7b, 0x5d7b, 0x5d7b, 0x5d7b, 0x5d7b, 0x5d7b, 
  0x5d7b, 0x5d7b, 0x5d7b, 0x5d7b, 0x5d7b, 0x5d7b, 0x5d7b, 0x5d7b, 0x5d7b, 0x5d7b, 0x5d7b, 0x5d7b, 
  0x5d7b, 0x5d7b, 0x5d7b, 0x5d7b, 0x5d7b, 0x5d7b, 0x5d7b, 0x5d7b, 0x5d7b, 0x5d7b, 0x5d7b, 0x5d7b, 
  0x5d7b, 0x5d7b, 0x5d7b, 0x5d7b, 0x5d7b, 0x5d7b, 0x5d7b, 0x5d7b, 0x5d7b, 0x5d7b, 0x5d7b, 0x5d7b, 
  0x5d7b, 0x5d7b, 0x5d7b, 0x5d7b, 0x5d7b, 0xb05a, 0x8c4a, 0x8c4a, 0x8c4a, 0x8c4a, 0x8c4a, 0x8c4a, 
  0x8c4a, 0x8c4a, 0x8c4a, 0x8c4a, 0x8c4a, 0x8c4a, 0x8c4a, 0x8c4a, 0x8c4a, 0x8c4a, 0x8c4a, 0xf462, 
  0x5d7b, 0x5d7b, 0x5d7b, 0x5d7b, 0x5d7b, 0x5d7b, 0x5d7b, 0x5d7b, 0x5d7b, 0x5d7b, 0x5d7b, 0x5d7b, 
  0x5d7b, 0x5d7b, 0x5d7b, 0x5d7b, 0x5d7b, 0x5d7b, 0x5d7b, 0x5d7b, 0x5d7b, 0x5d7b, 0x5d7b, 0x5d7b, 
  0x5d7b, 0x5d7b, 0x5d7b, 0x5d7b, 0x5d7b, 0x5d7b, 0x5d7b, 0x5d7b, 0x5d7b, 0x5d7b, 0x5d7b, 0x5d7b, 
  0x5d7b, 0x5d7b, 0x5d7b, 0x5d7b, 0x5d7b, 0x5d7b, 0x5d7b, 0x5d7b, 0x5d7b, 0x5d7b, 0x5d7b, 0x5d7b, 
  0x5d7b, 0x5d7b, 0x5d7b, 0x5d7b, 0x5d7b, 0x5d7b, 0x5d7b, 0x5d7b, 0x5d7b, 0x5d7b, 0x5d7b, 0x5d7b, 
  0x5d7b, 0x5d7b, 0x5d7b, 0x5d7b, 0x5d7b, 0x5d7b, 0x5d7b, 0x5d7b, 0x5d7b, 0x5d7b, 0x5d7b, 0x5d7b, 
  0x5d7b, 0x5d7b, 0x5d7b, 0x5d7b, 0x5d7b, 0x5d7b, 0x5d7b, 0x5d7b, 0x5d7b, 0x5d7b, 0x5d7b, 0x5d7b, 
  0x5d7b, 0x5d7b, 0x5d7b, 0x5d7b, 0x5d7b, 0x5d7b, 0x5d7b, 0x5d7b, 0x5d7b, 0x5d7b, 0x5d7b, 0x5d7b, 
  0x5d7b, 0x5d7b, 0x5d7b, 0x5d7b, 0x5d7b, 0x5d7b, 0x5d7b, 0x5d7b, 0x5d7b, 0x5d7b, 0x5d7b, 0x5d7b, 
  0x5d7b, 0x5d7b, 0x5d7b, 0x5d7b, 0x5d7b, 0x5d7b, 0x5d7b, 0x5d7b, 0x5d7b, 0x5d7b, 0x5d7b, 0x5d7b, 
  0x5d7b, 0x5d7b, 0x5d7b, 0x5d7b, 0x5d7b, 0x5d7b, 0x5d7b, 0x5d7b, 0x5d7b, 0x5d7b, 0x5d7b, 0x5d7b, 
  0x5d7b, 0x5d7b, 0x5d7b, 0x5d7b, 0x5d7b, 0x5d7b, 0x5d7b, 0x5d7b, 0x5d7b, 0x5d7b, 0x5d7b, 0xf462, 
  0x8c4a, 0x8c4a, 0x8c4a, 0x6a62, 0x6a62, 0x8c4a, 0x8c4a, 0x8c4a, 0x8c4a, 0x8c4a, 0x8c4a, 0x1973, 
  0x5d7b, 0x5d7b, 0x5d7b, 0x5d7b, 0x5d7b, 0x5d7b, 0x5d7b, 0x5d7b, 0x5d7b, 0x5d7b, 0x5d7b, 0x5d7b, 
  0x5d7b, 0x5d7b, 0x5d7b, 0x5d7b, 0x5d7b, 0x5d7b, 0x5d7b, 0x5d7b, 0x5d7b, 0x5d7b, 0x5d7b, 0x5d7b, 
  0x5d7b, 0x5d7b, 0x5d7b, 0x5d7b, 0x5d7b, 0x5d7b, 0x5d7b, 0x5d7b, 0x5d7b, 0x5d7b, 0x5d7b, 0x5d7b, 
  0x5d7b, 0x5d7b, 0x5d7b, 0x5d7b, 0x5d7b, 0x5d7b, 0x5d7b, 0x5d7b, 0x5d7b, 0x5d7b, 0x5d7b, 0x5d7b, 
  0x5d7b, 0x5d7b, 0x5d7b, 0x5d7b, 0x5d7b, 0x5d7b, 0x5d7b, 0x5d7b, 0x5d7b, 0x5d7b, 0x5d7b, 0x5d7b, 
  0x5d7b, 0x5d7b, 0x5d7b, 0x5d7b, 0x5d7b, 0x5d7b, 0x5d7b, 0x5d7b, 0x5d7b, 0x5d7b, 0x5d7b, 0x5d7b, 
  0x5d7b, 0x5d7b, 0x5d7b, 0x5d7b, 0x5d7b, 0x5d7b, 0x5d7b, 0x5d7b, 0x5d7b, 0x5d7b, 0x5d7b, 0x5d7b, 
  0x5d7b, 0x5d7b, 0x5d7b, 0x5d7b, 0x5d7b, 0x5d7b, 0x5d7b, 0x5d7b, 0x5d7b, 0x5d7b, 0x5d7b, 0x5d7b, 
  0x5d7b, 0x5d7b, 0x5d7b, 0x5d7b, 0x5d7b, 0x5d7b, 0x5d7b, 0x5d7b, 0x5d7b, 0x5d7b, 0x5d7b, 0x5d7b, 
  0x5d7b, 0x5d7b, 0x5d7b, 0x5d7b, 0x5d7b, 0x5d7b, 0x5d7b, 0x5d7b, 0x5d7b, 0x5d7b, 0x5d7b, 0x5d7b, 
  0x5d7b, 0x5d7b, 0x5d7b, 0x5d7b, 0x5d7b, 0x5d7b, 0x5d7b, 0x5d7b, 0x5d7b, 0x5d7b, 0x5d7b, 0x5d7b, 
  0x5d7b, 0x5d7b, 0x5d7b, 0x5d7b, 0x5d7b, 0x5d7b, 0x5d7b, 0x5d7b, 0x5d7b, 0x5d7b, 0x5d7b, 0x5d7b, 
  0x5d7b, 0x1973, 0x8c4a, 0x8c4a, 0x8c4a, 0x8c4a, 0x8c4a, 0x8c4a, 0x8c4a, 0x8c4a, 0x8c4a, 0x8c4a, 
  0x8c4a, 0x8c4a, 0x8c4a, 0x8c4a, 0x8c4a, 0x8c4a, 0xd25a, 0x5d7b, 0x5d7b, 0x5d7b, 0x5d7b, 0x5d7b, 
  0x5d7b, 0x5d7b, 0x5d7b, 0x5d7b, 0x5d7b, 0x5d7b, 0x5d7b, 0x5d7b, 0x5d7b, 0x5d7b, 0x5d7b, 0x5d7b, 
  0x5d7b, 0x5d7b, 0x5d7b, 0x5d7b, 0x5d7b, 0x5d7b, 0x5d7b, 0x5d7b, 0x5d7b, 0x5d7b, 0x5d7b, 0x5d7b, 
  0x5d7b, 0x5d7b, 0x5d7b, 0x5d7b, 0x5d7b, 0x5d7b, 0x5d7b, 0x5d7b, 0x5d7b, 0x5d7b, 0x5d7b, 0x5d7b, 
  0x5d7b, 0x5d7b, 0x5d7b, 0x5d7b, 0x5d7b, 0x5d7b, 0x5d7b, 0x5d7b, 0x5d7b, 0x5d7b, 0x5d7b, 0x5d7b, 
  0x5d7b, 0x5d7b, 0x5d7b, 0x5d7b, 0x5d7b, 0x5d7b, 0x5d7b, 0x5d7b, 0x5d7b, 0x5d7b, 0x5d7b, 0x5d7b, 
  0x5d7b, 0x5d7b, 0x5d7b, 0x5d7b, 0x5d7b, 0x5d7b, 0x5d7b, 0x5d7b, 0x5d7b, 0x5d7b, 0x5d7b, 0x5d7b, 
  0x5d7b, 0x5d7b, 0x5d7b, 0x5d7b, 0x5d7b, 0x5d7b, 0x5d7b, 0x5d7b, 0x5d7b, 0x5d7b, 0x5d7b, 0x5d7b, 
  0x5d7b, 0x5d7b, 0x5d7b, 0x5d7b, 0x5d7b, 0x5d7b, 0x5d7b, 0x5d7b, 0x5d7b, 0x5d7b, 0x5d7b, 0x5d7b, 
  0x5d7b, 0x5d7b, 0x5d7b, 0x5d7b, 0x5d7b, 0x5d7b, 0x5d7b, 0x5d7b, 0x5d7b, 0x5d7b, 0x5d7b, 0x5d7b, 
  0x5d7b, 0x5d7b, 0x5d7b, 0x5d7b, 0x5d7b, 0x5d7b, 0x5d7b, 0x5d7b, 0x5d7b, 0x5d7b, 0x5d7b, 0x5d7b, 
  0x5d7b, 0x5d7b, 0x5d7b, 0x5d7b, 0x5d7b, 0x5d7b, 0x5d7b, 0x5d7b, 0x5d7b, 0x5d7b, 0x5d7b, 0x5d7b, 
  0x5d7b, 0x5d7b, 0x5d7b, 0x5d7b, 0x5d7b, 0x5d7b, 0x5d7b, 0x5d7b, 0xb05a, 0x8c4a, 0x8c4a, 0x6a62, 
  0x6a62, 0x8c4a, 0x8c4a, 0x8c4a, 0x8c4a, 0x8c4a, 0x8c4a, 0x5d7b, 0x5d7b, 0x5d7b, 0x5d7b, 0x5bce, 
  0xdbde, 0xdbde, 0xdbde, 0xdbde, 0xdbde, 0xdbde, 0xdbde, 0xdbde, 0xdbde, 0xdbde, 0xdbde, 0xdbde, 
  0xdbde, 0xdbde, 0xdbde, 0xdbde, 0xdbde, 0xdbde, 0xdbde, 0xdbde, 0xdbde, 0xdbde, 0xdbde, 0xdbde, 
  0xdbde, 0xdbde, 0xdbde, 0xdbde, 0xdbde, 0xdbde, 0xdbde, 0xdbde, 0xdbde, 0xdbde, 0xdbde, 0xdbde, 
  0xdbde, 0xdbde, 0xdbde, 0xdbde, 0xdbde, 0xdbde, 0xdbde, 0xdbde, 0xdbde, 0xdbde, 0xdbde, 0xdbde, 
  0xdbde, 0xdbde, 0xdbde, 0xdbde, 0xdbde, 0xdbde, 0xdbde, 0xdbde, 0xdbde, 0xdbde, 0xdbde, 0xdbde, 
  0xdbde, 0xdbde, 0xdbde, 0xdbde, 0xdbde, 0xdbde, 0xdbde, 0xdbde, 0xdbde, 0xdbde, 0xdbde, 0xdbde, 
  0xdbde, 0xdbde, 0xdbde, 0xdbde, 0xdbde, 0xdbde, 0xdbde, 0xdbde, 0xdbde, 0xdbde, 0xdbde, 0xdbde, 
  0xdbde, 0xdbde, 0xdbde, 0xdbde, 0xdbde, 0xdbde, 0xdbde, 0xdbde, 0xdbde, 0xdbde, 0xdbde, 0xdbde, 
  0xdbde, 0xdbde, 0xdbde, 0xdbde, 0xdbde, 0xdbde, 0xdbde, 0xdbde, 0xdbde, 0xdbde, 0xdbde, 0xdbde, 
  0xdbde, 0xdbde, 0xdbde, 0xdbde, 0xdbde, 0xdbde, 0xdbde, 0xdbde, 0xdbde, 0xdbde, 0xdbde, 0xdbde, 
  0xdbde, 0xdbde, 0xdbde, 0xdbde, 0xdbde, 0xdbde, 0xdbde, 0xdbde, 0xdbde, 0xdbde, 0xdbde, 0xdbde, 
  0xdbde, 0xdbde, 0xdbde, 0xdbde, 0xdbde, 0x5bce, 0x5d7b, 0x5d7b, 0x5d7b, 0x3c7b, 0x8c4a, 0x8c4a, 
  0x8c4a, 0x8c4a, 0x8c4a, 0x8c4a, 0x8c4a, 0x8c4a, 0x8c4a, 0x8c4a, 0x8c4a, 0x8c4a, 0x8c4a, 0x8c4a, 
  0x8c4a, 0x8c4a, 0x1973, 0x5d7b, 0x5d7b, 0x5d7b, 0x5d7b, 0x5d7b, 0x5d7b, 0x5d7b, 0x5d7b, 0x5d7b, 
  0x5d7b, 0x5d7b, 0x5d7b, 0x5d7b, 0x5d7b, 0x5d7b, 0x5d7b, 0x5d7b, 0x5d7b, 0x5d7b, 0x5d7b, 0x5d7b, 
  0x5d7b, 0x5d7b, 0x5d7b, 0x5d7b, 0x5d7b, 0x5d7b, 0x5d7b, 0x5d7b, 0x5d7b, 0x5d7b, 0x5d7b, 0x5d7b, 
  0x5d7b, 0x5d7b, 0x5d7b, 0x5d7b, 0x5d7b, 0x5d7b, 0x5d7b, 0x5d7b, 0x5d7b, 0x5d7b, 0x5d7b, 0x5d7b, 
  0x5d7b, 0x5d7b, 0x5d7b, 0x5d7b, 0x5d7b, 0x5d7b, 0x5d7b, 0x5d7b, 0x5d7b, 0x5d7b, 0x5d7b, 0x5d7b, 
  0x5d7b, 0x5d7b, 0x5d7b, 0x5d7b, 0x5d7b, 0x5d7b, 0x5d7b, 0x5d7b, 0x5d7b, 0x5d7b, 0x5d7b, 0x5d7b, 
  0x5d7b, 0x5d7b, 0x5d7b, 0x5d7b, 0x5d7b, 0x5d7b, 0x5d7b, 0x5d7b, 0x5d7b, 0x5d7b, 0x5d7b, 0x5d7b, 
  0x5d7b, 0x5d7b, 0x5d7b, 0x5d7b, 0x5d7b, 0x5d7b, 0x5d7b, 0x5d7b, 0x5d7b, 0x5d7b, 0x5d7b, 0x5d7b, 
  0x5d7b, 0x5d7b, 0x5d7b, 0x5d7b, 0x5d7b, 0x5d7b, 0x5d7b, 0x5d7b, 0x5d7b, 0x5d7b, 0x5d7b, 0x5d7b, 
  0x5d7b, 0x5d7b, 0x5d7b, 0x5d7b, 0x5d7b, 0x5d7b, 0x5d7b, 0x5d7b, 0x5d7b, 0x5d7b, 0x5d7b, 0x5d7b, 
  0x5d7b, 0x5d7b, 0x5d7b, 0x5d7b, 0x5d7b, 0x5d7b, 0x5d7b, 0x5d7b, 0x5d7b, 0x5d7b, 0x5d7b, 0x5d7b, 
  0x5d7b, 0x5d7b, 0x5d7b, 0x5d7b, 0x5d7b, 0x5d7b, 0x5d7b, 0x5d7b, 0x5d7b, 0x5d7b, 0x5d7b, 0x5d7b, 
  0x5d7b, 0x5d7b, 0x5d7b, 0x5d7b, 0x1973, 0x8c4a, 0x8c4a, 0x6a62, 0x6a62, 0x8c4a, 0x8c4a, 0x8c4a, 
  0x8c4a, 0x8c4a, 0x8c4a, 0x5d7b, 0x5d7b, 0x5d7b, 0x5d7b, 0xdbde, 0xdbde, 0xdbde, 0xdbde, 0xdbde, 
  0xdbde, 0xdbde, 0xdbde, 0xdbde, 0xdbde, 0xdbde, 0xdbde, 0xdbde, 0xdbde, 0xdbde, 0xdbde, 0xdbde, 
  0xdbde, 0xdbde, 0xdbde, 0xdbde, 0xdbde, 0xdbde, 0xdbde, 0xdbde, 0xdbde, 0xdbde, 0xdbde, 0xdbde, 
  0xdbde, 0xdbde, 0xdbde, 0xdbde, 0xdbde, 0xdbde, 0xdbde, 0xdbde, 0xdbde, 0xdbde, 0xdbde, 0xdbde, 
  0xdbde, 0xdbde, 0xdbde, 0xdbde, 0xdbde, 0xdbde, 0xdbde, 0xdbde, 0xdbde, 0xdbde, 0xdbde, 0xdbde, 
  0xdbde, 0xdbde, 0xdbde, 0xdbde, 0xdbde, 0xdbde, 0xdbde, 0xdbde, 0xdbde, 0xdbde, 0xdbde, 0xdbde, 
  0xdbde, 0xdbde, 0xdbde, 0xdbde, 0xdbde, 0xdbde, 0xdbde, 0xdbde, 0xdbde, 0xdbde, 0xdbde, 0xdbde, 
  0xdbde, 0xdbde, 0xdbde, 0xdbde, 0xdbde, 0xdbde, 0xdbde, 0xdbde, 0xdbde, 0xdbde, 0xdbde, 0xdbde, 
  0xdbde, 0xdbde, 0xdbde, 0xdbde, 0xdbde, 0xdbde, 0xdbde, 0xdbde, 0xdbde, 0xdbde, 0xdbde, 0xdbde, 
  0xdbde, 0xdbde, 0xdbde, 0xdbde, 0xdbde, 0xdbde, 0xdbde, 0xdbde, 0xdbde, 0xdbde, 0xdbde, 0xdbde, 
  0xdbde, 0xdbde, 0xdbde, 0xdbde, 0xdbde, 0xdbde, 0xdbde, 0xdbde, 0xdbde, 0xdbde, 0xdbde, 0xdbde, 
  0xdbde, 0xdbde, 0xdbde, 0xdbde, 0xdbde, 0xdbde, 0xdbde, 0xdbde, 0xdbde, 0xdbde, 0xdbde, 0xdbde, 
  0xdbde, 0xdbde, 0x5d7b, 0x5d7b, 0x5d7b, 0x5d7b, 0x8c4a, 0x8c4a, 0x8c4a, 0x8c4a, 0x8c4a, 0x8c4a, 
  0x8c4a, 0x8c4a, 0x8c4a, 0x8c4a, 0x8c4a, 0x8c4a, 0x8c4a, 0x8c4a, 0x8c4a, 0x8c4a, 0x5d7b, 0x5d7b, 
  0x5d7b, 0x5d7b, 0x5bce, 0xdbde, 0xdbde, 0xdbde, 0xdbde, 0xdbde, 0xdbde, 0xdbde, 0xdbde, 0xdbde, 
  0xdbde, 0xdbde, 0xdbde, 0xdbde, 0xdbde, 0xdbde, 0xdbde, 0xdbde, 0xdbde, 0xdbde, 0xdbde, 0xdbde, 
  0xdbde, 0xdbde, 0xdbde, 0xdbde, 0xdbde, 0xdbde, 0xdbde, 0xdbde, 0xdbde, 0xdbde, 0xdbde, 0xdbde, 
  0xdbde, 0xdbde, 0xdbde, 0xdbde, 0xdbde, 0xdbde, 0xdbde, 0xdbde, 0xdbde, 0xdbde, 0xdbde, 0xdbde, 
  0xdbde, 0xdbde, 0xdbde, 0xdbde, 0xdbde, 0xdbde, 0xdbde, 0xdbde, 0xdbde, 0xdbde, 0xdbde, 0xdbde, 
  0xdbde, 0xdbde, 0xdbde, 0xdbde, 0xdbde, 0xdbde, 0xdbde, 0xdbde, 0xdbde, 0xdbde, 0xdbde, 0xdbde, 
  0xdbde, 0xdbde, 0xdbde, 0xdbde, 0xdbde, 0xdbde, 0xdbde, 0xdbde, 0xdbde, 0xdbde, 0xdbde, 0xdbde, 
  0xdbde, 0xdbde, 0xdbde, 0xdbde, 0xdbde, 0xdbde, 0xdbde, 0xdbde, 0xdbde, 0xdbde, 0xdbde, 0xdbde, 
  0xdbde, 0xdbde, 0xdbde, 0xdbde, 0xdbde, 0xdbde, 0xdbde, 0xdbde, 0xdbde, 0xdbde, 0xdbde, 0xdbde, 
  0xdbde, 0xdbde, 0xdbde, 0xdbde, 0xdbde, 0xdbde, 0xdbde, 0xdbde, 0xdbde, 0xdbde, 0xdbde, 0xdbde, 
  0xdbde, 0xdbde, 0xdbde, 0xdbde, 0xdbde, 0xdbde, 0xdbde, 0xdbde, 0xdbde, 0xdbde, 0xdbde, 0xdbde, 
  0xdbde, 0xdbde, 0xdbde, 0xdbde, 0xdbde, 0xdbde, 0xdbde, 0xdbde, 0x5bce, 0x5d7b, 0x5d7b, 0x5d7b, 
  0x3c7b, 0x8c4a, 0x8c4a, 0x6a62, 0x6a62, 0x8c4a, 0x8c4a, 0x8c4a, 0x8c4a, 0x8c4a, 0x8c4a, 0x5d7b, 
  0x5d7b, 0x5d7b, 0x5d7b, 0xdbde, 0xdbde, 0xdbde, 0xdbde, 0xdbde, 0xdbde, 0xdbde, 0xdbde, 0xdbde, 
  0xdbde, 0xdbde, 0xdbde, 0xdbde, 0xdbde, 0xdbde, 0xdbde, 0xdbde, 0xdbde, 0xdbde, 0xdbde, 0xdbde, 
  0xdbde, 0xdbde, 0xdbde, 0xdbde, 0xdbde, 0xdbde, 0xdbde, 0xdbde, 0xdbde, 0xdbde, 0xdbde, 0xdbde, 
  0xdbde, 0xdbde, 0xdbde, 0xdbde, 0xdbde, 0xdbde, 0xdbde, 0xdbde, 0xdbde, 0xdbde, 0xdbde, 0xdbde, 
  0xdbde, 0xdbde, 0xdbde, 0xdbde, 0xdbde, 0xdbde, 0xdbde, 0xdbde, 0xdbde, 0xdbde, 0xdbde, 0xdbde, 
  0xdbde, 0xdbde, 0xdbde, 0xdbde, 0xdbde, 0xdbde, 0xdbde, 0xdbde, 0xdbde, 0xdbde, 0xdbde, 0xdbde, 
  0xdbde, 0xdbde, 0xdbde, 0xdbde, 0xdbde, 0xdbde, 0xdbde, 0xdbde, 0xdbde, 0xdbde, 0xdbde, 0xdbde, 
  0xdbde, 0xdbde, 0xdbde, 0xdbde, 0xdbde, 0xdbde, 0xdbde, 0xdbde, 0xdbde, 0xdbde, 0xdbde, 0xdbde, 
  0xdbde, 0xdbde, 0xdbde, 0xdbde, 0xdbde, 0xdbde, 0xdbde, 0xdbde, 0xdbde, 0xdbde, 0xdbde, 0xdbde, 
  0xdbde, 0xdbde, 0xdbde, 0xdbde, 0xdbde, 0xdbde, 0xdbde, 0xdbde, 0xdbde, 0xdbde, 0xdbde, 0xdbde, 
  0xdbde, 0xdbde, 0xdbde, 0xdbde, 0xdbde, 0xdbde, 0xdbde, 0xdbde, 0xdbde, 0xdbde, 0xdbde, 0xdbde, 
  0xdbde, 0xdbde, 0xdbde, 0xdbde, 0xdbde, 0xdbde, 0xdbde, 0xdbde, 0xdbde, 0xdbde, 0x5d7b, 0x5d7b, 
  0x5d7b, 0x5d7b, 0x8c4a, 0x8c4a, 0x8c4a, 0x8c4a, 0x8c4a, 0x8c4a, 0x8c4a, 0x8c4a, 0x8c4a, 0x8c4a, 
  0x8c4a, 0x8c4a, 0x8c4a, 0x8c4a, 0x8c4a, 0x8c4a, 0x5d7b, 0x5d7b, 0x5d7b, 0x5d7b, 0xdbde, 0xdbde, 
  0xdbde, 0xdbde, 0xdbde, 0xdbde, 0xdbde, 0xdbde, 0xdbde, 0xdbde, 0xdbde, 0xdbde, 0xdbde, 0xdbde, 
  0xdbde, 0xdbde, 0xdbde, 0xdbde, 0xdbde, 0xdbde, 0xdbde, 0xdbde, 0xdbde, 0xdbde, 0xdbde, 0xdbde, 
  0xdbde, 0xdbde, 0xdbde, 0xdbde, 0xdbde, 0xdbde, 0xdbde, 0xdbde, 0xdbde, 0xdbde, 0xdbde, 0xdbde, 
  0xdbde, 0xdbde, 0xdbde, 0xdbde, 0xdbde, 0xdbde, 0xdbde, 0xdbde, 0xdbde, 0xdbde, 0xdbde, 0xdbde, 
  0xdbde, 0xdbde, 0xdbde, 0xdbde, 0xdbde, 0xdbde, 0xdbde, 0xdbde, 0xdbde, 0xdbde, 0xdbde, 0xdbde, 
  0xdbde, 0xdbde, 0xdbde, 0xdbde, 0xdbde, 0xdbde, 0xdbde, 0xdbde, 0xdbde, 0xdbde, 0xdbde, 0xdbde, 
  0xdbde, 0xdbde, 0xdbde, 0xdbde, 0xdbde, 0xdbde, 0xdbde, 0xdbde, 0xdbde, 0xdbde, 0xdbde, 0xdbde, 
  0xdbde, 0xdbde, 0xdbde, 0xdbde, 0xdbde, 0xdbde, 0xdbde, 0xdbde, 0xdbde, 0xdbde, 0xdbde, 0xdbde, 
  0xdbde, 0xdbde, 0xdbde, 0xdbde, 0xdbde, 0xdbde, 0xdbde, 0xdbde, 0xdbde, 0xdbde, 0xdbde, 0xdbde, 
  0xdbde, 0xdbde, 0xdbde, 0xdbde, 0xdbde, 0xdbde, 0xdbde, 0xdbde, 0xdbde, 0xdbde, 0xdbde, 0xdbde, 
  0xdbde, 0xdbde, 0xdbde, 0xdbde, 0xdbde, 0xdbde, 0xdbde, 0xdbde, 0xdbde, 0xdbde, 0xdbde, 0xdbde, 
  0xdbde, 0xdbde, 0xdbde, 0xdbde, 0xdbde, 0x5d7b, 0x5d7b, 0x5d7b, 0x5d7b, 0x8c4a, 0x8c4a, 0x6a62, 
  0x6a62, 0x8c4a, 0x8c4a, 0x8c4a, 0x8c4a, 0x8c4a, 0x8c4a, 0x5d7b, 0x5d7b, 0x5d7b, 0x5d7b, 0xdbde, 
  0xdbde, 0xdbde, 0xdbde, 0xdbde, 0xdbde, 0xdbde, 0xdbde, 0xdbde, 0xdbde, 0xdbde, 0xdbde, 0xdbde, 
  0xdbde, 0xdbde, 0xdbde, 0xdbde, 0xdbde, 0xdbde, 0xdbde, 0xdbde, 0xdbde, 0xdbde, 0xdbde, 0xdbde, 
  0xdbde, 0xdbde, 0xdbde, 0xdbde, 0xdbde, 0xdbde, 0xdbde, 0xdbde, 0xdbde, 0xdbde, 0xdbde, 0xdbde, 
  0xdbde, 0xdbde, 0xdbde, 0xdbde, 0xdbde, 0xdbde, 0xdbde, 0xdbde, 0xdbde, 0xdbde, 0xdbde, 0xdbde, 
  0xdbde, 0xdbde, 0xdbde, 0xdbde, 0xdbde, 0xdbde, 0xdbde, 0xdbde, 0xdbde, 0xdbde, 0xdbde, 0xdbde, 
  0xdbde, 0xdbde, 0xdbde, 0xdbde, 0xdbde, 0xdbde, 0xdbde, 0xdbde, 0xdbde, 0xdbde, 0xdbde, 0xdbde, 
  0xdbde, 0xdbde, 0xdbde, 0xdbde, 0xdbde, 0xdbde, 0xdbde, 0xdbde, 0xdbde, 0xdbde, 0xdbde, 0xdbde, 
  0xdbde, 0xdbde, 0xdbde, 0xdbde, 0xdbde, 0xdbde, 0xdbde, 0xdbde, 0xdbde, 0xdbde, 0xdbde, 0xdbde, 
  0xdbde, 0xdbde, 0xdbde, 0xdbde, 0xdbde, 0xdbde, 0xdbde, 0xdbde, 0xdbde, 0xdbde, 0xdbde, 0xdbde, 
  0xdbde, 0xdbde, 0xdbde, 0xdbde, 0xdbde, 0xdbde, 0xdbde, 0xdbde, 0xdbde, 0xdbde, 0xdbde, 0xdbde, 
  0xdbde, 0xdbde, 0xdbde, 0xdbde, 0xdbde, 0xdbde, 0xdbde, 0xdbde, 0xdbde, 0xdbde, 0xdbde, 0xdbde, 
  0xdbde, 0xdbde, 0xdbde, 0xdbde, 0xdbde, 0xdbde, 0x5d7b, 0x5d7b, 0x5d7b, 0x5d7b, 0x8c4a, 0x8c4a, 
  0x8c4a, 0x8c4a, 0x8c4a, 0x8c4a, 0x8c4a, 0x8c4a, 0x8c4a, 0x8c4a, 0x8c4a, 0x8c4a, 0x8c4a, 0x8c4a, 
  0x8c4a, 0x8c4a, 0x5d7b, 0x5d7b, 0x5d7b, 0x5d7b, 0xdbde, 0xdbde, 0xdbde, 0xdbde, 0xdbde, 0xdbde, 
  0xdbde, 0xdbde, 0xdbde, 0xdbde, 0xdbde, 0xdbde, 0xdbde, 0xdbde, 0xdbde, 0xdbde, 0xdbde, 0xdbde, 
  0xdbde, 0xdbde, 0xdbde, 0xdbde, 0xdbde, 0xdbde, 0xdbde, 0xdbde, 0xdbde, 0xdbde, 0xdbde, 0xdbde, 
  0xdbde, 0xdbde, 0xdbde, 0xdbde, 0xdbde, 0xdbde, 0xdbde, 0xdbde, 0xdbde, 0xdbde, 0xdbde, 0xdbde, 
  0xdbde, 0xdbde, 0xdbde, 0xdbde, 0xdbde, 0xdbde, 0xdbde, 0xdbde, 0xdbde, 0xdbde, 0xdbde, 0xdbde, 
  0xdbde, 0xdbde, 0xdbde, 0xdbde, 0xdbde, 0xdbde, 0xdbde, 0xdbde, 0xdbde, 0xdbde, 0xdbde, 0xdbde, 
  0xdbde, 0xdbde, 0xdbde, 0xdbde, 0xdbde, 0xdbde, 0xdbde, 0xdbde, 0xdbde, 0xdbde, 0xdbde, 0xdbde, 
  0xdbde, 0xdbde, 0xdbde, 0xdbde, 0xdbde, 0xdbde, 0xdbde, 0xdbde, 0xdbde, 0xdbde, 0xdbde, 0xdbde, 
  0xdbde, 0xdbde, 0xdbde, 0xdbde, 0xdbde, 0xdbde, 0xdbde, 0xdbde, 0xdbde, 0xdbde, 0xdbde, 0xdbde, 
  0xdbde, 0xdbde, 0xdbde, 0xdbde, 0xdbde, 0xdbde, 0xdbde, 0xdbde, 0xdbde, 0xdbde, 0xdbde, 0xdbde, 
  0xdbde, 0xdbde, 0xdbde, 0xdbde, 0xdbde, 0xdbde, 0xdbde, 0xdbde, 0xdbde, 0xdbde, 0xdbde, 0xdbde, 
  0xdbde, 0xdbde, 0xdbde, 0xdbde, 0xdbde, 0xdbde, 0xdbde, 0xdbde, 0xdbde, 0xdbde, 0xdbde, 0xdbde, 
  0xdbde, 0x5d7b, 0x5d7b, 0x5d7b, 0x5d7b, 0x8c4a, 0x8c4a, 0x6a62, 0x6a62, 0x8c4a, 0x8c4a, 0x8c4a, 
  0x8c4a, 0x8c4a, 0x8c4a, 0x5d7b, 0x5d7b, 0x5d7b, 0x5d7b, 0xdbde, 0xdbde, 0xdbde, 0xdbde, 0xdbde, 
  0xdbde, 0xdbde, 0xdbde, 0xdbde, 0xdbde, 0xdbde, 0xdbde, 0xdbde, 0xdbde, 0xdbde, 0xdbde, 0xdbde, 
  0xdbde, 0xdbde, 0xdbde, 0xdbde, 0xdbde, 0xdbde, 0x18c6, 0xef7b, 0x0c63, 0x1084, 0xf7bd, 0xdbde, 
  0xdbde, 0x75ad, 0x518c, 0xdbde, 0xdbde, 0xdbde, 0xb6b5, 0xcf7b, 0x18c6, 0x1084, 0xcf7b, 0xef7b, 
  0x1084, 0xae73, 0x718c, 0x79ce, 0xb6b5, 0x518c, 0xeb5a, 0x6d6b, 0x518c, 0xdbde, 0xdbde, 0xef7b, 
  0xf7bd, 0xdbde, 0xdbde, 0xdbde, 0x518c, 0xb6b5, 0x14a5, 0xef7b, 0xcf7b, 0x1084, 0xcf7b, 0xae73, 
  0xb6b5, 0xdbde, 0xdbde, 0xdbde, 0x518c, 0x79ce, 0xdbde, 0xdbde, 0xdbde, 0xb294, 0xb6b5, 0xdbde, 
  0xdbde, 0x75ad, 0x2c63, 0x4d6b, 0xb294, 0xdbde, 0xdbde, 0xdbde, 0x518c, 0x96b5, 0xdbde, 0xdbde, 
  0xdbde, 0xb6b5, 0xef7b, 0xae73, 0xef7b, 0xef7b, 0xae73, 0xd39c, 0xdbde, 0xdbde, 0xdbde, 0x518c, 
  0xd39c, 0xdbde, 0xdbde, 0xdbde, 0xdbde, 0xdbde, 0x75ad, 0x8e73, 0x0c63, 0x718c, 0x79ce, 0xdbde, 
  0xdbde, 0x14a5, 0x0c63, 0xeb5a, 0xcb5a, 0x4d6b, 0x79ce, 0xdbde, 0xdbde, 0xdbde, 0xdbde, 0xdbde, 
  0xdbde, 0xdbde, 0xdbde, 0xdbde, 0xdbde, 0xdbde, 0xdbde, 0xdbde, 0xdbde, 0xdbde, 0xdbde, 0xdbde, 
  0xdbde, 0xdbde, 0x5d7b, 0x5d7b, 0x5d7b, 0x5d7b, 0x8c4a, 0x8c4a, 0x8c4a, 0x8c4a, 0x8c4a, 0x8c4a, 
  0x8c4a, 0x8c4a, 0x8c4a, 0x8c4a, 0x8c4a, 0x8c4a, 0x8c4a, 0x8c4a, 0x8c4a, 0x8c4a, 0x5d7b, 0x5d7b, 
  0x5d7b, 0x5d7b, 0xdbde, 0xdbde, 0xdbde, 0xdbde, 0xdbde, 0xdbde, 0xdbde, 0xdbde, 0xdbde, 0xdbde, 
  0xdbde, 0xdbde, 0xdbde, 0xdbde, 0xdbde, 0xdbde, 0xdbde, 0xdbde, 0xdbde, 0xdbde, 0xdbde, 0xdbde, 
  0xdbde, 0xdbde, 0xdbde, 0xdbde, 0xdbde, 0xdbde, 0xdbde, 0xdbde, 0xdbde, 0xdbde, 0xdbde, 0xdbde, 
  0xdbde, 0xdbde, 0xdbde, 0xdbde, 0xdbde, 0xdbde, 0xdbde, 0xdbde, 0xdbde, 0xdbde, 0xdbde, 0xdbde, 
  0xdbde, 0xdbde, 0xdbde, 0xdbde, 0xdbde, 0xdbde, 0xdbde, 0xdbde, 0xdbde, 0xdbde, 0xdbde, 0xdbde, 
  0xdbde, 0xdbde, 0xdbde, 0xdbde, 0xdbde, 0xdbde, 0xdbde, 0xdbde, 0xdbde, 0xdbde, 0xdbde, 0xdbde, 
  0xdbde, 0xdbde, 0xdbde, 0xdbde, 0xdbde, 0xdbde, 0xdbde, 0xdbde, 0xdbde, 0xdbde, 0xdbde, 0xdbde, 
  0xdbde, 0xdbde, 0xdbde, 0xdbde, 0xdbde, 0xdbde, 0xdbde, 0xdbde, 0xdbde, 0xdbde, 0xdbde, 0xdbde, 
  0xdbde, 0xdbde, 0xdbde, 0xdbde, 0xdbde, 0xdbde, 0xdbde, 0xdbde, 0xdbde, 0xdbde, 0xdbde, 0xdbde, 
  0xdbde, 0xdbde, 0xdbde, 0xdbde, 0xdbde, 0xdbde, 0xdbde, 0xdbde, 0xdbde, 0xdbde, 0xdbde, 0xdbde, 
  0xdbde, 0xdbde, 0xdbde, 0xdbde, 0xdbde, 0xdbde, 0xdbde, 0xdbde, 0xdbde, 0xdbde, 0xdbde, 0xdbde, 
  0xdbde, 0xdbde, 0xdbde, 0xdbde, 0xdbde, 0xdbde, 0xdbde, 0xdbde, 0xdbde, 0x5d7b, 0x5d7b, 0x5d7b, 
  0x5d7b, 0x8c4a, 0x8c4a, 0x6a62, 0x6a62, 0x8c4a, 0x8c4a, 0x8c4a, 0x8c4a, 0x8c4a, 0x8c4a, 0x5d7b, 
  0x5d7b, 0x5d7b, 0x5d7b, 0xdbde, 0xdbde, 0xdbde, 0xdbde, 0xdbde, 0xdbde, 0xdbde, 0xdbde, 0xdbde, 
  0xdbde, 0xdbde, 0xdbde, 0xdbde, 0xdbde, 0xdbde, 0xdbde, 0xdbde, 0xdbde, 0xdbde, 0xdbde, 0xdbde, 
  0xdbde, 0x14a5, 0x4529, 0x8a52, 0x2c63, 0xa631, 0x4529, 0xf7bd, 0xdbde, 0xcf7b, 0x0842, 0xdbde, 
  0xdbde, 0xdbde, 0xef7b, 0x8631, 0x79ce, 0x694a, 0x0842, 0x4529, 0x8631, 0xaa52, 0x8a52, 0x18c6, 
  0x4d6b, 0x8631, 0x518c, 0x1084, 0x4529, 0xef7b, 0xdbde, 0xe318, 0x518c, 0xdbde, 0xdbde, 0xdbde, 
  0xe318, 0x9294, 0x718c, 0x0842, 0x2842, 0x8210, 0xaa52, 0x8a52, 0xef7b, 0xdbde, 0xdbde, 0xdbde, 
  0x2421, 0xef7b, 0xdbde, 0xdbde, 0xdbde, 0xe739, 0x9294, 0xdbde, 0x4d6b, 0x4529, 0x4d6b, 0x8a52, 
  0x2421, 0x0c63, 0xdbde, 0xdbde, 0xa631, 0xef7b, 0xdbde, 0xdbde, 0xdbde, 0x55ad, 0xe739, 0x0842, 
  0x8210, 0x8a52, 0xeb5a, 0x4d6b, 0xdbde, 0xdbde, 0x18c6, 0x4529, 0xc318, 0x79ce, 0xdbde, 0xdbde, 
  0xdbde, 0x1084, 0x6529, 0x4d6b, 0xcf7b, 0x4529, 0x694a, 0xdbde, 0xdbde, 0x0421, 0x2c63, 0x1084, 
  0xef7b, 0x4d6b, 0x18c6, 0xdbde, 0xdbde, 0xdbde, 0xdbde, 0xdbde, 0xdbde, 0xdbde, 0xdbde, 0xdbde, 
  0xdbde, 0xdbde, 0xdbde, 0xdbde, 0xdbde, 0xdbde, 0xdbde, 0xdbde, 0xdbde, 0xdbde, 0x5d7b, 0x5d7b, 
  0x5d7b, 0x5d7b, 0x8c4a, 0x8c4a, 0x8c4a, 0x8c4a, 0x8c4a, 0x8c4a, 0x8c4a, 0x8c4a, 0x8c4a, 0x8c4a, 
  0x8c4a, 0x8c4a, 0x8c4a, 0x8c4a, 0x8c4a, 0x8c4a, 0x5d7b, 0x5d7b, 0x5d7b, 0x5d7b, 0xdbde, 0xdbde, 
  0xdbde, 0xdbde, 0xdbde, 0xdbde, 0xdbde, 0xdbde, 0xdbde, 0xdbde, 0xdbde, 0xdbde, 0xdbde, 0xdbde, 
  0xdbde, 0xdbde, 0xdbde, 0xdbde, 0xdbde, 0xdbde, 0xdbde, 0xdbde, 0xdbde, 0xdbde, 0xdbde, 0xdbde, 
  0xdbde, 0xdbde, 0xdbde, 0xdbde, 0xdbde, 0xdbde, 0xdbde, 0xdbde, 0xdbde, 0xdbde, 0xdbde, 0xdbde, 
  0xdbde, 0xdbde, 0xdbde, 0xdbde, 0xdbde, 0xdbde, 0xdbde, 0xdbde, 0xdbde, 0xdbde, 0xdbde, 0xdbde, 
  0xdbde, 0xdbde, 0xdbde, 0xdbde, 0xdbde, 0xdbde, 0xdbde, 0xdbde, 0xdbde, 0xdbde, 0xdbde, 0xdbde, 
  0xdbde, 0xdbde, 0xdbde, 0xdbde, 0xdbde, 0xdbde, 0xdbde, 0xdbde, 0xdbde, 0xdbde, 0xdbde, 0xdbde, 
  0xdbde, 0xdbde, 0xdbde, 0xdbde, 0xdbde, 0xdbde, 0xdbde, 0xdbde, 0xdbde, 0xdbde, 0xdbde, 0xdbde, 
  0xdbde, 0xdbde, 0xdbde, 0xdbde, 0xdbde, 0xdbde, 0xdbde, 0xdbde, 0xdbde, 0xdbde, 0xdbde, 0xdbde, 
  0xdbde, 0xdbde, 0xdbde, 0xdbde, 0xdbde, 0xdbde, 0xdbde, 0xdbde, 0xdbde, 0xdbde, 0xdbde, 0xdbde, 
  0xdbde, 0xdbde, 0xdbde, 0xdbde, 0xdbde, 0xdbde, 0xdbde, 0xdbde, 0xdbde, 0xdbde, 0xdbde, 0xdbde, 
  0xdbde, 0xdbde, 0xdbde, 0xdbde, 0xdbde, 0xdbde, 0xdbde, 0xdbde, 0xdbde, 0xdbde, 0xdbde, 0xdbde, 
  0xdbde, 0xdbde, 0xdbde, 0xdbde, 0xdbde, 0x5d7b, 0x5d7b, 0x5d7b, 0x5d7b, 0x8c4a, 0x8c4a, 0x6a62, 
  0x6a62, 0x8c4a, 0x8c4a, 0x8c4a, 0x8c4a, 0x8c4a, 0x8c4a, 0x5d7b, 0x5d7b, 0x5d7b, 0x5d7b, 0xdbde, 
  0xdbde, 0xdbde, 0xdbde, 0xdbde, 0xdbde, 0xdbde, 0xdbde, 0xdbde, 0xdbde, 0xdbde, 0xdbde, 0xdbde, 
  0xdbde, 0xdbde, 0xdbde, 0xdbde, 0xdbde, 0xdbde, 0xdbde, 0xdbde, 0xdbde, 0xa631, 0xcf7b, 0xdbde, 
  0xdbde, 0xdbde, 0x2842, 0x0842, 0xdbde, 0xae73, 0x8a52, 0xdbde, 0xdbde, 0xdbde, 0x518c, 0x8631, 
  0xdbde, 0xdbde, 0xdbde, 0x0c63, 0x0c63, 0xdbde, 0xdbde, 0xdbde, 0x2c63, 0x0c63, 0xdbde, 0xdbde, 
  0xf39c, 0x4529, 0xdbde, 0xe318, 0xb294, 0xdbde, 0xdbde, 0xdbde, 0x8631, 0xb294, 0xdbde, 0xdbde, 
  0xf7bd, 0xe318, 0x18c6, 0xdbde, 0xdbde, 0xdbde, 0xdbde, 0xdbde, 0x0c63, 0xc739, 0xdbde, 0xdbde, 
  0xb294, 0xe739, 0xdbde, 0xb294, 0xc318, 0x18c6, 0xdbde, 0xdbde, 0xf7bd, 0xc318, 0x34a5, 0xdbde, 
  0xe739, 0x8e73, 0xdbde, 0xdbde, 0xdbde, 0xdbde, 0xdbde, 0xdbde, 0x8210, 0x75ad, 0xdbde, 0xdbde, 
  0xdbde, 0xdbde, 0x2c63, 0x0c63, 0x494a, 0xef7b, 0xdbde, 0xdbde, 0x18c6, 0x0421, 0xb6b5, 0xdbde, 
  0xdbde, 0xdbde, 0xb6b5, 0xdbde, 0x18c6, 0xe318, 0x79ce, 0xdbde, 0xdbde, 0xdbde, 0xdbde, 0xdbde, 
  0xdbde, 0xdbde, 0xdbde, 0xdbde, 0xdbde, 0xdbde, 0xdbde, 0xdbde, 0xdbde, 0xdbde, 0xdbde, 0xdbde, 
  0xdbde, 0xdbde, 0xdbde, 0xdbde, 0xdbde, 0xdbde, 0x5d7b, 0x5d7b, 0x5d7b, 0x5d7b, 0x8c4a, 0x8c4a, 
  0x8c4a, 0x8c4a, 0x8c4a, 0x8c4a, 0x8c4a, 0x8c4a, 0x8c4a, 0x8c4a, 0x8c4a, 0x8c4a, 0x8c4a, 0x8c4a, 
  0x8c4a, 0x8c4a, 0x5d7b, 0x5d7b, 0x5d7b, 0x5d7b, 0xdbde, 0xdbde, 0xdbde, 0xdbde, 0xdbde, 0xdbde, 
  0xdbde, 0xdbde, 0xdbde, 0xdbde, 0xdbde, 0xdbde, 0xdbde, 0xdbde, 0xdbde, 0xdbde, 0xdbde, 0xdbde, 
  0xdbde, 0xdbde, 0xdbde, 0xdbde, 0xdbde, 0xdbde, 0xdbde, 0xdbde, 0xdbde, 0xdbde, 0xdbde, 0xdbde, 
  0xdbde, 0xdbde, 0xdbde, 0xdbde, 0xdbde, 0xdbde, 0xdbde, 0xdbde, 0xdbde, 0xdbde, 0xdbde, 0xdbde, 
  0xdbde, 0xdbde, 0xdbde, 0xdbde, 0xdbde, 0xdbde, 0xdbde, 0xdbde, 0xdbde, 0xdbde, 0xdbde, 0xdbde, 
  0xdbde, 0xdbde, 0xdbde, 0xdbde, 0xdbde, 0xdbde, 0xdbde, 0xdbde, 0xdbde, 0xdbde, 0xdbde, 0xdbde, 
  0xdbde, 0xdbde, 0xdbde, 0xdbde, 0xdbde, 0xdbde, 0xdbde, 0xdbde, 0xdbde, 0xdbde, 0xdbde, 0xdbde, 
  0xdbde, 0xdbde, 0xdbde, 0xdbde, 0xdbde, 0xdbde, 0xdbde, 0xdbde, 0xdbde, 0xdbde, 0xdbde, 0xdbde, 
  0xdbde, 0xdbde, 0xdbde, 0xdbde, 0xdbde, 0xdbde, 0xdbde, 0xdbde, 0xdbde, 0xdbde, 0xdbde, 0xdbde, 
  0xdbde, 0xdbde, 0xdbde, 0xdbde, 0xdbde, 0xdbde, 0xdbde, 0xdbde, 0xdbde, 0xdbde, 0xdbde, 0xdbde, 
  0xdbde, 0xdbde, 0xdbde, 0xdbde, 0xdbde, 0xdbde, 0xdbde, 0xdbde, 0xdbde, 0xdbde, 0xdbde, 0xdbde, 
  0xdbde, 0xdbde, 0xdbde, 0xdbde, 0xdbde, 0xdbde, 0xdbde, 0xdbde, 0xdbde, 0xdbde, 0xdbde, 0xdbde, 
  0xdbde, 0x5d7b, 0x5d7b, 0x5d7b, 0x5d7b, 0x8c4a, 0x8c4a, 0x6a62, 0x6a62, 0x8c4a, 0x8c4a, 0x8c4a, 
  0x8c4a, 0x8c4a, 0x8c4a, 0x5d7b, 0x5d7b, 0x5d7b, 0x5d7b, 0xdbde, 0xdbde, 0xdbde, 0xdbde, 0xdbde, 
  0xdbde, 0xdbde, 0xdbde, 0xdbde, 0xdbde, 0xdbde, 0xdbde, 0xdbde, 0xdbde, 0xdbde, 0xdbde, 0xdbde, 
  0xdbde, 0xdbde, 0xdbde, 0xdbde, 0x75ad, 0xe318, 0x79ce, 0xdbde, 0xdbde, 0xdbde, 0xd39c, 0xa210, 
  0xdbde, 0x8e73, 0x694a, 0xdbde, 0xdbde, 0xdbde, 0xb294, 0x4529, 0xdbde, 0xdbde, 0xdbde, 0x4d6b, 
  0x0c63, 0xdbde, 0xdbde, 0xdbde, 0x4d6b, 0xeb5a, 0xdbde, 0xdbde, 0x8e73, 0x2842, 0xdbde, 0x0421, 
  0xb294, 0xdbde, 0xdbde, 0xdbde, 0x8631, 0x9294, 0xdbde, 0xdbde, 0x18c6, 0xe318, 0x18c6, 0xdbde, 
  0xdbde, 0xdbde, 0xdbde, 0xdbde, 0x34a5, 0x8210, 0x79ce, 0xdbde, 0x8a52, 0x4d6b, 0xdbde, 0x8a52, 
  0x0c63, 0xdbde, 0xdbde, 0xdbde, 0xdbde, 0xeb5a, 0x2c63, 0xdbde, 0xcb5a, 0xeb5a, 0xdbde, 0xdbde, 
  0xdbde, 0xdbde, 0xdbde, 0xdbde, 0xa210, 0x75ad, 0xdbde, 0xdbde, 0xdbde, 0x18c6, 0xe318, 0x18c6, 
  0xef7b, 0x0842, 0xdbde, 0xdbde, 0x8e73, 0x8a52, 0xdbde, 0xdbde, 0x75ad, 0x55ad, 0x34a5, 0xdbde, 
  0x75ad, 0xe318, 0x718c, 0x718c, 0xef7b, 0xb6b5, 0xdbde, 0xdbde, 0xdbde, 0xdbde, 0xdbde, 0xdbde, 
  0xdbde, 0xdbde, 0xdbde, 0xdbde, 0xdbde, 0xdbde, 0xdbde, 0xdbde, 0xdbde, 0xdbde, 0xdbde, 0xdbde, 
  0xdbde, 0xdbde, 0x5d7b, 0x5d7b, 0x5d7b, 0x5d7b, 0x8c4a, 0x8c4a, 0x8c4a, 0x8c4a, 0x8c4a, 0x8c4a, 
  0x8c4a, 0x8c4a, 0x8c4a, 0x8c4a, 0x8c4a, 0x8c4a, 0x8c4a, 0x8c4a, 0x8c4a, 0x8c4a, 0x5d7b, 0x5d7b, 
  0x5d7b, 0x5d7b, 0xdbde, 0xdbde, 0xdbde, 0xdbde, 0xdbde, 0xdbde, 0xdbde, 0xdbde, 0xdbde, 0xdbde, 
  0xdbde, 0xdbde, 0xdbde, 0xdbde, 0xdbde, 0xdbde, 0xdbde, 0xdbde, 0xdbde, 0xdbde, 0xdbde, 0xdbde, 
  0xdbde, 0x18c6, 0x1084, 0x4d6b, 0x518c, 0x18c6, 0xdbde, 0xdbde, 0x75ad, 0x518c, 0xdbde, 0xdbde, 
  0xdbde, 0xb6b5, 0x1084, 0x18c6, 0x1084, 0x1084, 0x1084, 0x1084, 0x1084, 0xb294, 0x79ce, 0xb6b5, 
  0x518c, 0x4d6b, 0xae73, 0xb294, 0xdbde, 0xdbde, 0x1084, 0x18c6, 0xdbde, 0xdbde, 0xdbde, 0x518c, 
  0xb6b5, 0x14a5, 0x1084, 0x1084, 0x1084, 0x1084, 0x1084, 0xd7bd, 0xdbde, 0xdbde, 0xdbde, 0xdbde, 
  0x79ce, 0x518c, 0x4d6b, 0x4d6b, 0xb294, 0xdbde, 0xdbde, 0x518c, 0xb6b5, 0xdbde, 0xdbde, 0xdbde, 
  0xb294, 0xb6b5, 0xdbde, 0x14a5, 0x1084, 0x1084, 0x1084, 0x75ad, 0xdbde, 0xdbde, 0xb6b5, 0x1084, 
  0x4d6b, 0xae73, 0x518c, 0x18c6, 0xdbde, 0xdbde, 0xb6b5, 0x4d6b, 0x4d6b, 0x4d6b, 0xae73, 0x18c6, 
  0x18c6, 0xae73, 0x79ce, 0xdbde, 0xdbde, 0x18c6, 0xae73, 0x79ce, 0xb294, 0x1084, 0x1084, 0x1084, 
  0x1084, 0x1084, 0x18c6, 0xdbde, 0xdbde, 0xdbde, 0xdbde, 0xdbde, 0xdbde, 0xdbde, 0xdbde, 0xdbde, 
  0xdbde, 0xdbde, 0xdbde, 0xdbde, 0xdbde, 0xdbde, 0xdbde, 0xdbde, 0xdbde, 0x5d7b, 0x5d7b, 0x5d7b, 
  0x5d7b, 0x8c4a, 0x8c4a, 0x6a62, 0x6a62, 0x8c4a, 0x8c4a, 0x8c4a, 0x8c4a, 0x8c4a, 0x8c4a, 0x5d7b, 
  0x5d7b, 0x5d7b, 0x5d7b, 0xdbde, 0xdbde, 0xdbde, 0xdbde, 0xdbde, 0xdbde, 0xdbde, 0xdbde, 0xdbde, 
  0xdbde, 0xdbde, 0xdbde, 0xdbde, 0xdbde, 0xdbde, 0xdbde, 0xdbde, 0xdbde, 0xdbde, 0xdbde, 0xdbde, 
  0x9294, 0x8631, 0xdbde, 0xdbde, 0xdbde, 0xdbde, 0xb6b5, 0xa210, 0x18c6, 0x718c, 0x8631, 0xdbde, 
  0xdbde, 0xdbde, 0xb294, 0xa631, 0xdbde, 0xdbde, 0xdbde, 0x4d6b, 0x0c63, 0xdbde, 0xdbde, 0xdbde, 
  0x4d6b, 0x2421, 0x0842, 0x0842, 0x6529, 0x14a5, 0xdbde, 0xc739, 0x1084, 0xdbde, 0xdbde, 0xdbde, 
  0xc739, 0xb294, 0xdbde, 0xdbde, 0x18c6, 0xc318, 0x18c6, 0xdbde, 0xdbde, 0xdbde, 0xdbde, 0xdbde, 
  0xdbde, 0x6529, 0xae73, 0x18c6, 0x2421, 0x18c6, 0xdbde, 0x494a, 0xcf7b, 0xdbde, 0xdbde, 0xdbde, 
  0xdbde, 0x2c63, 0xeb5a, 0xdbde, 0x4d6b, 0xcb5a, 0xdbde, 0xdbde, 0xdbde, 0xdbde, 0xdbde, 0xdbde, 
  0xa210, 0x55ad, 0xdbde, 0xdbde, 0xdbde, 0x4d6b, 0x2c63, 0xdbde, 0x79ce, 0xc318, 0x34a5, 0xdbde, 
  0xeb5a, 0x2c63, 0xdbde, 0x79ce, 0x494a, 0x0842, 0xe318, 0xd39c, 0x75ad, 0xc318, 0x0c63, 0x2c63, 
  0xae73, 0x18c6, 0xdbde, 0xdbde, 0xdbde, 0xdbde, 0xdbde, 0xdbde, 0xdbde, 0xdbde, 0xdbde, 0xdbde, 
  0xdbde, 0xdbde, 0xdbde, 0xdbde, 0xdbde, 0xdbde, 0xdbde, 0xdbde, 0xdbde, 0xdbde, 0x5d7b, 0x5d7b, 
  0x5d7b, 0x5d7b, 0x8c4a, 0x8c4a, 0x8c4a, 0x8c4a, 0x8c4a, 0x8c4a, 0x8c4a, 0x8c4a, 0x8c4a, 0x8c4a, 
  0x8c4a, 0x8c4a, 0x8c4a, 0x8c4a, 0x8c4a, 0x8c4a, 0x5d7b, 0x5d7b, 0x5d7b, 0x5d7b, 0xdbde, 0xdbde, 
  0xdbde, 0xdbde, 0xdbde, 0xdbde, 0xdbde, 0xdbde, 0xdbde, 0xdbde, 0xdbde, 0xdbde, 0xdbde, 0xdbde, 
  0xdbde, 0xdbde, 0xdbde, 0xdbde, 0xdbde, 0xdbde, 0xdbde, 0xdbde, 0x14a5, 0x8631, 0x8a52, 0x4d6b, 
  0x494a, 0xe739, 0x18c6, 0xdbde, 0x1084, 0x494a, 0xdbde, 0xdbde, 0xdbde, 0x1084, 0xe739, 0x79ce, 
  0xeb5a, 0x8a52, 0xe739, 0xe739, 0xeb5a, 0x8a52, 0x18c6, 0x4d6b, 0xe739, 0x518c, 0x518c, 0xe739, 
  0x518c, 0xdbde, 0x2421, 0xb294, 0xdbde, 0xdbde, 0xdbde, 0x2421, 0xb294, 0xb294, 0x8a52, 0x8a52, 
  0x2421, 0xeb5a, 0x8a52, 0xef7b, 0xdbde, 0xdbde, 0xdbde, 0xdbde, 0xe739, 0x8631, 0xae73, 0x1084, 
  0x8631, 0x518c, 0xdbde, 0xe739, 0x518c, 0xdbde, 0xdbde, 0xdbde, 0xe739, 0x1084, 0xdbde, 0x494a, 
  0x8a52, 0x1084, 0xae73, 0xe739, 0x1084, 0xdbde, 0x518c, 0x2421, 0xae73, 0x1084, 0x4d6b, 0x2421, 
  0x75ad, 0xdbde, 0x8a52, 0xeb5a, 0x1084, 0x1084, 0x4d6b, 0x18c6, 0x75ad, 0x2421, 0xae73, 0xdbde, 
  0xdbde, 0x75ad, 0x2421, 0xdbde, 0xae73, 0x8a52, 0x494a, 0x8631, 0x4d6b, 0x8a52, 0x14a5, 0xdbde, 
  0xdbde, 0xdbde, 0xdbde, 0xdbde, 0xdbde, 0xdbde, 0xdbde, 0xdbde, 0xdbde, 0xdbde, 0xdbde, 0xdbde, 
  0xdbde, 0xdbde, 0xdbde, 0xdbde, 0xdbde, 0x5d7b, 0x5d7b, 0x5d7b, 0x5d7b, 0x8c4a, 0x8c4a, 0x6a62, 
  0x6a62, 0x8c4a, 0x8c4a, 0x8c4a, 0x8c4a, 0x8c4a, 0x8c4a, 0x5d7b, 0x5d7b, 0x5d7b, 0x5d7b, 0xdbde, 
  0xdbde, 0xdbde, 0xdbde, 0xdbde, 0xdbde, 0xdbde, 0xdbde, 0xdbde, 0xdbde, 0xdbde, 0xdbde, 0xdbde, 
  0xdbde, 0xdbde, 0xdbde, 0xdbde, 0xdbde, 0xdbde, 0xdbde, 0xdbde, 0x34a5, 0x8210, 0xf7bd, 0xdbde, 
  0xdbde, 0xdbde, 0xb294, 0xe739, 0xdbde, 0x34a5, 0xa210, 0x79ce, 0xdbde, 0xdbde, 0x8e73, 0x2842, 
  0xdbde, 0xdbde, 0xdbde, 0x4d6b, 0xeb5a, 0xdbde, 0xdbde, 0xdbde, 0x2c63, 0x694a, 0x75ad, 0x75ad, 
  0x79ce, 0xdbde, 0xdbde, 0x0c63, 0xe739, 0xdbde, 0xdbde, 0x18c6, 0x2421, 0x14a5, 0xdbde, 0xdbde, 
  0x18c6, 0xa210, 0x18c6, 0xdbde, 0xdbde, 0xdbde, 0xdbde, 0xdbde, 0xdbde, 0xae73, 0x0842, 0xae73, 
  0x2842, 0xdbde, 0xdbde, 0xcb5a, 0xcb5a, 0xdbde, 0xdbde, 0xdbde, 0xdbde, 0xc739, 0xb294, 0xdbde, 
  0x8a52, 0x0c63, 0xdbde, 0xdbde, 0xdbde, 0xdbde, 0xdbde, 0xdbde, 0x0421, 0xf39c, 0xdbde, 0xdbde, 
  0xdbde, 0xa631, 0x2421, 0xa210, 0xc318, 0x6529, 0x2c63, 0xdbde, 0x8e73, 0x2842, 0xdbde, 0xdbde, 
  0xdbde, 0xdbde, 0x6529, 0xf39c, 0x55ad, 0xa210, 0xdbde, 0xdbde, 0xdbde, 0xdbde, 0xdbde, 0xdbde, 
  0xdbde, 0xdbde, 0xdbde, 0xdbde, 0xdbde, 0xdbde, 0xdbde, 0xdbde, 0xdbde, 0xdbde, 0xdbde, 0xdbde, 
  0xdbde, 0xdbde, 0xdbde, 0xdbde, 0xdbde, 0xdbde, 0x5d7b, 0x5d7b, 0x5d7b, 0x5d7b, 0x8c4a, 0x8c4a, 
  0x8c4a, 0x8c4a, 0x8c4a, 0x8c4a, 0x8c4a, 0x8c4a, 0x8c4a, 0x8c4a, 0x8c4a, 0x8c4a, 0x8c4a, 0x8c4a, 
  0x8c4a, 0x8c4a, 0x5d7b, 0x5d7b, 0x5d7b, 0x5d7b, 0xdbde, 0xdbde, 0xdbde, 0xdbde, 0xdbde, 0xdbde, 
  0xdbde, 0xdbde, 0xdbde, 0xdbde, 0xdbde, 0xdbde, 0xdbde, 0xdbde, 0xdbde, 0xdbde, 0xdbde, 0xdbde, 
  0xdbde, 0xdbde, 0xdbde, 0xdbde, 0xe739, 0xef7b, 0xdbde, 0xdbde, 0xdbde, 0xeb5a, 0x8a52, 0xdbde, 
  0x1084, 0x8a52, 0xdbde, 0xdbde, 0xdbde, 0x518c, 0xe739, 0xdbde, 0xdbde, 0xdbde, 0x4d6b, 0x4d6b, 
  0xdbde, 0xdbde, 0xdbde, 0x4d6b, 0x4d6b, 0xdbde, 0xdbde, 0x14a5, 0x8631, 0xdbde, 0x2421, 0xb294, 
  0xdbde, 0xdbde, 0xdbde, 0xe739, 0xb294, 0xdbde, 0xdbde, 0x18c6, 0x2421, 0x18c6, 0xdbde, 0xdbde, 
  0xdbde, 0xdbde, 0xdbde, 0xb294, 0xe739, 0x79ce, 0xdbde, 0xdbde, 0x18c6, 0xb6b5, 0xdbde, 0xe739, 
  0xb294, 0xdbde, 0xdbde, 0xdbde, 0x494a, 0x1084, 0xdbde, 0x8a52, 0x1084, 0xdbde, 0xdbde, 0x14a5, 
  0x2421, 0xdbde, 0x18c6, 0x2421, 0x18c6, 0xdbde, 0xdbde, 0xeb5a, 0x4d6b, 0xdbde, 0xe739, 0x14a5, 
  0xdbde, 0xdbde, 0xdbde, 0xdbde, 0x75ad, 0x2421, 0x8631, 0x518c, 0xdbde, 0x75ad, 0x2421, 0xdbde, 
  0xdbde, 0xdbde, 0xb294, 0xe739, 0xdbde, 0xdbde, 0xdbde, 0xdbde, 0xdbde, 0xdbde, 0xdbde, 0xdbde, 
  0xdbde, 0xdbde, 0xdbde, 0xdbde, 0xdbde, 0xdbde, 0xdbde, 0xdbde, 0xdbde, 0xdbde, 0xdbde, 0xdbde, 
  0xdbde, 0x5d7b, 0x5d7b, 0x5d7b, 0x5d7b, 0x8c4a, 0x8c4a, 0x6a62, 0x6a62, 0x8c4a, 0x8c4a, 0x8c4a, 
  0x8c4a, 0x8c4a, 0x8c4a, 0x5d7b, 0x5d7b, 0x5d7b, 0x5d7b, 0xdbde, 0xdbde, 0xdbde, 0xdbde, 0xdbde, 
  0xdbde, 0xdbde, 0xdbde, 0xdbde, 0xdbde, 0xdbde, 0xdbde, 0xdbde, 0xdbde, 0xdbde, 0xdbde, 0xdbde, 
  0xdbde, 0xdbde, 0xdbde, 0xdbde, 0xdbde, 0xc739, 0x0421, 0x55ad, 0x18c6, 0x1084, 0x8631, 0x518c, 
  0xdbde, 0xdbde, 0x4529, 0x8631, 0xb6b5, 0x55ad, 0xe739, 0x518c, 0xdbde, 0xdbde, 0xdbde, 0x0c63, 
  0x0c63, 0xdbde, 0xdbde, 0xdbde, 0x694a, 0x2c63, 0xdbde, 0xdbde, 0xdbde, 0xdbde, 0xdbde, 0x34a5, 
  0x6108, 0xae73, 0x18c6, 0x8a52, 0xe739, 0xdbde, 0xdbde, 0xdbde, 0xdbde, 0xc318, 0x75ad, 0xdbde, 
  0xdbde, 0xdbde, 0xdbde, 0xdbde, 0xdbde, 0x79ce, 0x0421, 0x4529, 0xb294, 0xdbde, 0xdbde, 0x96b5, 
  0x4108, 0x2c63, 0xb6b5, 0x75ad, 0xeb5a, 0xe739, 0x18c6, 0xdbde, 0x494a, 0xeb5a, 0x18c6, 0x55ad, 
  0x34a5, 0xdbde, 0xdbde, 0xdbde, 0x8631, 0xb294, 0xdbde, 0xdbde, 0xb294, 0xa631, 0xdbde, 0xdbde, 
  0xdbde, 0x34a5, 0xa210, 0x79ce, 0x79ce, 0x4529, 0xae73, 0xf7bd, 0x79ce, 0xae73, 0xe739, 0xdbde, 
  0x79ce, 0x8210, 0x1084, 0x18c6, 0xd7bd, 0x518c, 0x79ce, 0xdbde, 0xdbde, 0xdbde, 0xdbde, 0xdbde, 
  0xdbde, 0xdbde, 0xdbde, 0xdbde, 0xdbde, 0xdbde, 0xdbde, 0xdbde, 0xdbde, 0xdbde, 0xdbde, 0xdbde, 
  0xdbde, 0xdbde, 0x5d7b, 0x5d7b, 0x5d7b, 0x5d7b, 0x8c4a, 0x8c4a, 0x8c4a, 0x8c4a, 0x8c4a, 0x8c4a, 
  0x8c4a, 0x8c4a, 0x8c4a, 0x8c4a, 0x8c4a, 0x8c4a, 0x8c4a, 0x8c4a, 0x8c4a, 0x8c4a, 0x5d7b, 0x5d7b, 
  0x5d7b, 0x5d7b, 0xdbde, 0xdbde, 0xdbde, 0xdbde, 0xdbde, 0xdbde, 0xdbde, 0xdbde, 0xdbde, 0xdbde, 
  0xdbde, 0xdbde, 0xdbde, 0xdbde, 0xdbde, 0xdbde, 0xdbde, 0xdbde, 0xdbde, 0xdbde, 0xdbde, 0x75ad, 
  0x2421, 0x79ce, 0xdbde, 0xdbde, 0xdbde, 0x14a5, 0x8631, 0xdbde, 0x1084, 0x8a52, 0xdbde, 0xdbde, 
  0xdbde, 0xb294, 0xe739, 0xdbde, 0xdbde, 0xdbde, 0x4d6b, 0x4d6b, 0xdbde, 0xdbde, 0xdbde, 0x4d6b, 
  0x4d6b, 0xdbde, 0xdbde, 0xae73, 0x494a, 0xdbde, 0x8631, 0xb294, 0xdbde, 0xdbde, 0xdbde, 0xe739, 
  0xb294, 0xdbde, 0xdbde, 0x18c6, 0x2421, 0x18c6, 0xdbde, 0xdbde, 0xdbde, 0xdbde, 0xdbde, 0xeb5a, 
  0x4d6b, 0xdbde, 0xdbde, 0xdbde, 0xdbde, 0xdbde, 0xdbde, 0xe739, 0x518c, 0xdbde, 0xdbde, 0xdbde, 
  0x8a52, 0x1084, 0xdbde, 0x8a52, 0x1084, 0xdbde, 0xdbde, 0x1084, 0xe739, 0xdbde, 0x18c6, 0x2421, 
  0xdbde, 0xdbde, 0x75ad, 0xe739, 0x518c, 0xdbde, 0x2421, 0xae73, 0xb294, 0xb294, 0x75ad, 0xdbde, 
  0x18c6, 0x2421, 0xb294, 0x8631, 0x18c6, 0x75ad, 0x2421, 0xdbde, 0xdbde, 0xdbde, 0xb294, 0xe739, 
  0xdbde, 0xdbde, 0xdbde, 0xdbde, 0xdbde, 0xdbde, 0xdbde, 0xdbde, 0xdbde, 0xdbde, 0xdbde, 0xdbde, 
  0xdbde, 0xdbde, 0xdbde, 0xdbde, 0xdbde, 0xdbde, 0xdbde, 0xdbde, 0xdbde, 0x5d7b, 0x5d7b, 0x5d7b, 
  0x5d7b, 0x8c4a, 0x8c4a, 0x6a62, 0x6a62, 0x8c4a, 0x8c4a, 0x8c4a, 0x8c4a, 0x8c4a, 0x8c4a, 0x5d7b, 
  0x5d7b, 0x5d7b, 0x5d7b, 0xdbde, 0xdbde, 0xdbde, 0xdbde, 0xdbde, 0xdbde, 0xdbde, 0xdbde, 0xdbde, 
  0xdbde, 0xdbde, 0xdbde, 0xdbde, 0xdbde, 0xdbde, 0xdbde, 0xdbde, 0xdbde, 0xdbde, 0xdbde, 0xdbde, 
  0xdbde, 0x79ce, 0xaa52, 0x4529, 0xc318, 0x8a52, 0x14a5, 0xdbde, 0xdbde, 0xdbde, 0xf7bd, 0x8631, 
  0xc318, 0x6529, 0x518c, 0xdbde, 0xdbde, 0xdbde, 0xdbde, 0xcf7b, 0x8a52, 0xdbde, 0xdbde, 0xdbde, 
  0x694a, 0x1084, 0xdbde, 0xdbde, 0xdbde, 0xdbde, 0xdbde, 0xdbde, 0xb294, 0x4529, 0x0421, 0x8a52, 
  0x18c6, 0xdbde, 0xdbde, 0xdbde, 0xdbde, 0x4529, 0x75ad, 0xdbde, 0xdbde, 0xdbde, 0xdbde, 0xdbde, 
  0xdbde, 0xdbde, 0xef7b, 0x6529, 0x18c6, 0xdbde, 0xdbde, 0xdbde, 0x96b5, 0xe739, 0xa210, 0x6529, 
  0xae73, 0x18c6, 0xdbde, 0xdbde, 0x0c63, 0xe318, 0x6529, 0x6529, 0x2421, 0xb6b5, 0xdbde, 0xdbde, 
  0xc739, 0x14a5, 0xdbde, 0xdbde, 0x8a52, 0x4d6b, 0xdbde, 0xdbde, 0xdbde, 0xdbde, 0x2842, 0x518c, 
  0xdbde, 0xf7bd, 0x2842, 0xa210, 0x0421, 0x8a52, 0xb6b5, 0xdbde, 0xdbde, 0x6d6b, 0xe318, 0xc318, 
  0x4529, 0x8a52, 0x18c6, 0xdbde, 0xdbde, 0xdbde, 0xdbde, 0xdbde, 0xdbde, 0xdbde, 0xdbde, 0xdbde, 
  0xdbde, 0xdbde, 0xdbde, 0xdbde, 0xdbde, 0xdbde, 0xdbde, 0xdbde, 0xdbde, 0xdbde, 0x5d7b, 0x5d7b, 
  0x5d7b, 0x5d7b, 0x8c4a, 0x8c4a, 0x8c4a, 0x8c4a, 0x8c4a, 0x8c4a, 0x8c4a, 0x8c4a, 0x8c4a, 0x8c4a, 
  0x8c4a, 0x8c4a, 0x8c4a, 0x8c4a, 0x8c4a, 0x8c4a, 0x5d7b, 0x5d7b, 0x5d7b, 0x5d7b, 0xdbde, 0xdbde, 
  0xdbde, 0xdbde, 0xdbde, 0xdbde, 0xdbde, 0xdbde, 0xdbde, 0xdbde, 0xdbde, 0xdbde, 0xdbde, 0xdbde, 
  0xdbde, 0xdbde, 0xdbde, 0xdbde, 0xdbde, 0xdbde, 0xdbde, 0xb294, 0xe739, 0xdbde, 0xdbde, 0xdbde, 
  0xdbde, 0xb6b5, 0x2421, 0x18c6, 0xb294, 0xe739, 0xdbde, 0xdbde, 0xdbde, 0xb294, 0xe739, 0xdbde, 
  0xdbde, 0xdbde, 0x4d6b, 0x4d6b, 0xdbde, 0xdbde, 0xdbde, 0x4d6b, 0x8631, 0x8a52, 0x494a, 0x8631, 
  0x14a5, 0xdbde, 0x494a, 0x518c, 0xdbde, 0xdbde, 0xdbde, 0xe739, 0xb294, 0xdbde, 0xdbde, 0x18c6, 
  0x2421, 0x18c6, 0xdbde, 0xdbde, 0xdbde, 0xdbde, 0xdbde, 0x8a52, 0x1084, 0xdbde, 0xdbde, 0xdbde, 
  0xdbde, 0xdbde, 0xdbde, 0xeb5a, 0xae73, 0xdbde, 0xdbde, 0xdbde, 0x8a52, 0x1084, 0xdbde, 0x8a52, 
  0x8631, 0xe739, 0x8631, 0x494a, 0x18c6, 0xdbde, 0x18c6, 0x2421, 0x8a52, 0x8631, 0x8631, 0x518c, 
  0xdbde, 0xdbde, 0x2421, 0x8a52, 0x8a52, 0x4d6b, 0xb294, 0xdbde, 0x18c6, 0x2421, 0x79ce, 0xeb5a, 
  0x8a52, 0x18c6, 0x2421, 0xdbde, 0xdbde, 0xdbde, 0xb294, 0xe739, 0xdbde, 0xdbde, 0xdbde, 0xdbde, 
  0xdbde, 0xdbde, 0xdbde, 0xdbde, 0xdbde, 0xdbde, 0xdbde, 0xdbde, 0xdbde, 0xdbde, 0xdbde, 0xdbde, 
  0xdbde, 0xdbde, 0xdbde, 0xdbde, 0xdbde, 0x5d7b, 0x5d7b, 0x5d7b, 0x5d7b, 0x8c4a, 0x8c4a, 0x6a62, 
  0x6a62, 0x8c4a, 0x8c4a, 0x8c4a, 0x8c4a, 0x8c4a, 0x8c4a, 0x5d7b, 0x5d7b, 0x5d7b, 0x5d7b, 0xdbde, 
  0xdbde, 0xdbde, 0xdbde, 0xdbde, 0xdbde, 0xdbde, 0xdbde, 0xdbde, 0xdbde, 0xdbde, 0xdbde, 0xdbde, 
  0xdbde, 0xdbde, 0xdbde, 0xdbde, 0xdbde, 0xdbde, 0xdbde, 0xdbde, 0xdbde, 0xdbde, 0xdbde, 0xdbde, 
  0xdbde, 0xdbde, 0xdbde, 0xdbde, 0xdbde, 0xdbde, 0xdbde, 0xdbde, 0xdbde, 0xdbde, 0xdbde, 0xdbde, 
  0xdbde, 0xdbde, 0xdbde, 0xdbde, 0xdbde, 0xdbde, 0xdbde, 0xdbde, 0xdbde, 0xdbde, 0xdbde, 0xdbde, 
  0xdbde, 0xdbde, 0xdbde, 0xdbde, 0xdbde, 0xdbde, 0xdbde, 0xdbde, 0xdbde, 0xdbde, 0xdbde, 0xdbde, 
  0xdbde, 0xdbde, 0xdbde, 0xdbde, 0xdbde, 0xdbde, 0xdbde, 0xdbde, 0xdbde, 0xdbde, 0xdbde, 0xdbde, 
  0xdbde, 0xdbde, 0xdbde, 0xdbde, 0xdbde, 0xdbde, 0xdbde, 0xdbde, 0xdbde, 0xdbde, 0xdbde, 0xdbde, 
  0xdbde, 0xdbde, 0xdbde, 0xdbde, 0xdbde, 0xdbde, 0xdbde, 0xdbde, 0xdbde, 0xdbde, 0xdbde, 0xdbde, 
  0xdbde, 0xdbde, 0xdbde, 0xdbde, 0xdbde, 0xdbde, 0xdbde, 0xdbde, 0xdbde, 0xdbde, 0xdbde, 0xdbde, 
  0xdbde, 0xdbde, 0xdbde, 0xdbde, 0xdbde, 0xdbde, 0xdbde, 0xdbde, 0xdbde, 0xdbde, 0xdbde, 0xdbde, 
  0xdbde, 0xdbde, 0xdbde, 0xdbde, 0xdbde, 0xdbde, 0xdbde, 0xdbde, 0xdbde, 0xdbde, 0xdbde, 0xdbde, 
  0xdbde, 0xdbde, 0xdbde, 0xdbde, 0xdbde, 0xdbde, 0x5d7b, 0x5d7b, 0x5d7b, 0x5d7b, 0x8c4a, 0x8c4a, 
  0x8c4a, 0x8c4a, 0x8c4a, 0x8c4a, 0x8c4a, 0x8c4a, 0x8c4a, 0x8c4a, 0x8c4a, 0x8c4a, 0x8c4a, 0x8c4a, 
  0x8c4a, 0x8c4a, 0x5d7b, 0x5d7b, 0x5d7b, 0x5d7b, 0xdbde, 0xdbde, 0xdbde, 0xdbde, 0xdbde, 0xdbde, 
  0xdbde, 0xdbde, 0xdbde, 0xdbde, 0xdbde, 0xdbde, 0xdbde, 0xdbde, 0xdbde, 0xdbde, 0xdbde, 0xdbde, 
  0xdbde, 0xdbde, 0xdbde, 0x75ad, 0x2421, 0x18c6, 0xdbde, 0xdbde, 0xdbde, 0xb294, 0xe739, 0xdbde, 
  0x75ad, 0x2421, 0x79ce, 0xdbde, 0xdbde, 0xae73, 0x494a, 0xdbde, 0xdbde, 0xdbde, 0x4d6b, 0x4d6b, 
  0xdbde, 0xdbde, 0xdbde, 0x4d6b, 0x8a52, 0x75ad, 0x75ad, 0x79ce, 0xdbde, 0xdbde, 0xae73, 0x8a52, 
  0xdbde, 0xdbde, 0x18c6, 0x2421, 0x14a5, 0xdbde, 0xdbde, 0x18c6, 0x2421, 0x18c6, 0xdbde, 0xdbde, 
  0xdbde, 0xdbde, 0xdbde, 0x4d6b, 0x8a52, 0xdbde, 0xdbde, 0xdbde, 0xdbde, 0x79ce, 0xdbde, 0x1084, 
  0x8a52, 0xdbde, 0xdbde, 0xdbde, 0x8631, 0xb294, 0xdbde, 0x8a52, 0xae73, 0x18c6, 0x518c, 0x8631, 
  0x79ce, 0xdbde, 0x18c6, 0x2421, 0xb294, 0x14a5, 0x8631, 0x79ce, 0xdbde, 0xdbde, 0x2421, 0x75ad, 
  0xdbde, 0xdbde, 0xdbde, 0xdbde, 0xb6b5, 0x2421, 0xdbde, 0x79ce, 0x8631, 0xae73, 0x2421, 0xdbde, 
  0xdbde, 0xdbde, 0xb294, 0xe739, 0xdbde, 0xdbde, 0xdbde, 0xdbde, 0xdbde, 0xdbde, 0xdbde, 0xdbde, 
  0xdbde, 0xdbde, 0xdbde, 0xdbde, 0xdbde, 0xdbde, 0xdbde, 0xdbde, 0xdbde, 0xdbde, 0xdbde, 0xdbde, 
  0xdbde, 0x5d7b, 0x5d7b, 0x5d7b, 0x5d7b, 0x8c4a, 0x8c4a, 0x6a62, 0x6a62, 0x8c4a, 0x8c4a, 0x8c4a, 
  0x8c4a, 0x8c4a, 0x8c4a, 0x5d7b, 0x5d7b, 0x5d7b, 0x5d7b, 0xdbde, 0xdbde, 0xdbde, 0xdbde, 0xdbde, 
  0xdbde, 0xdbde, 0xdbde, 0xdbde, 0xdbde, 0xdbde, 0xdbde, 0xdbde, 0xdbde, 0xdbde, 0xdbde, 0xdbde, 
  0xdbde, 0xdbde, 0xdbde, 0xdbde, 0xdbde, 0xdbde, 0xdbde, 0xdbde, 0xdbde, 0xdbde, 0xdbde, 0xdbde, 
  0xdbde, 0xdbde, 0xdbde, 0xdbde, 0xdbde, 0xdbde, 0xdbde, 0xdbde, 0xdbde, 0xdbde, 0xdbde, 0xdbde, 
  0xdbde, 0xdbde, 0xdbde, 0xdbde, 0xdbde, 0xdbde, 0xdbde, 0xdbde, 0xdbde, 0xdbde, 0xdbde, 0xdbde, 
  0xdbde, 0xdbde, 0xdbde, 0xdbde, 0xdbde, 0xdbde, 0xdbde, 0xdbde, 0xdbde, 0xdbde, 0xdbde, 0xdbde, 
  0xdbde, 0xdbde, 0xdbde, 0xdbde, 0xdbde, 0xdbde, 0xdbde, 0xdbde, 0xdbde, 0xdbde, 0xdbde, 0xdbde, 
  0xdbde, 0xdbde, 0xdbde, 0xdbde, 0xdbde, 0xdbde, 0xdbde, 0xdbde, 0xdbde, 0xdbde, 0xdbde, 0xdbde, 
  0xdbde, 0xdbde, 0xdbde, 0xdbde, 0xdbde, 0xdbde, 0xdbde, 0xdbde, 0xdbde, 0xdbde, 0xdbde, 0xdbde, 
  0xdbde, 0xdbde, 0xdbde, 0xdbde, 0xdbde, 0xdbde, 0xdbde, 0xdbde, 0xdbde, 0xdbde, 0xdbde, 0xdbde, 
  0xdbde, 0xdbde, 0xdbde, 0xdbde, 0xdbde, 0xdbde, 0xdbde, 0xdbde, 0xdbde, 0xdbde, 0xdbde, 0xdbde, 
  0xdbde, 0xdbde, 0xdbde, 0xdbde, 0xdbde, 0xdbde, 0xdbde, 0xdbde, 0xdbde, 0xdbde, 0xdbde, 0xdbde, 
  0xdbde, 0xdbde, 0x5d7b, 0x5d7b, 0x5d7b, 0x5d7b, 0x8c4a, 0x8c4a, 0x8c4a, 0x8c4a, 0x8c4a, 0x8c4a, 
  0x8c4a, 0x8c4a, 0x8c4a, 0x8c4a, 0x8c4a, 0x8c4a, 0x8c4a, 0x8c4a, 0x8c4a, 0x8c4a, 0x5d7b, 0x5d7b, 
  0x5d7b, 0x5d7b, 0xdbde, 0xdbde, 0xdbde, 0xdbde, 0xdbde, 0xdbde, 0xdbde, 0xdbde, 0xdbde, 0xdbde, 
  0xdbde, 0xdbde, 0xdbde, 0xdbde, 0xdbde, 0xdbde, 0xdbde, 0xdbde, 0xdbde, 0xdbde, 0xdbde, 0xdbde, 
  0x8a52, 0xe739, 0x75ad, 0x18c6, 0x1084, 0x8631, 0x518c, 0xdbde, 0xdbde, 0xe739, 0x494a, 0xd7bd, 
  0x75ad, 0xe739, 0x518c, 0xdbde, 0xdbde, 0xdbde, 0x4d6b, 0x4d6b, 0xdbde, 0xdbde, 0xdbde, 0x8a52, 
  0x4d6b, 0xdbde, 0xdbde, 0xdbde, 0xdbde, 0xdbde, 0x75ad, 0x2421, 0x1084, 0x18c6, 0x8a52, 0xe739, 
  0xdbde, 0xdbde, 0xdbde, 0xdbde, 0x2421, 0x75ad, 0xdbde, 0xdbde, 0xdbde, 0xdbde, 0xdbde, 0x75ad, 
  0x2421, 0xae73, 0xd7bd, 0x18c6, 0xae73, 0x8a52, 0xdbde, 0x79ce, 0x8631, 0x1084, 0xd7bd, 0x4d6b, 
  0xe739, 0xdbde, 0xdbde, 0x494a, 0x1084, 0xdbde, 0xdbde, 0x8631, 0x1084, 0x79ce, 0x75ad, 0x2421, 
  0xdbde, 0xdbde, 0x8a52, 0xeb5a, 0xdbde, 0xdbde, 0xe739, 0xae73, 0x18c6, 0x18c6, 0x75ad, 0x18c6, 
  0x75ad, 0x2421, 0xdbde, 0xdbde, 0x14a5, 0x2421, 0x2421, 0x79ce, 0xdbde, 0xdbde, 0xb294, 0x8631, 
  0xdbde, 0xdbde, 0xdbde, 0xdbde, 0xdbde, 0xdbde, 0xdbde, 0xdbde, 0xdbde, 0xdbde, 0xdbde, 0xdbde, 
  0xdbde, 0xdbde, 0xdbde, 0xdbde, 0xdbde, 0xdbde, 0xdbde, 0xdbde, 0xdbde, 0x5d7b, 0x5d7b, 0x5d7b, 
  0x5d7b, 0x8c4a, 0x8c4a, 0x6a62, 0x6a62, 0x8c4a, 0x8c4a, 0x8c4a, 0x8c4a, 0x8c4a, 0x8c4a, 0x5d7b, 
  0x5d7b, 0x5d7b, 0x5d7b, 0xdbde, 0xdbde, 0xdbde, 0xdbde, 0xdbde, 0xdbde, 0xdbde, 0xdbde, 0xdbde, 
  0xdbde, 0xdbde, 0xdbde, 0xdbde, 0xdbde, 0xdbde, 0xdbde, 0xdbde, 0xdbde, 0xdbde, 0xdbde, 0xdbde, 
  0xdbde, 0xdbde, 0xdbde, 0xdbde, 0xdbde, 0xdbde, 0xdbde, 0xdbde, 0xdbde, 0xdbde, 0xdbde, 0xdbde, 
  0xdbde, 0xdbde, 0xdbde, 0xdbde, 0xdbde, 0xdbde, 0xdbde, 0xdbde, 0xdbde, 0xdbde, 0xdbde, 0xdbde, 
  0xdbde, 0xdbde, 0xdbde, 0xdbde, 0xdbde, 0xdbde, 0xdbde, 0xdbde, 0xdbde, 0xdbde, 0xdbde, 0xdbde, 
  0xdbde, 0xdbde, 0xdbde, 0xdbde, 0xdbde, 0xdbde, 0xdbde, 0xdbde, 0xdbde, 0xdbde, 0xdbde, 0xdbde, 
  0xdbde, 0xdbde, 0xdbde, 0xdbde, 0xdbde, 0xdbde, 0xdbde, 0xdbde, 0xdbde, 0xdbde, 0xdbde, 0xdbde, 
  0xdbde, 0xdbde, 0xdbde, 0xdbde, 0xdbde, 0xdbde, 0xdbde, 0xdbde, 0xdbde, 0xdbde, 0xdbde, 0xdbde, 
  0xdbde, 0xdbde, 0xdbde, 0xdbde, 0xdbde, 0xdbde, 0xdbde, 0xdbde, 0xdbde, 0xdbde, 0xdbde, 0xdbde, 
  0xdbde, 0xdbde, 0xdbde, 0xdbde, 0xdbde, 0xdbde, 0xdbde, 0xdbde, 0xdbde, 0xdbde, 0xdbde, 0xdbde, 
  0xdbde, 0xdbde, 0xdbde, 0xdbde, 0xdbde, 0xdbde, 0xdbde, 0xdbde, 0xdbde, 0xdbde, 0xdbde, 0xdbde, 
  0xdbde, 0xdbde, 0xdbde, 0xdbde, 0xdbde, 0xdbde, 0xdbde, 0xdbde, 0xdbde, 0xdbde, 0x5d7b, 0x5d7b, 
  0x5d7b, 0x5d7b, 0x8c4a, 0x8c4a, 0x8c4a, 0x8c4a, 0x8c4a, 0x8c4a, 0x8c4a, 0x8c4a, 0x8c4a, 0x8c4a, 
  0x8c4a, 0x8c4a, 0x8c4a, 0x8c4a, 0x8c4a, 0x8c4a, 0x5d7b, 0x5d7b, 0x5d7b, 0x5d7b, 0xdbde, 0xdbde, 
  0xdbde, 0xdbde, 0xdbde, 0xdbde, 0xdbde, 0xdbde, 0xdbde, 0xdbde, 0xdbde, 0xdbde, 0xdbde, 0xdbde, 
  0xdbde, 0xdbde, 0xdbde, 0xdbde, 0xdbde, 0xdbde, 0xdbde, 0xdbde, 0x79ce, 0x4d6b, 0xe739, 0x2421, 
  0x8a52, 0x14a5, 0xdbde, 0xdbde, 0xdbde, 0x18c6, 0x494a, 0x2421, 0x8631, 0x518c, 0xdbde, 0xdbde, 
  0xdbde, 0xdbde, 0x1084, 0x8a52, 0xdbde, 0xdbde, 0xdbde, 0xeb5a, 0x1084, 0xdbde, 0xdbde, 0xdbde, 
  0xdbde, 0xdbde, 0xdbde, 0x14a5, 0xe739, 0x2421, 0x8a52, 0x18c6, 0xdbde, 0xdbde, 0xdbde, 0xdbde, 
  0x8631, 0x75ad, 0xdbde, 0xdbde, 0xdbde, 0xdbde, 0xdbde, 0xdbde, 0x18c6, 0x8a52, 0x2421, 0x2421, 
  0x8a52, 0xb6b5, 0xdbde, 0xdbde, 0x14a5, 0xe739, 0x2421, 0x8a52, 0x18c6, 0xdbde, 0xdbde, 0x8a52, 
  0x518c, 0xdbde, 0xdbde, 0x518c, 0x2421, 0x1084, 0x79ce, 0x8631, 0xdbde, 0xdbde, 0xb6b5, 0x8631, 
  0x518c, 0xdbde, 0x518c, 0x8631, 0x2421, 0x2421, 0x8631, 0x14a5, 0xb6b5, 0xe739, 0xdbde, 0xdbde, 
  0xdbde, 0xef7b, 0x8631, 0xdbde, 0xdbde, 0xdbde, 0xb6b5, 0x8631, 0xdbde, 0xdbde, 0xdbde, 0xdbde, 
  0xdbde, 0xdbde, 0xdbde, 0xdbde, 0xdbde, 0xdbde, 0xdbde, 0xdbde, 0xdbde, 0xdbde, 0xdbde, 0xdbde, 
  0xdbde, 0xdbde, 0xdbde, 0xdbde, 0xdbde, 0x5d7b, 0x5d7b, 0x5d7b, 0x5d7b, 0x8c4a, 0x8c4a, 0x6a62, 
  0x6a62, 0x8c4a, 0x8c4a, 0x8c4a, 0x8c4a, 0x8c4a, 0x8c4a, 0x5d7b, 0x5d7b, 0x5d7b, 0x5d7b, 0xdbde, 
  0xdbde, 0xdbde, 0xdbde, 0xdbde, 0xdbde, 0xdbde, 0xdbde, 0xdbde, 0xdbde, 0xdbde, 0xdbde, 0xdbde, 
  0xdbde, 0xdbde, 0xdbde, 0xdbde, 0xdbde, 0xdbde, 0xdbde, 0xdbde, 0xdbde, 0xdbde, 0xdbde, 0xdbde, 
  0xdbde, 0xdbde, 0xdbde, 0xdbde, 0xdbde, 0xdbde, 0xdbde, 0xdbde, 0xdbde, 0xdbde, 0xdbde, 0xdbde, 
  0xdbde, 0xdbde, 0xdbde, 0xdbde, 0xdbde, 0xdbde, 0xdbde, 0xdbde, 0xdbde, 0xdbde, 0xdbde, 0xdbde, 
  0xdbde, 0xdbde, 0xdbde, 0xdbde, 0xdbde, 0xdbde, 0xdbde, 0xdbde, 0xdbde, 0xdbde, 0xdbde, 0xdbde, 
  0xdbde, 0xdbde, 0xdbde, 0xdbde, 0xdbde, 0xdbde, 0xdbde, 0xdbde, 0xdbde, 0xdbde, 0xdbde, 0xdbde, 
  0xdbde, 0xdbde, 0xdbde, 0xdbde, 0xdbde, 0xdbde, 0xdbde, 0xdbde, 0xdbde, 0xdbde, 0xdbde, 0xdbde, 
  0xdbde, 0xdbde, 0xdbde, 0xdbde, 0xdbde, 0xdbde, 0xdbde, 0xdbde, 0xdbde, 0xdbde, 0xdbde, 0xdbde, 
  0xdbde, 0xdbde, 0xdbde, 0xdbde, 0xdbde, 0xdbde, 0xdbde, 0xdbde, 0xdbde, 0xdbde, 0xdbde, 0xdbde, 
  0xdbde, 0xdbde, 0xdbde, 0xdbde, 0xdbde, 0xdbde, 0xdbde, 0xdbde, 0xdbde, 0xdbde, 0xdbde, 0xdbde, 
  0xdbde, 0xdbde, 0xdbde, 0xdbde, 0xdbde, 0xdbde, 0xdbde, 0xdbde, 0xdbde, 0xdbde, 0xdbde, 0xdbde, 
  0xdbde, 0xdbde, 0xdbde, 0xdbde, 0xdbde, 0xdbde, 0x5d7b, 0x5d7b, 0x5d7b, 0x5d7b, 0x8c4a, 0x8c4a, 
  0x8c4a, 0x8c4a, 0x8c4a, 0x8c4a, 0x8c4a, 0x8c4a, 0x8c4a, 0x8c4a, 0x8c4a, 0x8c4a, 0x8c4a, 0x8c4a, 
  0x8c4a, 0x8c4a, 0x5d7b, 0x5d7b, 0x5d7b, 0x5d7b, 0xdbde, 0xdbde, 0xdbde, 0xdbde, 0xdbde, 0xdbde, 
  0xdbde, 0xdbde, 0xdbde, 0xdbde, 0xdbde, 0xdbde, 0xdbde, 0xdbde, 0xdbde, 0xdbde, 0xdbde, 0xdbde, 
  0xdbde, 0xdbde, 0xdbde, 0xdbde, 0xdbde, 0xdbde, 0xdbde, 0xdbde, 0xdbde, 0xdbde, 0xdbde, 0xdbde, 
  0xdbde, 0xdbde, 0xdbde, 0xdbde, 0xdbde, 0xdbde, 0xdbde, 0xdbde, 0xdbde, 0xdbde, 0xdbde, 0xdbde, 
  0xdbde, 0xdbde, 0xdbde, 0xdbde, 0xdbde, 0xdbde, 0xdbde, 0xdbde, 0xdbde, 0xdbde, 0xdbde, 0xdbde, 
  0xdbde, 0xdbde, 0xdbde, 0xdbde, 0xdbde, 0xdbde, 0xdbde, 0xdbde, 0xdbde, 0xdbde, 0xdbde, 0xdbde, 
  0xdbde, 0xdbde, 0xdbde, 0xdbde, 0xdbde, 0xdbde, 0xdbde, 0xdbde, 0xdbde, 0xdbde, 0xdbde, 0xdbde, 
  0xdbde, 0xdbde, 0xdbde, 0xdbde, 0xdbde, 0xdbde, 0xdbde, 0x79ce, 0xdbde, 0xdbde, 0xdbde, 0xdbde, 
  0xdbde, 0xdbde, 0xdbde, 0xdbde, 0xdbde, 0xdbde, 0xdbde, 0x18c6, 0x79ce, 0xdbde, 0xdbde, 0xdbde, 
  0xdbde, 0xdbde, 0xdbde, 0xdbde, 0xdbde, 0xdbde, 0xdbde, 0xdbde, 0xdbde, 0xdbde, 0xdbde, 0xdbde, 
  0xdbde, 0xdbde, 0xdbde, 0xdbde, 0xdbde, 0xdbde, 0xdbde, 0xdbde, 0xdbde, 0xdbde, 0xdbde, 0xdbde, 
  0xdbde, 0xdbde, 0xdbde, 0xdbde, 0xdbde, 0xdbde, 0xdbde, 0xdbde, 0xdbde, 0xdbde, 0xdbde, 0xdbde, 
  0xdbde, 0x5d7b, 0x5d7b, 0x5d7b, 0x5d7b, 0x8c4a, 0x8c4a, 0x6a62, 0x6a62, 0x8c4a, 0x8c4a, 0x8c4a, 
  0x8c4a, 0x8c4a, 0x8c4a, 0x5d7b, 0x5d7b, 0x5d7b, 0x5d7b, 0xdbde, 0xdbde, 0xdbde, 0xdbde, 0xdbde, 
  0xdbde, 0xdbde, 0xdbde, 0xdbde, 0xdbde, 0xdbde, 0xdbde, 0xdbde, 0xdbde, 0xdbde, 0xdbde, 0xdbde, 
  0xdbde, 0xdbde, 0xdbde, 0xdbde, 0xdbde, 0xdbde, 0xdbde, 0xdbde, 0xdbde, 0xdbde, 0xdbde, 0xdbde, 
  0xdbde, 0xdbde, 0xdbde, 0xdbde, 0xdbde, 0xdbde, 0xdbde, 0xdbde, 0xdbde, 0xdbde, 0xdbde, 0xdbde, 
  0xdbde, 0xdbde, 0xdbde, 0xdbde, 0xdbde, 0xdbde, 0xdbde, 0xdbde, 0xdbde, 0xdbde, 0xdbde, 0xdbde, 
  0xdbde, 0xdbde, 0xdbde, 0xdbde, 0xdbde, 0xdbde, 0xdbde, 0xdbde, 0xdbde, 0xdbde, 0xdbde, 0xdbde, 
  0xdbde, 0xdbde, 0xdbde, 0xdbde, 0xdbde, 0xdbde, 0xdbde, 0xdbde, 0xdbde, 0xdbde, 0xdbde, 0xdbde, 
  0xdbde, 0xdbde, 0xdbde, 0xdbde, 0xdbde, 0xdbde, 0xdbde, 0xdbde, 0xdbde, 0xdbde, 0xdbde, 0xdbde, 
  0xdbde, 0xdbde, 0xdbde, 0xdbde, 0xdbde, 0xdbde, 0xdbde, 0xdbde, 0xdbde, 0xdbde, 0xdbde, 0xdbde, 
  0xdbde, 0xdbde, 0xdbde, 0xdbde, 0xdbde, 0xdbde, 0xdbde, 0xdbde, 0xdbde, 0xdbde, 0xdbde, 0xdbde, 
  0xdbde, 0xdbde, 0xdbde, 0xdbde, 0xdbde, 0xdbde, 0xdbde, 0xdbde, 0xdbde, 0xdbde, 0xdbde, 0xdbde, 
  0xdbde, 0xdbde, 0xdbde, 0xdbde, 0xdbde, 0xdbde, 0xdbde, 0xdbde, 0xdbde, 0xdbde, 0xdbde, 0xdbde, 
  0xdbde, 0xdbde, 0x5d7b, 0x5d7b, 0x5d7b, 0x5d7b, 0x8c4a, 0x8c4a, 0x8c4a, 0x8c4a, 0x8c4a, 0x8c4a, 
  0x8c4a, 0x8c4a, 0x8c4a, 0x8c4a, 0x8c4a, 0x8c4a, 0x8c4a, 0x8c4a, 0x8c4a, 0x8c4a, 0x5d7b, 0x5d7b, 
  0x5d7b, 0x5d7b, 0xdbde, 0xdbde, 0xdbde, 0xdbde, 0xdbde, 0xdbde, 0xdbde, 0xdbde, 0xdbde, 0xdbde, 
  0xdbde, 0xdbde, 0xdbde, 0xdbde, 0xdbde, 0xdbde, 0xdbde, 0xdbde, 0xdbde, 0xdbde, 0xdbde, 0xdbde, 
  0xdbde, 0xdbde, 0xdbde, 0xdbde, 0xdbde, 0xdbde, 0xdbde, 0xdbde, 0xdbde, 0xdbde, 0xdbde, 0xdbde, 
  0xdbde, 0xdbde, 0xdbde, 0xdbde, 0xdbde, 0xdbde, 0xdbde, 0xdbde, 0xdbde, 0xdbde, 0xdbde, 0xdbde, 
  0xdbde, 0xdbde, 0xdbde, 0xdbde, 0xdbde, 0xdbde, 0xdbde, 0xdbde, 0xdbde, 0xdbde, 0xdbde, 0xdbde, 
  0xdbde, 0xdbde, 0xdbde, 0xdbde, 0xdbde, 0xdbde, 0xdbde, 0xdbde, 0xdbde, 0xdbde, 0xdbde, 0xdbde, 
  0xdbde, 0xdbde, 0xdbde, 0xdbde, 0xdbde, 0xdbde, 0xdbde, 0xdbde, 0xdbde, 0xdbde, 0xdbde, 0xdbde, 
  0xdbde, 0xdbde, 0xdbde, 0xdbde, 0xdbde, 0xdbde, 0xdbde, 0xdbde, 0xdbde, 0xdbde, 0xdbde, 0xdbde, 
  0xdbde, 0xdbde, 0xdbde, 0xdbde, 0xdbde, 0xdbde, 0xdbde, 0xdbde, 0xdbde, 0xdbde, 0xdbde, 0xdbde, 
  0xdbde, 0xdbde, 0xdbde, 0xdbde, 0xdbde, 0xdbde, 0xdbde, 0xdbde, 0xdbde, 0xdbde, 0xdbde, 0xdbde, 
  0xdbde, 0xdbde, 0xdbde, 0xdbde, 0xdbde, 0xdbde, 0xdbde, 0xdbde, 0xdbde, 0xdbde, 0xdbde, 0xdbde, 
  0xdbde, 0xdbde, 0xdbde, 0xdbde, 0xdbde, 0xdbde, 0xdbde, 0xdbde, 0xdbde, 0x5d7b, 0x5d7b, 0x5d7b, 
  0x5d7b, 0x8c4a, 0x8c4a, 0x6a62, 0x6a62, 0x8c4a, 0x8c4a, 0x8c4a, 0x8c4a, 0x8c4a, 0x8c4a, 0x5d7b, 
  0x5d7b, 0x5d7b, 0x5d7b, 0xdbde, 0xdbde, 0xdbde, 0xdbde, 0xdbde, 0xdbde, 0xdbde, 0xdbde, 0xdbde, 
  0xdbde, 0xdbde, 0xdbde, 0xdbde, 0xdbde, 0xdbde, 0xdbde, 0xdbde, 0xdbde, 0xdbde, 0xdbde, 0xdbde, 
  0xdbde, 0xdbde, 0xdbde, 0xdbde, 0xdbde, 0xdbde, 0xdbde, 0xdbde, 0xdbde, 0xdbde, 0xdbde, 0xdbde, 
  0xdbde, 0xdbde, 0xdbde, 0xdbde, 0xdbde, 0xdbde, 0xdbde, 0xdbde, 0xdbde, 0xdbde, 0xdbde, 0xdbde, 
  0xdbde, 0xdbde, 0xdbde, 0xdbde, 0xdbde, 0xdbde, 0xdbde, 0xdbde, 0xdbde, 0xdbde, 0xdbde, 0xdbde, 
  0xdbde, 0xdbde, 0xdbde, 0xdbde, 0xdbde, 0xdbde, 0xdbde, 0xdbde, 0xdbde, 0xdbde, 0xdbde, 0xdbde, 
  0xdbde, 0xdbde, 0xdbde, 0xdbde, 0xdbde, 0xdbde, 0xdbde, 0xdbde, 0xdbde, 0xdbde, 0xdbde, 0xdbde, 
  0xdbde, 0xdbde, 0xdbde, 0xdbde, 0xdbde, 0xdbde, 0xdbde, 0xdbde, 0xdbde, 0xdbde, 0xdbde, 0xdbde, 
  0xdbde, 0xdbde, 0xdbde, 0xdbde, 0xdbde, 0xdbde, 0xdbde, 0xdbde, 0xdbde, 0xdbde, 0xdbde, 0xdbde, 
  0xdbde, 0xdbde, 0xdbde, 0xdbde, 0xdbde, 0xdbde, 0xdbde, 0xdbde, 0xdbde, 0xdbde, 0xdbde, 0xdbde, 
  0xdbde, 0xdbde, 0xdbde, 0xdbde, 0xdbde, 0xdbde, 0xdbde, 0xdbde, 0xdbde, 0xdbde, 0xdbde, 0xdbde, 
  0xdbde, 0xdbde, 0xdbde, 0xdbde, 0xdbde, 0xdbde, 0xdbde, 0xdbde, 0xdbde, 0xdbde, 0x5d7b, 0x5d7b, 
  0x5d7b, 0x5d7b, 0x8c4a, 0x8c4a, 0x8c4a, 0x8c4a, 0x8c4a, 0x8c4a, 0x8c4a, 0x8c4a, 0x8c4a, 0x8c4a, 
  0x8c4a, 0x8c4a, 0x8c4a, 0x8c4a, 0x8c4a, 0x8c4a, 0x5d7b, 0x5d7b, 0x5d7b, 0x5d7b, 0xdbde, 0xdbde, 
  0xdbde, 0xdbde, 0xdbde, 0xdbde, 0xdbde, 0xdbde, 0xdbde, 0xdbde, 0xdbde, 0xdbde, 0xdbde, 0xdbde, 
  0xdbde, 0xdbde, 0xdbde, 0xdbde, 0xdbde, 0xdbde, 0xdbde, 0xdbde, 0xdbde, 0xdbde, 0xdbde, 0xdbde, 
  0xdbde, 0xdbde, 0xdbde, 0xdbde, 0xdbde, 0xdbde, 0xdbde, 0xdbde, 0xdbde, 0xdbde, 0xdbde, 0xdbde, 
  0xdbde, 0xdbde, 0xdbde, 0xdbde, 0xdbde, 0xdbde, 0xdbde, 0xdbde, 0xdbde, 0xdbde, 0xdbde, 0xdbde, 
  0xdbde, 0xdbde, 0xdbde, 0xdbde, 0xdbde, 0xdbde, 0xdbde, 0xdbde, 0xdbde, 0xdbde, 0xdbde, 0xdbde, 
  0xdbde, 0xdbde, 0xdbde, 0xdbde, 0xdbde, 0xdbde, 0xdbde, 0xdbde, 0xdbde, 0xdbde, 0xdbde, 0xdbde, 
  0xdbde, 0xdbde, 0xdbde, 0xdbde, 0xdbde, 0xdbde, 0xdbde, 0xdbde, 0xdbde, 0xdbde, 0xdbde, 0xdbde, 
  0xdbde, 0xdbde, 0xdbde, 0xdbde, 0xdbde, 0xdbde, 0xdbde, 0xdbde, 0xdbde, 0xdbde, 0xdbde, 0xdbde, 
  0xdbde, 0xdbde, 0xdbde, 0xdbde, 0xdbde, 0xdbde, 0xdbde, 0xdbde, 0xdbde, 0xdbde, 0xdbde, 0xdbde, 
  0xdbde, 0xdbde, 0xdbde, 0xdbde, 0xdbde, 0xdbde, 0xdbde, 0xdbde, 0xdbde, 0xdbde, 0xdbde, 0xdbde, 
  0xdbde, 0xdbde, 0xdbde, 0xdbde, 0xdbde, 0xdbde, 0xdbde, 0xdbde, 0xdbde, 0xdbde, 0xdbde, 0xdbde, 
  0xdbde, 0xdbde, 0xdbde, 0xdbde, 0xdbde, 0x5d7b, 0x5d7b, 0x5d7b, 0x5d7b, 0x8c4a, 0x8c4a, 0x6a62, 
  0x6a62, 0x8c4a, 0x8c4a, 0x8c4a, 0x8c4a, 0x8c4a, 0x8c4a, 0x5d7b, 0x5d7b, 0x5d7b, 0x5d7b, 0xdbde, 
  0xdbde, 0xdbde, 0xdbde, 0xdbde, 0xdbde, 0xdbde, 0xdbde, 0xdbde, 0xdbde, 0xdbde, 0xdbde, 0xdbde, 
  0xdbde, 0xdbde, 0xdbde, 0xdbde, 0xdbde, 0xdbde, 0xdbde, 0xdbde, 0xdbde, 0xdbde, 0xdbde, 0xdbde, 
  0xdbde, 0xdbde, 0xdbde, 0xdbde, 0xdbde, 0xdbde, 0xdbde, 0xdbde, 0xdbde, 0xdbde, 0xdbde, 0xdbde, 
  0xdbde, 0xdbde, 0xdbde, 0xdbde, 0xdbde, 0xdbde, 0xdbde, 0xdbde, 0xdbde, 0xdbde, 0xdbde, 0xdbde, 
  0xdbde, 0xdbde, 0xdbde, 0xdbde, 0xdbde, 0xdbde, 0xdbde, 0xdbde, 0xdbde, 0xdbde, 0xdbde, 0xdbde, 
  0xdbde, 0xdbde, 0xdbde, 0xdbde, 0xdbde, 0xdbde, 0xdbde, 0xdbde, 0xdbde, 0xdbde, 0xdbde, 0xdbde, 
  0xdbde, 0xdbde, 0xdbde, 0xdbde, 0xdbde, 0xdbde, 0xdbde, 0xdbde, 0xdbde, 0xdbde, 0xdbde, 0xdbde, 
  0xdbde, 0xdbde, 0xdbde, 0xdbde, 0xdbde, 0xdbde, 0xdbde, 0xdbde, 0xdbde, 0xdbde, 0xdbde, 0xdbde, 
  0xdbde, 0xdbde, 0xdbde, 0xdbde, 0xdbde, 0xdbde, 0xdbde, 0xdbde, 0xdbde, 0xdbde, 0xdbde, 0xdbde, 
  0xdbde, 0xdbde, 0xdbde, 0xdbde, 0xdbde, 0xdbde, 0xdbde, 0xdbde, 0xdbde, 0xdbde, 0xdbde, 0xdbde, 
  0xdbde, 0xdbde, 0xdbde, 0xdbde, 0xdbde, 0xdbde, 0xdbde, 0xdbde, 0xdbde, 0xdbde, 0xdbde, 0xdbde, 
  0xdbde, 0xdbde, 0xdbde, 0xdbde, 0xdbde, 0xdbde, 0x5d7b, 0x5d7b, 0x5d7b, 0x5d7b, 0x8c4a, 0x8c4a, 
  0x8c4a, 0x8c4a, 0x8c4a, 0x8c4a, 0x8c4a, 0x8c4a, 0x8c4a, 0x8c4a, 0x8c4a, 0x8c4a, 0x8c4a, 0x8c4a, 
  0x8c4a, 0x8c4a, 0x5d7b, 0x5d7b, 0x5d7b, 0x5d7b, 0xdbde, 0xdbde, 0xdbde, 0xdbde, 0xdbde, 0xdbde, 
  0xdbde, 0xdbde, 0xdbde, 0xdbde, 0xdbde, 0xdbde, 0xdbde, 0xdbde, 0xdbde, 0xdbde, 0xdbde, 0xdbde, 
  0xdbde, 0xdbde, 0xdbde, 0xdbde, 0xdbde, 0xdbde, 0xdbde, 0xdbde, 0xdbde, 0xdbde, 0xdbde, 0xdbde, 
  0xdbde, 0xdbde, 0xdbde, 0xdbde, 0xdbde, 0xdbde, 0xdbde, 0xdbde, 0xdbde, 0xdbde, 0xdbde, 0xdbde, 
  0xdbde, 0xdbde, 0xdbde, 0xdbde, 0xdbde, 0xdbde, 0xdbde, 0xdbde, 0xdbde, 0xdbde, 0xdbde, 0xdbde, 
  0xdbde, 0xdbde, 0xdbde, 0xdbde, 0xdbde, 0xdbde, 0xdbde, 0xdbde, 0xdbde, 0xdbde, 0xdbde, 0xdbde, 
  0xdbde, 0xdbde, 0xdbde, 0xdbde, 0xdbde, 0xdbde, 0xdbde, 0xdbde, 0xdbde, 0xdbde, 0xdbde, 0xdbde, 
  0xdbde, 0xdbde, 0xdbde, 0xdbde, 0xdbde, 0xdbde, 0xdbde, 0xdbde, 0xdbde, 0xdbde, 0xdbde, 0xdbde, 
  0xdbde, 0xdbde, 0xdbde, 0xdbde, 0xdbde, 0xdbde, 0xdbde, 0xdbde, 0xdbde, 0xdbde, 0xdbde, 0xdbde, 
  0xdbde, 0xdbde, 0xdbde, 0xdbde, 0xdbde, 0xdbde, 0xdbde, 0xdbde, 0xdbde, 0xdbde, 0xdbde, 0xdbde, 
  0xdbde, 0xdbde, 0xdbde, 0xdbde, 0xdbde, 0xdbde, 0xdbde, 0xdbde, 0xdbde, 0xdbde, 0xdbde, 0xdbde, 
  0xdbde, 0xdbde, 0xdbde, 0xdbde, 0xdbde, 0xdbde, 0xdbde, 0xdbde, 0xdbde, 0xdbde, 0xdbde, 0xdbde, 
  0xdbde, 0x5d7b, 0x5d7b, 0x5d7b, 0x5d7b, 0x8c4a, 0x8c4a, 0x6a62, 0x6a62, 0x8c4a, 0x8c4a, 0x8c4a, 
  0x8c4a, 0x8c4a, 0x8c4a, 0x5d7b, 0x5d7b, 0x5d7b, 0x5d7b, 0xdbde, 0xdbde, 0xdbde, 0xdbde, 0xdbde, 
  0xdbde, 0xdbde, 0xdbde, 0xdbde, 0xdbde, 0xdbde, 0xdbde, 0xdbde, 0xdbde, 0xdbde, 0xdbde, 0xdbde, 
  0xdbde, 0xdbde, 0xdbde, 0xdbde, 0xdbde, 0xdbde, 0xdbde, 0xdbde, 0xdbde, 0xdbde, 0xdbde, 0xdbde, 
  0xdbde, 0xdbde, 0xdbde, 0xdbde, 0xdbde, 0xdbde, 0xdbde, 0xdbde, 0xdbde, 0xdbde, 0xdbde, 0xdbde, 
  0xdbde, 0xdbde, 0xdbde, 0xdbde, 0xdbde, 0xdbde, 0xdbde, 0xdbde, 0xdbde, 0xdbde, 0xdbde, 0xdbde, 
  0xdbde, 0xdbde, 0xdbde, 0xdbde, 0xdbde, 0xdbde, 0xdbde, 0xdbde, 0xdbde, 0xdbde, 0xdbde, 0xdbde, 
  0xdbde, 0xdbde, 0xdbde, 0xdbde, 0xdbde, 0xdbde, 0xdbde, 0xdbde, 0xdbde, 0xdbde, 0xdbde, 0xdbde, 
  0xdbde, 0xdbde, 0xdbde, 0xdbde, 0xdbde, 0xdbde, 0xdbde, 0xdbde, 0xdbde, 0xdbde, 0xdbde, 0xdbde, 
  0xdbde, 0xdbde, 0xdbde, 0xdbde, 0xdbde, 0xdbde, 0xdbde, 0xdbde, 0xdbde, 0xdbde, 0xdbde, 0xdbde, 
  0xdbde, 0xdbde, 0xdbde, 0xdbde, 0xdbde, 0xdbde, 0xdbde, 0xdbde, 0xdbde, 0xdbde, 0xdbde, 0xdbde, 
  0xdbde, 0xdbde, 0xdbde, 0xdbde, 0xdbde, 0xdbde, 0xdbde, 0xdbde, 0xdbde, 0xdbde, 0xdbde, 0xdbde, 
  0xdbde, 0xdbde, 0xdbde, 0xdbde, 0xdbde, 0xdbde, 0xdbde, 0xdbde, 0xdbde, 0xdbde, 0xdbde, 0xdbde, 
  0xdbde, 0xdbde, 0x5d7b, 0x5d7b, 0x5d7b, 0x5d7b, 0x8c4a, 0x8c4a, 0x8c4a, 0x8c4a, 0x8c4a, 0x8c4a, 
  0x8c4a, 0x8c4a, 0x8c4a, 0x8c4a, 0x8c4a, 0x8c4a, 0x8c4a, 0x8c4a, 0x8c4a, 0x8c4a, 0x5d7b, 0x5d7b, 
  0x5d7b, 0x5d7b, 0xdbde, 0xdbde, 0xdbde, 0xdbde, 0xdbde, 0xdbde, 0xdbde, 0xdbde, 0xdbde, 0xdbde, 
  0xdbde, 0xdbde, 0xdbde, 0xdbde, 0xdbde, 0xdbde, 0xdbde, 0xdbde, 0xdbde, 0xdbde, 0xdbde, 0xdbde, 
  0xdbde, 0xdbde, 0xdbde, 0xdbde, 0xdbde, 0xdbde, 0xdbde, 0xdbde, 0xdbde, 0xdbde, 0xdbde, 0xdbde, 
  0xdbde, 0xdbde, 0xdbde, 0xdbde, 0xdbde, 0xdbde, 0xdbde, 0xdbde, 0xdbde, 0xdbde, 0xdbde, 0xdbde, 
  0xdbde, 0xdbde, 0xdbde, 0xdbde, 0xdbde, 0xdbde, 0xdbde, 0xdbde, 0xdbde, 0xdbde, 0xdbde, 0xdbde, 
  0xdbde, 0xdbde, 0xdbde, 0xdbde, 0xdbde, 0xdbde, 0xdbde, 0xdbde, 0xdbde, 0xdbde, 0xdbde, 0xdbde, 
  0xdbde, 0xdbde, 0xdbde, 0xdbde, 0xdbde, 0xdbde, 0xdbde, 0xdbde, 0xdbde, 0xdbde, 0xdbde, 0xdbde, 
  0xdbde, 0xdbde, 0xdbde, 0xdbde, 0xdbde, 0xdbde, 0xdbde, 0xdbde, 0xdbde, 0xdbde, 0xdbde, 0xdbde, 
  0xdbde, 0xdbde, 0xdbde, 0xdbde, 0xdbde, 0xdbde, 0xdbde, 0xdbde, 0xdbde, 0xdbde, 0xdbde, 0xdbde, 
  0xdbde, 0xdbde, 0xdbde, 0xdbde, 0xdbde, 0xdbde, 0xdbde, 0xdbde, 0xdbde, 0xdbde, 0xdbde, 0xdbde, 
  0xdbde, 0xdbde, 0xdbde, 0xdbde, 0xdbde, 0xdbde, 0xdbde, 0xdbde, 0xdbde, 0xdbde, 0xdbde, 0xdbde, 
  0xdbde, 0xdbde, 0xdbde, 0xdbde, 0xdbde, 0xdbde, 0xdbde, 0xdbde, 0xdbde, 0x5d7b, 0x5d7b, 0x5d7b, 
  0x5d7b, 0x8c4a, 0x8c4a, 0x6a62, 0x6a62, 0x8c4a, 0x8c4a, 0x8c4a, 0x8c4a, 0x8c4a, 0x8c4a, 0x5d7b, 
  0x5d7b, 0x5d7b, 0x5d7b, 0xdbde, 0xdbde, 0xdbde, 0xdbde, 0xdbde, 0xdbde, 0xdbde, 0xdbde, 0xdbde, 
  0xdbde, 0xdbde, 0xdbde, 0xdbde, 0xdbde, 0xdbde, 0xdbde, 0xdbde, 0xdbde, 0xdbde, 0xdbde, 0xdbde, 
  0xdbde, 0xdbde, 0xdbde, 0xdbde, 0xdbde, 0xdbde, 0xdbde, 0xdbde, 0xdbde, 0xdbde, 0xdbde, 0xdbde, 
  0xdbde, 0xdbde, 0xdbde, 0xdbde, 0xdbde, 0xdbde, 0xdbde, 0xdbde, 0xdbde, 0xdbde, 0xdbde, 0xdbde, 
  0xdbde, 0xdbde, 0xdbde, 0xdbde, 0xdbde, 0xdbde, 0xdbde, 0xdbde, 0xdbde, 0xdbde, 0xdbde, 0xdbde, 
  0xdbde, 0xdbde, 0xdbde, 0xdbde, 0xdbde, 0xdbde, 0xdbde, 0xdbde, 0xdbde, 0xdbde, 0xdbde, 0xdbde, 
  0xdbde, 0xdbde, 0xdbde, 0xdbde, 0xdbde, 0xdbde, 0xdbde, 0xdbde, 0xdbde, 0xdbde, 0xdbde, 0xdbde, 
  0xdbde, 0xdbde, 0xdbde, 0xdbde, 0xdbde, 0xdbde, 0xdbde, 0xdbde, 0xdbde, 0xdbde, 0xdbde, 0xdbde, 
  0xdbde, 0xdbde, 0xdbde, 0xdbde, 0xdbde, 0xdbde, 0xdbde, 0xdbde, 0xdbde, 0xdbde, 0xdbde, 0xdbde, 
  0xdbde, 0xdbde, 0xdbde, 0xdbde, 0xdbde, 0xdbde, 0xdbde, 0xdbde, 0xdbde, 0xdbde, 0xdbde, 0xdbde, 
  0xdbde, 0xdbde, 0xdbde, 0xdbde, 0xdbde, 0xdbde, 0xdbde, 0xdbde, 0xdbde, 0xdbde, 0xdbde, 0xdbde, 
  0xdbde, 0xdbde, 0xdbde, 0xdbde, 0xdbde, 0xdbde, 0xdbde, 0xdbde, 0xdbde, 0xdbde, 0x5d7b, 0x5d7b, 
  0x5d7b, 0x5d7b, 0x8c4a, 0x8c4a, 0x8c4a, 0x8c4a, 0x8c4a, 0x8c4a, 0x8c4a, 0x8c4a, 0x8c4a, 0x8c4a, 
  0x8c4a, 0x8c4a, 0x8c4a, 0x8c4a, 0x8c4a, 0x8c4a, 0x5d7b, 0x5d7b, 0x5d7b, 0x5d7b, 0xdbde, 0xdbde, 
  0xdbde, 0xdbde, 0xdbde, 0xdbde, 0xdbde, 0xdbde, 0xdbde, 0xdbde, 0xdbde, 0xdbde, 0xdbde, 0xdbde, 
  0xdbde, 0xdbde, 0xdbde, 0xdbde, 0xdbde, 0xdbde, 0xdbde, 0xdbde, 0xdbde, 0xdbde, 0xdbde, 0xdbde, 
  0xdbde, 0xdbde, 0xdbde, 0xdbde, 0xdbde, 0xdbde, 0xdbde, 0xdbde, 0xdbde, 0xdbde, 0xdbde, 0xdbde, 
  0xdbde, 0xdbde, 0xdbde, 0xdbde, 0xdbde, 0xdbde, 0xdbde, 0xdbde, 0xdbde, 0xdbde, 0xdbde, 0xdbde, 
  0xdbde, 0xdbde, 0xdbde, 0xdbde, 0xdbde, 0xdbde, 0xdbde, 0xdbde, 0xdbde, 0xdbde, 0xdbde, 0xdbde, 
  0xdbde, 0xdbde, 0xdbde, 0xdbde, 0xdbde, 0xdbde, 0xdbde, 0xdbde, 0xdbde, 0xdbde, 0xdbde, 0xdbde, 
  0xdbde, 0xdbde, 0xdbde, 0xdbde, 0xdbde, 0xdbde, 0xdbde, 0xdbde, 0xdbde, 0xdbde, 0xdbde, 0xdbde, 
  0xdbde, 0xdbde, 0xdbde, 0xdbde, 0xdbde, 0xdbde, 0xdbde, 0xdbde, 0xdbde, 0xdbde, 0xdbde, 0xdbde, 
  0xdbde, 0xdbde, 0xdbde, 0xdbde, 0xdbde, 0xdbde, 0xdbde, 0xdbde, 0xdbde, 0xdbde, 0xdbde, 0xdbde, 
  0xdbde, 0xdbde, 0xdbde, 0xdbde, 0xdbde, 0xdbde, 0xdbde, 0xdbde, 0xdbde, 0xdbde, 0xdbde, 0xdbde, 
  0xdbde, 0xdbde, 0xdbde, 0xdbde, 0xdbde, 0xdbde, 0xdbde, 0xdbde, 0xdbde, 0xdbde, 0xdbde, 0xdbde, 
  0xdbde, 0xdbde, 0xdbde, 0xdbde, 0xdbde, 0x5d7b, 0x5d7b, 0x5d7b, 0x5d7b, 0x8c4a, 0x8c4a, 0x6a62, 
  0x6a62, 0x8c4a, 0x8c4a, 0x8c4a, 0x8c4a, 0x8c4a, 0x8c4a, 0x5d7b, 0x5d7b, 0x5d7b, 0x5d7b, 0xdbde, 
  0xdbde, 0xdbde, 0xdbde, 0xdbde, 0xdbde, 0xdbde, 0xdbde, 0xdbde, 0xdbde, 0xdbde, 0xdbde, 0xdbde, 
  0xdbde, 0xdbde, 0xdbde, 0xdbde, 0xdbde, 0xdbde, 0xdbde, 0xdbde, 0xdbde, 0xdbde, 0xdbde, 0xdbde, 
  0xdbde, 0xdbde, 0xdbde, 0xdbde, 0xdbde, 0xdbde, 0xdbde, 0xdbde, 0xdbde, 0xdbde, 0xdbde, 0xdbde, 
  0xdbde, 0xdbde, 0xdbde, 0xdbde, 0xdbde, 0xdbde, 0xdbde, 0xdbde, 0xdbde, 0xdbde, 0xdbde, 0xdbde, 
  0xdbde, 0xdbde, 0xdbde, 0xdbde, 0xdbde, 0xdbde, 0xdbde, 0xdbde, 0xdbde, 0xdbde, 0xdbde, 0xdbde, 
  0xdbde, 0xdbde, 0xdbde, 0xdbde, 0xdbde, 0xdbde, 0xdbde, 0xdbde, 0xdbde, 0xdbde, 0xdbde, 0xdbde, 
  0xdbde, 0xdbde, 0xdbde, 0xdbde, 0xdbde, 0xdbde, 0xdbde, 0xdbde, 0xdbde, 0xdbde, 0xdbde, 0xdbde, 
  0xdbde, 0xdbde, 0xdbde, 0xdbde, 0xdbde, 0xdbde, 0xdbde, 0xdbde, 0xdbde, 0xdbde, 0xdbde, 0xdbde, 
  0xdbde, 0xdbde, 0xdbde, 0xdbde, 0xdbde, 0xdbde, 0xdbde, 0xdbde, 0xdbde, 0xdbde, 0xdbde, 0xdbde, 
  0xdbde, 0xdbde, 0xdbde, 0xdbde, 0xdbde, 0xdbde, 0xdbde, 0xdbde, 0xdbde, 0xdbde, 0xdbde, 0xdbde, 
  0xdbde, 0xdbde, 0xdbde, 0xdbde, 0xdbde, 0xdbde, 0xdbde, 0xdbde, 0xdbde, 0xdbde, 0xdbde, 0xdbde, 
  0xdbde, 0xdbde, 0xdbde, 0xdbde, 0xdbde, 0xdbde, 0x5d7b, 0x5d7b, 0x5d7b, 0x5d7b, 0x8c4a, 0x8c4a, 
  0x8c4a, 0x8c4a, 0x8c4a, 0x8c4a, 0x8c4a, 0x8c4a, 0x8c4a, 0x8c4a, 0x8c4a, 0x8c4a, 0x8c4a, 0x8c4a, 
  0x8c4a, 0x8c4a, 0x5d7b, 0x5d7b, 0x5d7b, 0x5d7b, 0xdbde, 0xdbde, 0xdbde, 0xdbde, 0xdbde, 0xdbde, 
  0xdbde, 0xdbde, 0xdbde, 0xdbde, 0xdbde, 0xdbde, 0xdbde, 0xdbde, 0xdbde, 0xdbde, 0xdbde, 0xdbde, 
  0xdbde, 0xdbde, 0xdbde, 0xdbde, 0xdbde, 0xdbde, 0xdbde, 0xdbde, 0xdbde, 0xdbde, 0xdbde, 0xdbde, 
  0xdbde, 0xdbde, 0xdbde, 0xdbde, 0xdbde, 0xdbde, 0xdbde, 0xdbde, 0xdbde, 0xdbde, 0xdbde, 0xdbde, 
  0xdbde, 0xdbde, 0xdbde, 0xdbde, 0xdbde, 0xdbde, 0xdbde, 0xdbde, 0xdbde, 0xdbde, 0xdbde, 0xdbde, 
  0xdbde, 0xdbde, 0xdbde, 0xdbde, 0xdbde, 0xdbde, 0xdbde, 0xdbde, 0xdbde, 0xdbde, 0xdbde, 0xdbde, 
  0xdbde, 0xdbde, 0xdbde, 0xdbde, 0xdbde, 0xdbde, 0xdbde, 0xdbde, 0xdbde, 0xdbde, 0xdbde, 0xdbde, 
  0xdbde, 0xdbde, 0xdbde, 0xdbde, 0xdbde, 0xdbde, 0xdbde, 0xdbde, 0xdbde, 0xdbde, 0xdbde, 0xdbde, 
  0xdbde, 0xdbde, 0xdbde, 0xdbde, 0xdbde, 0xdbde, 0xdbde, 0xdbde, 0xdbde, 0xdbde, 0xdbde, 0xdbde, 
  0xdbde, 0xdbde, 0xdbde, 0xdbde, 0xdbde, 0xdbde, 0xdbde, 0xdbde, 0xdbde, 0xdbde, 0xdbde, 0xdbde, 
  0xdbde, 0xdbde, 0xdbde, 0xdbde, 0xdbde, 0xdbde, 0xdbde, 0xdbde, 0xdbde, 0xdbde, 0xdbde, 0xdbde, 
  0xdbde, 0xdbde, 0xdbde, 0xdbde, 0xdbde, 0xdbde, 0xdbde, 0xdbde, 0xdbde, 0xdbde, 0xdbde, 0xdbde, 
  0xdbde, 0x5d7b, 0x5d7b, 0x5d7b, 0x5d7b, 0x8c4a, 0x8c4a, 0x6a62, 0x6a62, 0x8c4a, 0x8c4a, 0x8c4a, 
  0x8c4a, 0x8c4a, 0x8c4a, 0x5d7b, 0x5d7b, 0x5d7b, 0x5d7b, 0xdbde, 0xdbde, 0xdbde, 0xdbde, 0xdbde, 
  0xdbde, 0xdbde, 0xdbde, 0xdbde, 0xdbde, 0xdbde, 0xdbde, 0xdbde, 0xdbde, 0xdbde, 0xdbde, 0xdbde, 
  0xdbde, 0xdbde, 0xdbde, 0xdbde, 0xdbde, 0xdbde, 0xdbde, 0xdbde, 0xdbde, 0xdbde, 0xdbde, 0xdbde, 
  0xdbde, 0xdbde, 0xdbde, 0xdbde, 0xdbde, 0xdbde, 0xdbde, 0xdbde, 0xdbde, 0xdbde, 0xdbde, 0xdbde, 
  0xdbde, 0xdbde, 0xdbde, 0xdbde, 0xdbde, 0xdbde, 0xdbde, 0xdbde, 0xdbde, 0xdbde, 0xdbde, 0xdbde, 
  0xdbde, 0xdbde, 0xdbde, 0xdbde, 0xdbde, 0xdbde, 0xdbde, 0xdbde, 0xdbde, 0xdbde, 0xdbde, 0xdbde, 
  0xdbde, 0xdbde, 0xdbde, 0xdbde, 0xdbde, 0xdbde, 0xdbde, 0xdbde, 0xdbde, 0xdbde, 0xdbde, 0xdbde, 
  0xdbde, 0xdbde, 0xdbde, 0xdbde, 0xdbde, 0xdbde, 0xdbde, 0xdbde, 0xdbde, 0xdbde, 0xdbde, 0xdbde, 
  0xdbde, 0xdbde, 0xdbde, 0xdbde, 0xdbde, 0xdbde, 0xdbde, 0xdbde, 0xdbde, 0xdbde, 0xdbde, 0xdbde, 
  0xdbde, 0xdbde, 0xdbde, 0xdbde, 0xdbde, 0xdbde, 0xdbde, 0xdbde, 0xdbde, 0xdbde, 0xdbde, 0xdbde, 
  0xdbde, 0xdbde, 0xdbde, 0xdbde, 0xdbde, 0xdbde, 0xdbde, 0xdbde, 0xdbde, 0xdbde, 0xdbde, 0xdbde, 
  0xdbde, 0xdbde, 0xdbde, 0xdbde, 0xdbde, 0xdbde, 0xdbde, 0xdbde, 0xdbde, 0xdbde, 0xdbde, 0xdbde, 
  0xdbde, 0xdbde, 0x5d7b, 0x5d7b, 0x5d7b, 0x5d7b, 0x8c4a, 0x8c4a, 0x8c4a, 0x8c4a, 0x8c4a, 0x8c4a, 
  0x8c4a, 0x8c4a, 0x8c4a, 0x8c4a, 0x8c4a, 0x8c4a, 0x8c4a, 0x8c4a, 0x8c4a, 0x8c4a, 0x5d7b, 0x5d7b, 
  0x5d7b, 0x5d7b, 0xdbde, 0xdbde, 0xdbde, 0xdbde, 0xdbde, 0xdbde, 0xdbde, 0xdbde, 0xdbde, 0xdbde, 
  0xdbde, 0xdbde, 0xdbde, 0xdbde, 0xdbde, 0xdbde, 0xdbde, 0xdbde, 0xdbde, 0xdbde, 0xdbde, 0xdbde, 
  0xdbde, 0xdbde, 0xdbde, 0xdbde, 0xdbde, 0xdbde, 0xdbde, 0xdbde, 0xdbde, 0xdbde, 0xdbde, 0xdbde, 
  0xdbde, 0xdbde, 0xdbde, 0xdbde, 0xdbde, 0xdbde, 0xdbde, 0xdbde, 0xdbde, 0xdbde, 0xdbde, 0xdbde, 
  0xdbde, 0xdbde, 0xdbde, 0xdbde, 0xdbde, 0xdbde, 0xdbde, 0xdbde, 0xdbde, 0xdbde, 0xdbde, 0xdbde, 
  0xdbde, 0xdbde, 0xdbde, 0xdbde, 0xdbde, 0xdbde, 0xdbde, 0xdbde, 0xdbde, 0xdbde, 0xdbde, 0xdbde, 
  0xdbde, 0xdbde, 0xdbde, 0xdbde, 0xdbde, 0xdbde, 0xdbde, 0xdbde, 0xdbde, 0xdbde, 0xdbde, 0xdbde, 
  0xdbde, 0xdbde, 0xdbde, 0xdbde, 0xdbde, 0xdbde, 0xdbde, 0xdbde, 0xdbde, 0xdbde, 0xdbde, 0xdbde, 
  0xdbde, 0xdbde, 0xdbde, 0xdbde, 0xdbde, 0xdbde, 0xdbde, 0xdbde, 0xdbde, 0xdbde, 0xdbde, 0xdbde, 
  0xdbde, 0xdbde, 0xdbde, 0xdbde, 0xdbde, 0xdbde, 0xdbde, 0xdbde, 0xdbde, 0xdbde, 0xdbde, 0xdbde, 
  0xdbde, 0xdbde, 0xdbde, 0xdbde, 0xdbde, 0xdbde, 0xdbde, 0xdbde, 0xdbde, 0xdbde, 0xdbde, 0xdbde, 
  0xdbde, 0xdbde, 0xdbde, 0xdbde, 0xdbde, 0xdbde, 0xdbde, 0xdbde, 0xdbde, 0x5d7b, 0x5d7b, 0x5d7b, 
  0x5d7b, 0x8c4a, 0x8c4a, 0x6a62, 0x6a62, 0x8c4a, 0x8c4a, 0x8c4a, 0x8c4a, 0x8c4a, 0x8c4a, 0x5d7b, 
  0x5d7b, 0x5d7b, 0x5d7b, 0xdbde, 0xdbde, 0xdbde, 0xdbde, 0xdbde, 0xdbde, 0xdbde, 0xdbde, 0xdbde, 
  0xdbde, 0xdbde, 0xdbde, 0xdbde, 0xdbde, 0xdbde, 0xdbde, 0xdbde, 0xdbde, 0xdbde, 0xdbde, 0xdbde, 
  0xdbde, 0xdbde, 0xdbde, 0xdbde, 0xdbde, 0xdbde, 0xdbde, 0xdbde, 0xdbde, 0xdbde, 0xdbde, 0xdbde, 
  0xdbde, 0xdbde, 0xdbde, 0xdbde, 0xdbde, 0xdbde, 0xdbde, 0xdbde, 0xdbde, 0xdbde, 0xdbde, 0xdbde, 
  0xdbde, 0xdbde, 0xdbde, 0xdbde, 0xdbde, 0xdbde, 0xdbde, 0xdbde, 0xdbde, 0xdbde, 0xdbde, 0xdbde, 
  0xdbde, 0xdbde, 0xdbde, 0xdbde, 0xdbde, 0xdbde, 0xdbde, 0xdbde, 0xdbde, 0xdbde, 0xdbde, 0xdbde, 
  0xdbde, 0xdbde, 0xdbde, 0xdbde, 0xdbde, 0xdbde, 0xdbde, 0xdbde, 0xdbde, 0xdbde, 0xdbde, 0xdbde, 
  0xdbde, 0xdbde, 0xdbde, 0xdbde, 0xdbde, 0xdbde, 0xdbde, 0xdbde, 0xdbde, 0xdbde, 0xdbde, 0xdbde, 
  0xdbde, 0xdbde, 0xdbde, 0xdbde, 0xdbde, 0xdbde, 0xdbde, 0xdbde, 0xdbde, 0xdbde, 0xdbde, 0xdbde, 
  0xdbde, 0xdbde, 0xdbde, 0xdbde, 0xdbde, 0xdbde, 0xdbde, 0xdbde, 0xdbde, 0xdbde, 0xdbde, 0xdbde, 
  0xdbde, 0xdbde, 0xdbde, 0xdbde, 0xdbde, 0xdbde, 0xdbde, 0xdbde, 0xdbde, 0xdbde, 0xdbde, 0xdbde, 
  0xdbde, 0xdbde, 0xdbde, 0xdbde, 0xdbde, 0xdbde, 0xdbde, 0xdbde, 0xdbde, 0xdbde, 0x5d7b, 0x5d7b, 
  0x5d7b, 0x5d7b, 0x8c4a, 0x8c4a, 0x8c4a, 0x8c4a, 0x8c4a, 0x8c4a, 0x8c4a, 0x8c4a, 0x8c4a, 0x8c4a, 
  0x8c4a, 0x8c4a, 0x8c4a, 0x8c4a, 0x8c4a, 0x8c4a, 0x5d7b, 0x5d7b, 0x5d7b, 0x5d7b, 0xdbde, 0xdbde, 
  0xdbde, 0xdbde, 0xdbde, 0xdbde, 0xdbde, 0xdbde, 0xdbde, 0xdbde, 0xdbde, 0xdbde, 0xdbde, 0xdbde, 
  0xdbde, 0xdbde, 0xdbde, 0xdbde, 0xdbde, 0xdbde, 0xdbde, 0xdbde, 0xdbde, 0xdbde, 0xdbde, 0xdbde, 
  0xdbde, 0xdbde, 0xdbde, 0xdbde, 0xdbde, 0xdbde, 0xdbde, 0xdbde, 0xdbde, 0xdbde, 0xdbde, 0xdbde, 
  0xdbde, 0xdbde, 0xdbde, 0xdbde, 0xdbde, 0xdbde, 0xdbde, 0xdbde, 0xdbde, 0xdbde, 0xdbde, 0xdbde, 
  0xdbde, 0xdbde, 0xdbde, 0xdbde, 0xdbde, 0xdbde, 0xdbde, 0xdbde, 0xdbde, 0xdbde, 0xdbde, 0xdbde, 
  0xdbde, 0xdbde, 0xdbde, 0xdbde, 0xdbde, 0xdbde, 0xdbde, 0xdbde, 0xdbde, 0xdbde, 0xdbde, 0xdbde, 
  0xdbde, 0xdbde, 0xdbde, 0xdbde, 0xdbde, 0xdbde, 0xdbde, 0xdbde, 0xdbde, 0xdbde, 0xdbde, 0xdbde, 
  0xdbde, 0xdbde, 0xdbde, 0xdbde, 0xdbde, 0xdbde, 0xdbde, 0xdbde, 0xdbde, 0xdbde, 0xdbde, 0xdbde, 
  0xdbde, 0xdbde, 0xdbde, 0xdbde, 0xdbde, 0xdbde, 0xdbde, 0xdbde, 0xdbde, 0xdbde, 0xdbde, 0xdbde, 
  0xdbde, 0xdbde, 0xdbde, 0xdbde, 0xdbde, 0xdbde, 0xdbde, 0xdbde, 0xdbde, 0xdbde, 0xdbde, 0xdbde, 
  0xdbde, 0xdbde, 0xdbde, 0xdbde, 0xdbde, 0xdbde, 0xdbde, 0xdbde, 0xdbde, 0xdbde, 0xdbde, 0xdbde, 
  0xdbde, 0xdbde, 0xdbde, 0xdbde, 0xdbde, 0x5d7b, 0x5d7b, 0x5d7b, 0x5d7b, 0x8c4a, 0x8c4a, 0x6a62, 
  0x6a62, 0x8c4a, 0x8c4a, 0x8c4a, 0x8c4a, 0x8c4a, 0x8c4a, 0x5d7b, 0x5d7b, 0x5d7b, 0x5d7b, 0xdbde, 
  0xdbde, 0xdbde, 0xdbde, 0xdbde, 0xdbde, 0xdbde, 0xdbde, 0xdbde, 0xdbde, 0xdbde, 0xdbde, 0xdbde, 
  0xdbde, 0xdbde, 0xdbde, 0xdbde, 0xdbde, 0xdbde, 0xdbde, 0xdbde, 0xdbde, 0xdbde, 0xdbde, 0xdbde, 
  0xdbde, 0xdbde, 0xdbde, 0xdbde, 0xdbde, 0xdbde, 0xdbde, 0xdbde, 0xdbde, 0xdbde, 0xdbde, 0xdbde, 
  0xdbde, 0xdbde, 0xdbde, 0xdbde, 0xdbde, 0xdbde, 0xdbde, 0xdbde, 0xdbde, 0xdbde, 0xdbde, 0xdbde, 
  0xdbde, 0xdbde, 0xdbde, 0xdbde, 0xdbde, 0xdbde, 0xdbde, 0xdbde, 0xdbde, 0xdbde, 0xdbde, 0xdbde, 
  0xdbde, 0xdbde, 0xdbde, 0xdbde, 0xdbde, 0xdbde, 0xdbde, 0xdbde, 0xdbde, 0xdbde, 0xdbde, 0xdbde, 
  0xdbde, 0xdbde, 0xdbde, 0xdbde, 0xdbde, 0xdbde, 0xdbde, 0xdbde, 0xdbde, 0xdbde, 0xdbde, 0xdbde, 
  0xdbde, 0xdbde, 0xdbde, 0xdbde, 0xdbde, 0xdbde, 0xdbde, 0xdbde, 0xdbde, 0xdbde, 0xdbde, 0xdbde, 
  0xdbde, 0xdbde, 0xdbde, 0xdbde, 0xdbde, 0xdbde, 0xdbde, 0xdbde, 0xdbde, 0xdbde, 0xdbde, 0xdbde, 
  0xdbde, 0xdbde, 0xdbde, 0xdbde, 0xdbde, 0xdbde, 0xdbde, 0xdbde, 0xdbde, 0xdbde, 0xdbde, 0xdbde, 
  0xdbde, 0xdbde, 0xdbde, 0xdbde, 0xdbde, 0xdbde, 0xdbde, 0xdbde, 0xdbde, 0xdbde, 0xdbde, 0xdbde, 
  0xdbde, 0xdbde, 0xdbde, 0xdbde, 0xdbde, 0xdbde, 0x5d7b, 0x5d7b, 0x5d7b, 0x5d7b, 0x8c4a, 0x8c4a, 
  0x8c4a, 0x8c4a, 0x8c4a, 0x8c4a, 0x8c4a, 0x8c4a, 0x8c4a, 0x8c4a, 0x8c4a, 0x8c4a, 0x8c4a, 0x8c4a, 
  0x8c4a, 0x8c4a, 0x5d7b, 0x5d7b, 0x5d7b, 0x5d7b, 0xdbde, 0xdbde, 0xdbde, 0xdbde, 0xdbde, 0xdbde, 
  0xdbde, 0xdbde, 0xdbde, 0xdbde, 0xdbde, 0xdbde, 0xdbde, 0xdbde, 0xdbde, 0xdbde, 0xdbde, 0xdbde, 
  0xdbde, 0xdbde, 0xdbde, 0xdbde, 0xdbde, 0xdbde, 0xdbde, 0xdbde, 0xdbde, 0xdbde, 0xdbde, 0xdbde, 
  0xdbde, 0xdbde, 0xdbde, 0xdbde, 0xdbde, 0xdbde, 0xdbde, 0xdbde, 0xdbde, 0xdbde, 0xdbde, 0xdbde, 
  0xdbde, 0xdbde, 0xdbde, 0xdbde, 0xdbde, 0xdbde, 0xdbde, 0xdbde, 0xdbde, 0xdbde, 0xdbde, 0xdbde, 
  0xdbde, 0xdbde, 0xdbde, 0xdbde, 0xdbde, 0xdbde, 0xdbde, 0xdbde, 0xdbde, 0xdbde, 0xdbde, 0xdbde, 
  0xdbde, 0xdbde, 0xdbde, 0xdbde, 0xdbde, 0xdbde, 0xdbde, 0xdbde, 0xdbde, 0xdbde, 0xdbde, 0xdbde, 
  0xdbde, 0xdbde, 0xdbde, 0xdbde, 0xdbde, 0xdbde, 0xdbde, 0xdbde, 0xdbde, 0xdbde, 0xdbde, 0xdbde, 
  0xdbde, 0xdbde, 0xdbde, 0xdbde, 0xdbde, 0xdbde, 0xdbde, 0xdbde, 0xdbde, 0xdbde, 0xdbde, 0xdbde, 
  0xdbde, 0xdbde, 0xdbde, 0xdbde, 0xdbde, 0xdbde, 0xdbde, 0xdbde, 0xdbde, 0xdbde, 0xdbde, 0xdbde, 
  0xdbde, 0xdbde, 0xdbde, 0xdbde, 0xdbde, 0xdbde, 0xdbde, 0xdbde, 0xdbde, 0xdbde, 0xdbde, 0xdbde, 
  0xdbde, 0xdbde, 0xdbde, 0xdbde, 0xdbde, 0xdbde, 0xdbde, 0xdbde, 0xdbde, 0xdbde, 0xdbde, 0xdbde, 
  0xdbde, 0x5d7b, 0x5d7b, 0x5d7b, 0x5d7b, 0x8c4a, 0x8c4a, 0x6a62, 0x6a62, 0x8c4a, 0x8c4a, 0x8c4a, 
  0x8c4a, 0x8c4a, 0x8c4a, 0x5d7b, 0x5d7b, 0x5d7b, 0x5d7b, 0xdbde, 0xdbde, 0xdbde, 0xdbde, 0xdbde, 
  0xdbde, 0xdbde, 0xdbde, 0xdbde, 0xdbde, 0xdbde, 0xdbde, 0xdbde, 0xdbde, 0xdbde, 0xdbde, 0xdbde, 
  0xdbde, 0xdbde, 0xdbde, 0xdbde, 0xdbde, 0xdbde, 0xdbde, 0xdbde, 0xdbde, 0xdbde, 0xdbde, 0xdbde, 
  0xdbde, 0xdbde, 0xdbde, 0xdbde, 0xdbde, 0xdbde, 0xdbde, 0xdbde, 0xdbde, 0xdbde, 0xdbde, 0xdbde, 
  0xdbde, 0xdbde, 0xdbde, 0xdbde, 0xdbde, 0xdbde, 0xdbde, 0xdbde, 0xdbde, 0xdbde, 0xdbde, 0xdbde, 
  0xdbde, 0xdbde, 0xdbde, 0xdbde, 0xdbde, 0xdbde, 0xdbde, 0xdbde, 0xdbde, 0xdbde, 0xdbde, 0xdbde, 
  0xdbde, 0xdbde, 0xdbde, 0xdbde, 0xdbde, 0xdbde, 0xdbde, 0xdbde, 0xdbde, 0xdbde, 0xdbde, 0xdbde, 
  0xdbde, 0xdbde, 0xdbde, 0xdbde, 0xdbde, 0xdbde, 0xdbde, 0xdbde, 0xdbde, 0xdbde, 0xdbde, 0xdbde, 
  0xdbde, 0xdbde, 0xdbde, 0xdbde, 0xdbde, 0xdbde, 0xdbde, 0xdbde, 0xdbde, 0xdbde, 0xdbde, 0xdbde, 
  0xdbde, 0xdbde, 0xdbde, 0xdbde, 0xdbde, 0xdbde, 0xdbde, 0xdbde, 0xdbde, 0xdbde, 0xdbde, 0xdbde, 
  0xdbde, 0xdbde, 0xdbde, 0xdbde, 0xdbde, 0xdbde, 0xdbde, 0xdbde, 0xdbde, 0xdbde, 0xdbde, 0xdbde, 
  0xdbde, 0xdbde, 0xdbde, 0xdbde, 0xdbde, 0xdbde, 0xdbde, 0xdbde, 0xdbde, 0xdbde, 0xdbde, 0xdbde, 
  0xdbde, 0xdbde, 0x5d7b, 0x5d7b, 0x5d7b, 0x5d7b, 0x8c4a, 0x8c4a, 0x8c4a, 0x8c4a, 0x8c4a, 0x8c4a, 
  0x8c4a, 0x8c4a, 0x8c4a, 0x8c4a, 0x8c4a, 0x8c4a, 0x8c4a, 0x8c4a, 0x8c4a, 0x8c4a, 0x5d7b, 0x5d7b, 
  0x5d7b, 0x5d7b, 0xdbde, 0xdbde, 0xdbde, 0xdbde, 0xdbde, 0xdbde, 0xdbde, 0xdbde, 0xdbde, 0xdbde, 
  0xdbde, 0xdbde, 0xdbde, 0xdbde, 0xdbde, 0xdbde, 0xdbde, 0xdbde, 0xdbde, 0xdbde, 0xdbde, 0xdbde, 
  0xdbde, 0xdbde, 0xdbde, 0xdbde, 0xdbde, 0xdbde, 0xdbde, 0xdbde, 0xdbde, 0xdbde, 0xdbde, 0xdbde, 
  0xdbde, 0xdbde, 0xdbde, 0xdbde, 0xdbde, 0xdbde, 0xdbde, 0xdbde, 0xdbde, 0xdbde, 0xdbde, 0xdbde, 
  0xdbde, 0xdbde, 0xdbde, 0xdbde, 0xdbde, 0xdbde, 0xdbde, 0xdbde, 0xdbde, 0xdbde, 0xdbde, 0xdbde, 
  0xdbde, 0xdbde, 0xdbde, 0xdbde, 0xdbde, 0xdbde, 0xdbde, 0xdbde, 0xdbde, 0xdbde, 0xdbde, 0xdbde, 
  0xdbde, 0xdbde, 0xdbde, 0xdbde, 0xdbde, 0xdbde, 0xdbde, 0xdbde, 0xdbde, 0xdbde, 0xdbde, 0xdbde, 
  0xdbde, 0xdbde, 0xdbde, 0xdbde, 0xdbde, 0xdbde, 0xdbde, 0xdbde, 0xdbde, 0xdbde, 0xdbde, 0xdbde, 
  0xdbde, 0xdbde, 0xdbde, 0xdbde, 0xdbde, 0xdbde, 0xdbde, 0xdbde, 0xdbde, 0xdbde, 0xdbde, 0xdbde, 
  0xdbde, 0xdbde, 0xdbde, 0xdbde, 0xdbde, 0xdbde, 0xdbde, 0xdbde, 0xdbde, 0xdbde, 0xdbde, 0xdbde, 
  0xdbde, 0xdbde, 0xdbde, 0xdbde, 0xdbde, 0xdbde, 0xdbde, 0xdbde, 0xdbde, 0xdbde, 0xdbde, 0xdbde, 
  0xdbde, 0xdbde, 0xdbde, 0xdbde, 0xdbde, 0xdbde, 0xdbde, 0xdbde, 0xdbde, 0x5d7b, 0x5d7b, 0x5d7b, 
  0x5d7b, 0x8c4a, 0x8c4a, 0x6a62, 0x6a62, 0x8c4a, 0x8c4a, 0x8c4a, 0x8c4a, 0x8c4a, 0x8c4a, 0x5d7b, 
  0x5d7b, 0x5d7b, 0x5d7b, 0xdbde, 0xdbde, 0xdbde, 0xdbde, 0xdbde, 0xdbde, 0xdbde, 0xdbde, 0xdbde, 
  0xdbde, 0xdbde, 0xdbde, 0xdbde, 0xdbde, 0xdbde, 0xdbde, 0xdbde, 0xdbde, 0xdbde, 0xdbde, 0xdbde, 
  0xdbde, 0xdbde, 0xdbde, 0xdbde, 0xdbde, 0xdbde, 0xdbde, 0xdbde, 0xdbde, 0xdbde, 0xdbde, 0xdbde, 
  0xdbde, 0xdbde, 0xdbde, 0xdbde, 0xdbde, 0xdbde, 0xdbde, 0xdbde, 0xdbde, 0xdbde, 0xdbde, 0xdbde, 
  0xdbde, 0xdbde, 0xdbde, 0xdbde, 0xdbde, 0xdbde, 0xdbde, 0xdbde, 0xdbde, 0xdbde, 0xdbde, 0xdbde, 
  0xdbde, 0xdbde, 0xdbde, 0xdbde, 0xdbde, 0xdbde, 0xdbde, 0xdbde, 0xdbde, 0xdbde, 0xdbde, 0xdbde, 
  0xdbde, 0xdbde, 0xdbde, 0xdbde, 0xdbde, 0xdbde, 0xdbde, 0xdbde, 0xdbde, 0xdbde, 0xdbde, 0xdbde, 
  0xdbde, 0xdbde, 0xdbde, 0xdbde, 0xdbde, 0xdbde, 0xdbde, 0xdbde, 0xdbde, 0xdbde, 0xdbde, 0xdbde, 
  0xdbde, 0xdbde, 0xdbde, 0xdbde, 0xdbde, 0xdbde, 0xdbde, 0xdbde, 0xdbde, 0xdbde, 0xdbde, 0xdbde, 
  0xdbde, 0xdbde, 0xdbde, 0xdbde, 0xdbde, 0xdbde, 0xdbde, 0xdbde, 0xdbde, 0xdbde, 0xdbde, 0xdbde, 
  0xdbde, 0xdbde, 0xdbde, 0xdbde, 0xdbde, 0xdbde, 0xdbde, 0xdbde, 0xdbde, 0xdbde, 0xdbde, 0xdbde, 
  0xdbde, 0xdbde, 0xdbde, 0xdbde, 0xdbde, 0xdbde, 0xdbde, 0xdbde, 0xdbde, 0xdbde, 0x5d7b, 0x5d7b, 
  0x5d7b, 0x5d7b, 0x8c4a, 0x8c4a, 0x8c4a, 0x8c4a, 0x8c4a, 0x8c4a, 0x8c4a, 0x8c4a, 0x8c4a, 0x8c4a, 
  0x8c4a, 0x8c4a, 0x8c4a, 0x8c4a, 0x8c4a, 0x8c4a, 0x5d7b, 0x5d7b, 0x5d7b, 0x5d7b, 0xdbde, 0xdbde, 
  0xdbde, 0xdbde, 0xdbde, 0xdbde, 0xdbde, 0xdbde, 0xdbde, 0xdbde, 0xdbde, 0xdbde, 0xdbde, 0xdbde, 
  0xdbde, 0xdbde, 0xdbde, 0xdbde, 0xdbde, 0xdbde, 0xdbde, 0xdbde, 0xdbde, 0xdbde, 0xdbde, 0xdbde, 
  0xdbde, 0xdbde, 0xdbde, 0xdbde, 0xdbde, 0xdbde, 0xdbde, 0xdbde, 0xdbde, 0xdbde, 0xdbde, 0xdbde, 
  0xdbde, 0xdbde, 0xdbde, 0xdbde, 0xdbde, 0xdbde, 0xdbde, 0xdbde, 0xdbde, 0xdbde, 0xdbde, 0xdbde, 
  0xdbde, 0xdbde, 0xdbde, 0xdbde, 0xdbde, 0xdbde, 0xdbde, 0xdbde, 0xdbde, 0xdbde, 0xdbde, 0xdbde, 
  0xdbde, 0xdbde, 0xdbde, 0xdbde, 0xdbde, 0xdbde, 0xdbde, 0xdbde, 0xdbde, 0xdbde, 0xdbde, 0xdbde, 
  0xdbde, 0xdbde, 0xdbde, 0xdbde, 0xdbde, 0xdbde, 0xdbde, 0xdbde, 0xdbde, 0xdbde, 0xdbde, 0xdbde, 
  0xdbde, 0xdbde, 0xdbde, 0xdbde, 0xdbde, 0xdbde, 0xdbde, 0xdbde, 0xdbde, 0xdbde, 0xdbde, 0xdbde, 
  0xdbde, 0xdbde, 0xdbde, 0xdbde, 0xdbde, 0xdbde, 0xdbde, 0xdbde, 0xdbde, 0xdbde, 0xdbde, 0xdbde, 
  0xdbde, 0xdbde, 0xdbde, 0xdbde, 0xdbde, 0xdbde, 0xdbde, 0xdbde, 0xdbde, 0xdbde, 0xdbde, 0xdbde, 
  0xdbde, 0xdbde, 0xdbde, 0xdbde, 0xdbde, 0xdbde, 0xdbde, 0xdbde, 0xdbde, 0xdbde, 0xdbde, 0xdbde, 
  0xdbde, 0xdbde, 0xdbde, 0xdbde, 0xdbde, 0x5d7b, 0x5d7b, 0x5d7b, 0x5d7b, 0x8c4a, 0x8c4a, 0x6a62, 
  0x6a62, 0x8c4a, 0x8c4a, 0x8c4a, 0x8c4a, 0x8c4a, 0x8c4a, 0x5d7b, 0x5d7b, 0x5d7b, 0x5d7b, 0xdbde, 
  0xdbde, 0xdbde, 0xdbde, 0xdbde, 0xdbde, 0xdbde, 0xdbde, 0xdbde, 0xdbde, 0xdbde, 0xdbde, 0xdbde, 
  0xdbde, 0xdbde, 0xdbde, 0xdbde, 0xdbde, 0xdbde, 0xdbde, 0xdbde, 0xdbde, 0xdbde, 0xdbde, 0xdbde, 
  0xdbde, 0xdbde, 0xdbde, 0xdbde, 0xdbde, 0xdbde, 0xdbde, 0xdbde, 0xdbde, 0xdbde, 0xdbde, 0xdbde, 
  0xdbde, 0xdbde, 0xdbde, 0xdbde, 0xdbde, 0xdbde, 0xdbde, 0xdbde, 0xdbde, 0xdbde, 0xdbde, 0xdbde, 
  0xdbde, 0xdbde, 0xdbde, 0xdbde, 0xdbde, 0xdbde, 0xdbde, 0xdbde, 0xdbde, 0xdbde, 0xdbde, 0xdbde, 
  0xdbde, 0xdbde, 0xdbde, 0xdbde, 0xdbde, 0xdbde, 0xdbde, 0xdbde, 0xdbde, 0xdbde, 0xdbde, 0xdbde, 
  0xdbde, 0xdbde, 0xdbde, 0xdbde, 0xdbde, 0xdbde, 0xdbde, 0xdbde, 0xdbde, 0xdbde, 0xdbde, 0xdbde, 
  0xdbde, 0xdbde, 0xdbde, 0xdbde, 0xdbde, 0xdbde, 0xdbde, 0xdbde, 0xdbde, 0xdbde, 0xdbde, 0xdbde, 
  0xdbde, 0xdbde, 0xdbde, 0xdbde, 0xdbde, 0xdbde, 0xdbde, 0xdbde, 0xdbde, 0xdbde, 0xdbde, 0xdbde, 
  0xdbde, 0xdbde, 0xdbde, 0xdbde, 0xdbde, 0xdbde, 0xdbde, 0xdbde, 0xdbde, 0xdbde, 0xdbde, 0xdbde, 
  0xdbde, 0xdbde, 0xdbde, 0xdbde, 0xdbde, 0xdbde, 0xdbde, 0xdbde, 0xdbde, 0xdbde, 0xdbde, 0xdbde, 
  0xdbde, 0xdbde, 0xdbde, 0xdbde, 0xdbde, 0xdbde, 0x5d7b, 0x5d7b, 0x5d7b, 0x5d7b, 0x8c4a, 0x8c4a, 
  0x8c4a, 0x8c4a, 0x8c4a, 0x8c4a, 0x8c4a, 0x8c4a, 0x8c4a, 0x8c4a, 0x8c4a, 0x8c4a, 0x8c4a, 0x8c4a, 
  0x8c4a, 0x8c4a, 0x5d7b, 0x5d7b, 0x5d7b, 0x5d7b, 0xdbde, 0xdbde, 0xdbde, 0xdbde, 0xdbde, 0xdbde, 
  0xdbde, 0xdbde, 0xdbde, 0xdbde, 0xdbde, 0xdbde, 0xdbde, 0xdbde, 0xdbde, 0xdbde, 0xdbde, 0xdbde, 
  0xdbde, 0xdbde, 0xdbde, 0xdbde, 0xdbde, 0xdbde, 0xdbde, 0xdbde, 0xdbde, 0xdbde, 0xdbde, 0xdbde, 
  0xdbde, 0xdbde, 0xdbde, 0xdbde, 0xdbde, 0xdbde, 0xdbde, 0xdbde, 0xdbde, 0xdbde, 0xdbde, 0xdbde, 
  0xdbde, 0xdbde, 0xdbde, 0xdbde, 0xdbde, 0xdbde, 0xdbde, 0xdbde, 0xdbde, 0xdbde, 0xdbde, 0xdbde, 
  0xdbde, 0xdbde, 0xdbde, 0xdbde, 0xdbde, 0xdbde, 0xdbde, 0xdbde, 0xdbde, 0xdbde, 0xdbde, 0xdbde, 
  0xdbde, 0xdbde, 0xdbde, 0xdbde, 0xdbde, 0xdbde, 0xdbde, 0xdbde, 0xdbde, 0xdbde, 0xdbde, 0xdbde, 
  0xdbde, 0xdbde, 0xdbde, 0xdbde, 0xdbde, 0xdbde, 0xdbde, 0xdbde, 0xdbde, 0xdbde, 0xdbde, 0xdbde, 
  0xdbde, 0xdbde, 0xdbde, 0xdbde, 0xdbde, 0xdbde, 0xdbde, 0xdbde, 0xdbde, 0xdbde, 0xdbde, 0xdbde, 
  0xdbde, 0xdbde, 0xdbde, 0xdbde, 0xdbde, 0xdbde, 0xdbde, 0xdbde, 0xdbde, 0xdbde, 0xdbde, 0xdbde, 
  0xdbde, 0xdbde, 0xdbde, 0xdbde, 0xdbde, 0xdbde, 0xdbde, 0xdbde, 0xdbde, 0xdbde, 0xdbde, 0xdbde, 
  0xdbde, 0xdbde, 0xdbde, 0xdbde, 0xdbde, 0xdbde, 0xdbde, 0xdbde, 0xdbde, 0xdbde, 0xdbde, 0xdbde, 
  0xdbde, 0x5d7b, 0x5d7b, 0x5d7b, 0x5d7b, 0x8c4a, 0x8c4a, 0x6a62, 0x6a62, 0x8c4a, 0x8c4a, 0x8c4a, 
  0x8c4a, 0x8c4a, 0x8c4a, 0x5d7b, 0x5d7b, 0x5d7b, 0x5d7b, 0xdbde, 0xdbde, 0xdbde, 0xdbde, 0xdbde, 
  0xdbde, 0xdbde, 0xdbde, 0xdbde, 0xdbde, 0xdbde, 0xdbde, 0xdbde, 0xdbde, 0xdbde, 0xdbde, 0xdbde, 
  0xdbde, 0xdbde, 0xdbde, 0xdbde, 0xdbde, 0xdbde, 0xdbde, 0xdbde, 0xdbde, 0xdbde, 0xdbde, 0xdbde, 
  0xdbde, 0xdbde, 0xdbde, 0xdbde, 0xdbde, 0xdbde, 0xdbde, 0xdbde, 0xdbde, 0xdbde, 0xdbde, 0xdbde, 
  0xdbde, 0xdbde, 0xdbde, 0xdbde, 0xdbde, 0xdbde, 0xdbde, 0xdbde, 0xdbde, 0xdbde, 0xdbde, 0xdbde, 
  0xdbde, 0xdbde, 0xdbde, 0xdbde, 0xdbde, 0xdbde, 0xdbde, 0xdbde, 0xdbde, 0xdbde, 0xdbde, 0xdbde, 
  0xdbde, 0xdbde, 0xdbde, 0xdbde, 0xdbde, 0xdbde, 0xdbde, 0xdbde, 0xdbde, 0xdbde, 0xdbde, 0xdbde, 
  0xdbde, 0xdbde, 0xdbde, 0xdbde, 0xdbde, 0xdbde, 0xdbde, 0xdbde, 0xdbde, 0xdbde, 0xdbde, 0xdbde, 
  0xdbde, 0xdbde, 0xdbde, 0xdbde, 0xdbde, 0xdbde, 0xdbde, 0xdbde, 0xdbde, 0xdbde, 0xdbde, 0xdbde, 
  0xdbde, 0xdbde, 0xdbde, 0xdbde, 0xdbde, 0xdbde, 0xdbde, 0xdbde, 0xdbde, 0xdbde, 0xdbde, 0xdbde, 
  0xdbde, 0xdbde, 0xdbde, 0xdbde, 0xdbde, 0xdbde, 0xdbde, 0xdbde, 0xdbde, 0xdbde, 0xdbde, 0xdbde, 
  0xdbde, 0xdbde, 0xdbde, 0xdbde, 0xdbde, 0xdbde, 0xdbde, 0xdbde, 0xdbde, 0xdbde, 0xdbde, 0xdbde, 
  0xdbde, 0xdbde, 0x5d7b, 0x5d7b, 0x5d7b, 0x5d7b, 0x8c4a, 0x8c4a, 0x8c4a, 0x8c4a, 0x8c4a, 0x8c4a, 
  0x8c4a, 0x8c4a, 0x8c4a, 0x8c4a, 0x8c4a, 0x8c4a, 0x8c4a, 0x8c4a, 0x8c4a, 0x8c4a, 0x5d7b, 0x5d7b, 
  0x5d7b, 0x5d7b, 0xdbde, 0xdbde, 0xdbde, 0xdbde, 0xdbde, 0xdbde, 0xdbde, 0xdbde, 0xdbde, 0xdbde, 
  0xdbde, 0xdbde, 0xdbde, 0xdbde, 0xdbde, 0xdbde, 0xdbde, 0xdbde, 0xdbde, 0xdbde, 0xdbde, 0xdbde, 
  0xdbde, 0xdbde, 0xdbde, 0xdbde, 0xdbde, 0xdbde, 0xdbde, 0xdbde, 0xdbde, 0xdbde, 0xdbde, 0xdbde, 
  0xdbde, 0xdbde, 0xdbde, 0xdbde, 0xdbde, 0xdbde, 0xdbde, 0xdbde, 0xdbde, 0xdbde, 0xdbde, 0xdbde, 
  0xdbde, 0xdbde, 0xdbde, 0xdbde, 0xdbde, 0xdbde, 0xdbde, 0xdbde, 0xdbde, 0xdbde, 0xdbde, 0xdbde, 
  0xdbde, 0xdbde, 0xdbde, 0xdbde, 0xdbde, 0xdbde, 0xdbde, 0xdbde, 0xdbde, 0xdbde, 0xdbde, 0xdbde, 
  0xdbde, 0xdbde, 0xdbde, 0xdbde, 0xdbde, 0xdbde, 0xdbde, 0xdbde, 0xdbde, 0xdbde, 0xdbde, 0xdbde, 
  0xdbde, 0xdbde, 0xdbde, 0xdbde, 0xdbde, 0xdbde, 0xdbde, 0xdbde, 0xdbde, 0xdbde, 0xdbde, 0xdbde, 
  0xdbde, 0xdbde, 0xdbde, 0xdbde, 0xdbde, 0xdbde, 0xdbde, 0xdbde, 0xdbde, 0xdbde, 0xdbde, 0xdbde, 
  0xdbde, 0xdbde, 0xdbde, 0xdbde, 0xdbde, 0xdbde, 0xdbde, 0xdbde, 0xdbde, 0xdbde, 0xdbde, 0xdbde, 
  0xdbde, 0xdbde, 0xdbde, 0xdbde, 0xdbde, 0xdbde, 0xdbde, 0xdbde, 0xdbde, 0xdbde, 0xdbde, 0xdbde, 
  0xdbde, 0xdbde, 0xdbde, 0xdbde, 0xdbde, 0xdbde, 0xdbde, 0xdbde, 0xdbde, 0x5d7b, 0x5d7b, 0x5d7b, 
  0x5d7b, 0x8c4a, 0x8c4a, 0x6a62, 0x6a62, 0x8c4a, 0x8c4a, 0x8c4a, 0x8c4a, 0x8c4a, 0x8c4a, 0x5d7b, 
  0x5d7b, 0x5d7b, 0x5d7b, 0xdbde, 0xdbde, 0xdbde, 0xdbde, 0xdbde, 0xdbde, 0xdbde, 0xdbde, 0xdbde, 
  0xdbde, 0xdbde, 0xdbde, 0xdbde, 0xdbde, 0xdbde, 0xdbde, 0xdbde, 0xdbde, 0xdbde, 0xdbde, 0xdbde, 
  0xdbde, 0xdbde, 0xdbde, 0xdbde, 0xdbde, 0xdbde, 0xdbde, 0xdbde, 0xdbde, 0xdbde, 0xdbde, 0xdbde, 
  0xdbde, 0xdbde, 0xdbde, 0xdbde, 0xdbde, 0xdbde, 0xdbde, 0xdbde, 0xdbde, 0xdbde, 0xdbde, 0xdbde, 
  0xdbde, 0xdbde, 0xdbde, 0xdbde, 0xdbde, 0xdbde, 0xdbde, 0xdbde, 0xdbde, 0xdbde, 0xdbde, 0xdbde, 
  0xdbde, 0xdbde, 0xdbde, 0xdbde, 0xdbde, 0xdbde, 0xdbde, 0xdbde, 0xdbde, 0xdbde, 0xdbde, 0xdbde, 
  0xdbde, 0xdbde, 0xdbde, 0xdbde, 0xdbde, 0xdbde, 0xdbde, 0xdbde, 0xdbde, 0xdbde, 0xdbde, 0xdbde, 
  0xdbde, 0xdbde, 0xdbde, 0xdbde, 0xdbde, 0xdbde, 0xdbde, 0xdbde, 0xdbde, 0xdbde, 0xdbde, 0xdbde, 
  0xdbde, 0xdbde, 0xdbde, 0xdbde, 0xdbde, 0xdbde, 0xdbde, 0xdbde, 0xdbde, 0xdbde, 0xdbde, 0xdbde, 
  0xdbde, 0xdbde, 0xdbde, 0xdbde, 0xdbde, 0xdbde, 0xdbde, 0xdbde, 0xdbde, 0xdbde, 0xdbde, 0xdbde, 
  0xdbde, 0xdbde, 0xdbde, 0xdbde, 0xdbde, 0xdbde, 0xdbde, 0xdbde, 0xdbde, 0xdbde, 0xdbde, 0xdbde, 
  0xdbde, 0xdbde, 0xdbde, 0xdbde, 0xdbde, 0xdbde, 0xdbde, 0xdbde, 0xdbde, 0xdbde, 0x5d7b, 0x5d7b, 
  0x5d7b, 0x5d7b, 0x8c4a, 0x8c4a, 0x8c4a, 0x8c4a, 0x8c4a, 0x8c4a, 0x8c4a, 0x8c4a, 0x8c4a, 0x8c4a, 
  0x8c4a, 0x8c4a, 0x8c4a, 0x8c4a, 0x8c4a, 0x8c4a, 0x5d7b, 0x5d7b, 0x5d7b, 0x5d7b, 0xdbde, 0xdbde, 
  0xdbde, 0xdbde, 0xdbde, 0xdbde, 0xdbde, 0xdbde, 0xdbde, 0xdbde, 0xdbde, 0xdbde, 0xdbde, 0xdbde, 
  0xdbde, 0xdbde, 0xdbde, 0xdbde, 0xdbde, 0xdbde, 0xdbde, 0xdbde, 0xdbde, 0xdbde, 0xdbde, 0xdbde, 
  0xdbde, 0xdbde, 0xdbde, 0xdbde, 0xdbde, 0xdbde, 0xdbde, 0xdbde, 0xdbde, 0xdbde, 0xdbde, 0xdbde, 
  0xdbde, 0xdbde, 0xdbde, 0xdbde, 0xdbde, 0xdbde, 0xdbde, 0xdbde, 0xdbde, 0xdbde, 0xdbde, 0xdbde, 
  0xdbde, 0xdbde, 0xdbde, 0xdbde, 0xdbde, 0xdbde, 0xdbde, 0xdbde, 0xdbde, 0xdbde, 0xdbde, 0xdbde, 
  0xdbde, 0xdbde, 0xdbde, 0xdbde, 0xdbde, 0xdbde, 0xdbde, 0xdbde, 0xdbde, 0xdbde, 0xdbde, 0xdbde, 
  0xdbde, 0xdbde, 0xdbde, 0xdbde, 0xdbde, 0xdbde, 0xdbde, 0xdbde, 0xdbde, 0xdbde, 0xdbde, 0xdbde, 
  0xdbde, 0xdbde, 0xdbde, 0xdbde, 0xdbde, 0xdbde, 0xdbde, 0xdbde, 0xdbde, 0xdbde, 0xdbde, 0xdbde, 
  0xdbde, 0xdbde, 0xdbde, 0xdbde, 0xdbde, 0xdbde, 0xdbde, 0xdbde, 0xdbde, 0xdbde, 0xdbde, 0xdbde, 
  0xdbde, 0xdbde, 0xdbde, 0xdbde, 0xdbde, 0xdbde, 0xdbde, 0xdbde, 0xdbde, 0xdbde, 0xdbde, 0xdbde, 
  0xdbde, 0xdbde, 0xdbde, 0xdbde, 0xdbde, 0xdbde, 0xdbde, 0xdbde, 0xdbde, 0xdbde, 0xdbde, 0xdbde, 
  0xdbde, 0xdbde, 0xdbde, 0xdbde, 0xdbde, 0x5d7b, 0x5d7b, 0x5d7b, 0x5d7b, 0x8c4a, 0x8c4a, 0x6a62, 
  0x6a62, 0x8c4a, 0x8c4a, 0x8c4a, 0x8c4a, 0x8c4a, 0x8c4a, 0x5d7b, 0x5d7b, 0x5d7b, 0x5d7b, 0xdbde, 
  0xdbde, 0xdbde, 0xdbde, 0xdbde, 0xdbde, 0xdbde, 0xdbde, 0xdbde, 0xdbde, 0xdbde, 0xdbde, 0xdbde, 
  0xdbde, 0xdbde, 0xdbde, 0xdbde, 0xdbde, 0xdbde, 0xdbde, 0xdbde, 0xdbde, 0xdbde, 0xdbde, 0xdbde, 
  0xdbde, 0xdbde, 0xdbde, 0xdbde, 0xdbde, 0xdbde, 0xdbde, 0xdbde, 0xdbde, 0xdbde, 0xdbde, 0xdbde, 
  0xdbde, 0xdbde, 0xdbde, 0xdbde, 0xdbde, 0xdbde, 0xdbde, 0xdbde, 0xdbde, 0xdbde, 0xdbde, 0xdbde, 
  0xdbde, 0xdbde, 0xdbde, 0xdbde, 0xdbde, 0xdbde, 0xdbde, 0xdbde, 0xdbde, 0xdbde, 0xdbde, 0xdbde, 
  0xdbde, 0xdbde, 0xdbde, 0xdbde, 0xdbde, 0xdbde, 0xdbde, 0xdbde, 0xdbde, 0xdbde, 0xdbde, 0xdbde, 
  0xdbde, 0xdbde, 0xdbde, 0xdbde, 0xdbde, 0xdbde, 0xdbde, 0xdbde, 0xdbde, 0xdbde, 0xdbde, 0xdbde, 
  0xdbde, 0xdbde, 0xdbde, 0xdbde, 0xdbde, 0xdbde, 0xdbde, 0xdbde, 0xdbde, 0xdbde, 0xdbde, 0xdbde, 
  0xdbde, 0xdbde, 0xdbde, 0xdbde, 0xdbde, 0xdbde, 0xdbde, 0xdbde, 0xdbde, 0xdbde, 0xdbde, 0xdbde, 
  0xdbde, 0xdbde, 0xdbde, 0xdbde, 0xdbde, 0xdbde, 0xdbde, 0xdbde, 0xdbde, 0xdbde, 0xdbde, 0xdbde, 
  0xdbde, 0xdbde, 0xdbde, 0xdbde, 0xdbde, 0xdbde, 0xdbde, 0xdbde, 0xdbde, 0xdbde, 0xdbde, 0xdbde, 
  0xdbde, 0xdbde, 0xdbde, 0xdbde, 0xdbde, 0xdbde, 0x5d7b, 0x5d7b, 0x5d7b, 0x5d7b, 0x8c4a, 0x8c4a, 
  0x8c4a, 0x8c4a, 0x8c4a, 0x8c4a, 0x8c4a, 0x8c4a, 0x8c4a, 0x8c4a, 0x8c4a, 0x8c4a, 0x8c4a, 0x8c4a, 
  0x8c4a, 0x8c4a, 0x5d7b, 0x5d7b, 0x5d7b, 0x5d7b, 0xdbde, 0xdbde, 0xdbde, 0xdbde, 0xdbde, 0xdbde, 
  0xdbde, 0xdbde, 0xdbde, 0xdbde, 0xdbde, 0xdbde, 0xdbde, 0xdbde, 0xdbde, 0xdbde, 0xdbde, 0xdbde, 
  0xdbde, 0xdbde, 0xdbde, 0xdbde, 0xdbde, 0xdbde, 0xdbde, 0xdbde, 0xdbde, 0xdbde, 0xdbde, 0xdbde, 
  0xdbde, 0xdbde, 0xdbde, 0xdbde, 0xdbde, 0xdbde, 0xdbde, 0xdbde, 0xdbde, 0xdbde, 0xdbde, 0xdbde, 
  0xdbde, 0xdbde, 0xdbde, 0xdbde, 0xdbde, 0xdbde, 0xdbde, 0xdbde, 0xdbde, 0xdbde, 0xdbde, 0xdbde, 
  0xdbde, 0xdbde, 0xdbde, 0xdbde, 0xdbde, 0xdbde, 0xdbde, 0xdbde, 0xdbde, 0xdbde, 0xdbde, 0xdbde, 
  0xdbde, 0xdbde, 0xdbde, 0xdbde, 0xdbde, 0xdbde, 0xdbde, 0xdbde, 0xdbde, 0xdbde, 0xdbde, 0xdbde, 
  0xdbde, 0xdbde, 0xdbde, 0xdbde, 0xdbde, 0xdbde, 0xdbde, 0xdbde, 0xdbde, 0xdbde, 0xdbde, 0xdbde, 
  0xdbde, 0xdbde, 0xdbde, 0xdbde, 0xdbde, 0xdbde, 0xdbde, 0xdbde, 0xdbde, 0xdbde, 0xdbde, 0xdbde, 
  0xdbde, 0xdbde, 0xdbde, 0xdbde, 0xdbde, 0xdbde, 0xdbde, 0xdbde, 0xdbde, 0xdbde, 0xdbde, 0xdbde, 
  0xdbde, 0xdbde, 0xdbde, 0xdbde, 0xdbde, 0xdbde, 0xdbde, 0xdbde, 0xdbde, 0xdbde, 0xdbde, 0xdbde, 
  0xdbde, 0xdbde, 0xdbde, 0xdbde, 0xdbde, 0xdbde, 0xdbde, 0xdbde, 0xdbde, 0xdbde, 0xdbde, 0xdbde, 
  0xdbde, 0x5d7b, 0x5d7b, 0x5d7b, 0x5d7b, 0x8c4a, 0x8c4a, 0x6a62, 0x6a62, 0x8c4a, 0x8c4a, 0x8c4a, 
  0x8c4a, 0x8c4a, 0x8c4a, 0x5d7b, 0x5d7b, 0x5d7b, 0x5d7b, 0xdbde, 0xdbde, 0xdbde, 0xdbde, 0xdbde, 
  0xdbde, 0xdbde, 0xdbde, 0xdbde, 0xdbde, 0xdbde, 0xdbde, 0xdbde, 0xdbde, 0xdbde, 0xdbde, 0xdbde, 
  0xdbde, 0xdbde, 0xdbde, 0xdbde, 0xdbde, 0xdbde, 0xdbde, 0xdbde, 0xdbde, 0xdbde, 0xdbde, 0xdbde, 
  0xdbde, 0xdbde, 0xdbde, 0xdbde, 0xdbde, 0xdbde, 0xdbde, 0xdbde, 0xdbde, 0xdbde, 0xdbde, 0xdbde, 
  0xdbde, 0xdbde, 0xdbde, 0xdbde, 0xdbde, 0xdbde, 0xdbde, 0xdbde, 0xdbde, 0xdbde, 0xdbde, 0xdbde, 
  0xdbde, 0xdbde, 0xdbde, 0xdbde, 0xdbde, 0xdbde, 0xdbde, 0xdbde, 0xdbde, 0xdbde, 0xdbde, 0xdbde, 
  0xdbde, 0xdbde, 0xdbde, 0xdbde, 0xdbde, 0xdbde, 0xdbde, 0xdbde, 0xdbde, 0xdbde, 0xdbde, 0xdbde, 
  0xdbde, 0xdbde, 0xdbde, 0xdbde, 0xdbde, 0xdbde, 0xdbde, 0xdbde, 0xdbde, 0xdbde, 0xdbde, 0xdbde, 
  0xdbde, 0xdbde, 0xdbde, 0xdbde, 0xdbde, 0xdbde, 0xdbde, 0xdbde, 0xdbde, 0xdbde, 0xdbde, 0xdbde, 
  0xdbde, 0xdbde, 0xdbde, 0xdbde, 0xdbde, 0xdbde, 0xdbde, 0xdbde, 0xdbde, 0xdbde, 0xdbde, 0xdbde, 
  0xdbde, 0xdbde, 0xdbde, 0xdbde, 0xdbde, 0xdbde, 0xdbde, 0xdbde, 0xdbde, 0xdbde, 0xdbde, 0xdbde, 
  0xdbde, 0xdbde, 0xdbde, 0xdbde, 0xdbde, 0xdbde, 0xdbde, 0xdbde, 0xdbde, 0xdbde, 0xdbde, 0xdbde, 
  0xdbde, 0xdbde, 0x5d7b, 0x5d7b, 0x5d7b, 0x5d7b, 0x8c4a, 0x8c4a, 0x8c4a, 0x8c4a, 0x8c4a, 0x8c4a, 
  0x8c4a, 0x8c4a, 0x8c4a, 0x8c4a, 0x8c4a, 0x8c4a, 0x8c4a, 0x8c4a, 0x8c4a, 0x8c4a, 0x5d7b, 0x5d7b, 
  0x5d7b, 0x5d7b, 0xdbde, 0xdbde, 0xdbde, 0xdbde, 0xdbde, 0xdbde, 0xdbde, 0xdbde, 0xdbde, 0xdbde, 
  0xdbde, 0xdbde, 0xdbde, 0xdbde, 0xdbde, 0xdbde, 0xdbde, 0xdbde, 0xdbde, 0xdbde, 0xdbde, 0xdbde, 
  0xdbde, 0xdbde, 0xdbde, 0xdbde, 0xdbde, 0xdbde, 0xdbde, 0xdbde, 0xdbde, 0xdbde, 0xdbde, 0xdbde, 
  0xdbde, 0xdbde, 0xdbde, 0xdbde, 0xdbde, 0xdbde, 0xdbde, 0xdbde, 0xdbde, 0xdbde, 0xdbde, 0xdbde, 
  0xdbde, 0xdbde, 0xdbde, 0xdbde, 0xdbde, 0xdbde, 0xdbde, 0xdbde, 0xdbde, 0xdbde, 0xdbde, 0xdbde, 
  0xdbde, 0xdbde, 0xdbde, 0xdbde, 0xdbde, 0xdbde, 0xdbde, 0xdbde, 0xdbde, 0xdbde, 0xdbde, 0xdbde, 
  0xdbde, 0xdbde, 0xdbde, 0xdbde, 0xdbde, 0xdbde, 0xdbde, 0xdbde, 0xdbde, 0xdbde, 0xdbde, 0xdbde, 
  0xdbde, 0xdbde, 0xdbde, 0xdbde, 0xdbde, 0xdbde, 0xdbde, 0xdbde, 0xdbde, 0xdbde, 0xdbde, 0xdbde, 
  0xdbde, 0xdbde, 0xdbde, 0xdbde, 0xdbde, 0xdbde, 0xdbde, 0xdbde, 0xdbde, 0xdbde, 0xdbde, 0xdbde, 
  0xdbde, 0xdbde, 0xdbde, 0xdbde, 0xdbde, 0xdbde, 0xdbde, 0xdbde, 0xdbde, 0xdbde, 0xdbde, 0xdbde, 
  0xdbde, 0xdbde, 0xdbde, 0xdbde, 0xdbde, 0xdbde, 0xdbde, 0xdbde, 0xdbde, 0xdbde, 0xdbde, 0xdbde, 
  0xdbde, 0xdbde, 0xdbde, 0xdbde, 0xdbde, 0xdbde, 0xdbde, 0xdbde, 0xdbde, 0x5d7b, 0x5d7b, 0x5d7b, 
  0x5d7b, 0x8c4a, 0x8c4a, 0x6a62, 0x6a62, 0x8c4a, 0x8c4a, 0x8c4a, 0x8c4a, 0x8c4a, 0x8c4a, 0x5d7b, 
  0x5d7b, 0x5d7b, 0x5d7b, 0xdbde, 0xdbde, 0xdbde, 0xdbde, 0xdbde, 0xdbde, 0xdbde, 0xdbde, 0xdbde, 
  0xdbde, 0xdbde, 0xdbde, 0xdbde, 0xdbde, 0xdbde, 0xdbde, 0xdbde, 0xdbde, 0xdbde, 0xdbde, 0xdbde, 
  0xdbde, 0xdbde, 0xdbde, 0xdbde, 0xdbde, 0xdbde, 0xdbde, 0xdbde, 0xdbde, 0xdbde, 0xdbde, 0xdbde, 
  0xdbde, 0xdbde, 0xdbde, 0xdbde, 0xdbde, 0xdbde, 0xdbde, 0xdbde, 0xdbde, 0xdbde, 0xdbde, 0xdbde, 
  0xdbde, 0xdbde, 0xdbde, 0xdbde, 0xdbde, 0xdbde, 0xdbde, 0xdbde, 0xdbde, 0xdbde, 0xdbde, 0xdbde, 
  0xdbde, 0xdbde, 0xdbde, 0xdbde, 0xdbde, 0xdbde, 0xdbde, 0xdbde, 0xdbde, 0xdbde, 0xdbde, 0xdbde, 
  0xdbde, 0xdbde, 0xdbde, 0xdbde, 0xdbde, 0xdbde, 0xdbde, 0xdbde, 0xdbde, 0xdbde, 0xdbde, 0xdbde, 
  0xdbde, 0xdbde, 0xdbde, 0xdbde, 0xdbde, 0xdbde, 0xdbde, 0xdbde, 0xdbde, 0xdbde, 0xdbde, 0xdbde, 
  0xdbde, 0xdbde, 0xdbde, 0xdbde, 0xdbde, 0xdbde, 0xdbde, 0xdbde, 0xdbde, 0xdbde, 0xdbde, 0xdbde, 
  0xdbde, 0xdbde, 0xdbde, 0xdbde, 0xdbde, 0xdbde, 0xdbde, 0xdbde, 0xdbde, 0xdbde, 0xdbde, 0xdbde, 
  0xdbde, 0xdbde, 0xdbde, 0xdbde, 0xdbde, 0xdbde, 0xdbde, 0xdbde, 0xdbde, 0xdbde, 0xdbde, 0xdbde, 
  0xdbde, 0xdbde, 0xdbde, 0xdbde, 0xdbde, 0xdbde, 0xdbde, 0xdbde, 0xdbde, 0xdbde, 0x5d7b, 0x5d7b, 
  0x5d7b, 0x5d7b, 0x8c4a, 0x8c4a, 0x8c4a, 0x8c4a, 0x8c4a, 0x8c4a, 0x8c4a, 0x8c4a, 0x8c4a, 0x8c4a, 
  0x8c4a, 0x8c4a, 0x8c4a, 0x8c4a, 0x8c4a, 0x8c4a, 0x5d7b, 0x5d7b, 0x5d7b, 0x5d7b, 0xdbde, 0xdbde, 
  0xdbde, 0xdbde, 0xdbde, 0xdbde, 0xdbde, 0xdbde, 0xdbde, 0xdbde, 0xdbde, 0xdbde, 0xdbde, 0xdbde, 
  0xdbde, 0xdbde, 0xdbde, 0xdbde, 0xdbde, 0xdbde, 0xdbde, 0xdbde, 0xdbde, 0xdbde, 0xdbde, 0xdbde, 
  0xdbde, 0xdbde, 0xdbde, 0xdbde, 0xdbde, 0xdbde, 0xdbde, 0xdbde, 0xdbde, 0xdbde, 0xdbde, 0xdbde, 
  0xdbde, 0xdbde, 0xdbde, 0xdbde, 0xdbde, 0xdbde, 0xdbde, 0xdbde, 0xdbde, 0xdbde, 0xdbde, 0xdbde, 
  0xdbde, 0xdbde, 0xdbde, 0xdbde, 0xdbde, 0xdbde, 0xdbde, 0xdbde, 0xdbde, 0xdbde, 0xdbde, 0xdbde, 
  0xdbde, 0xdbde, 0xdbde, 0xdbde, 0xdbde, 0xdbde, 0xdbde, 0xdbde, 0xdbde, 0xdbde, 0xdbde, 0xdbde, 
  0xdbde, 0xdbde, 0xdbde, 0xdbde, 0xdbde, 0xdbde, 0xdbde, 0xdbde, 0xdbde, 0xdbde, 0xdbde, 0xdbde, 
  0xdbde, 0xdbde, 0xdbde, 0xdbde, 0xdbde, 0xdbde, 0xdbde, 0xdbde, 0xdbde, 0xdbde, 0xdbde, 0xdbde, 
  0xdbde, 0xdbde, 0xdbde, 0xdbde, 0xdbde, 0xdbde, 0xdbde, 0xdbde, 0xdbde, 0xdbde, 0xdbde, 0xdbde, 
  0xdbde, 0xdbde, 0xdbde, 0xdbde, 0xdbde, 0xdbde, 0xdbde, 0xdbde, 0xdbde, 0xdbde, 0xdbde, 0xdbde, 
  0xdbde, 0xdbde, 0xdbde, 0xdbde, 0xdbde, 0xdbde, 0xdbde, 0xdbde, 0xdbde, 0xdbde, 0xdbde, 0xdbde, 
  0xdbde, 0xdbde, 0xdbde, 0xdbde, 0xdbde, 0x5d7b, 0x5d7b, 0x5d7b, 0x5d7b, 0x8c4a, 0x8c4a, 0x6a62, 
  0x6a62, 0x8c4a, 0x8c4a, 0x8c4a, 0x8c4a, 0x8c4a, 0x8c4a, 0x5d7b, 0x5d7b, 0x5d7b, 0x5d7b, 0xdbde, 
  0xdbde, 0xdbde, 0xdbde, 0xdbde, 0xdbde, 0xdbde, 0xdbde, 0xdbde, 0xdbde, 0xdbde, 0xdbde, 0xdbde, 
  0xdbde, 0xdbde, 0xdbde, 0xdbde, 0xdbde, 0xdbde, 0xdbde, 0xdbde, 0xdbde, 0xdbde, 0xdbde, 0xdbde, 
  0xdbde, 0xdbde, 0xdbde, 0xdbde, 0xdbde, 0xdbde, 0xdbde, 0xdbde, 0xdbde, 0xdbde, 0xdbde, 0xdbde, 
  0xdbde, 0xdbde, 0xdbde, 0xdbde, 0xdbde, 0xdbde, 0xdbde, 0xdbde, 0xdbde, 0xdbde, 0xdbde, 0xdbde, 
  0xdbde, 0xdbde, 0xdbde, 0xdbde, 0xdbde, 0xdbde, 0xdbde, 0xdbde, 0xdbde, 0xdbde, 0xdbde, 0xdbde, 
  0xdbde, 0xdbde, 0xdbde, 0xdbde, 0xdbde, 0xdbde, 0xdbde, 0xdbde, 0xdbde, 0xdbde, 0xdbde, 0xdbde, 
  0xdbde, 0xdbde, 0xdbde, 0xdbde, 0xdbde, 0xdbde, 0xdbde, 0xdbde, 0xdbde, 0xdbde, 0xdbde, 0xdbde, 
  0xdbde, 0xdbde, 0xdbde, 0xdbde, 0xdbde, 0xdbde, 0xdbde, 0xdbde, 0xdbde, 0xdbde, 0xdbde, 0xdbde, 
  0xdbde, 0xdbde, 0xdbde, 0xdbde, 0xdbde, 0xdbde, 0xdbde, 0xdbde, 0xdbde, 0xdbde, 0xdbde, 0xdbde, 
  0xdbde, 0xdbde, 0xdbde, 0xdbde, 0xdbde, 0xdbde, 0xdbde, 0xdbde, 0xdbde, 0xdbde, 0xdbde, 0xdbde, 
  0xdbde, 0xdbde, 0xdbde, 0xdbde, 0xdbde, 0xdbde, 0xdbde, 0xdbde, 0xdbde, 0xdbde, 0xdbde, 0xdbde, 
  0xdbde, 0xdbde, 0xdbde, 0xdbde, 0xdbde, 0xdbde, 0x5d7b, 0x5d7b, 0x5d7b, 0x5d7b, 0x8c4a, 0x8c4a, 
  0x8c4a, 0x8c4a, 0x8c4a, 0x8c4a, 0x8c4a, 0x8c4a, 0x8c4a, 0x8c4a, 0x8c4a, 0x8c4a, 0x8c4a, 0x8c4a, 
  0x8c4a, 0x8c4a, 0x5d7b, 0x5d7b, 0x5d7b, 0x5d7b, 0xdbde, 0xdbde, 0xdbde, 0xdbde, 0xdbde, 0xdbde, 
  0xdbde, 0xdbde, 0xdbde, 0xdbde, 0xdbde, 0xdbde, 0xdbde, 0xdbde, 0xdbde, 0xdbde, 0xdbde, 0xdbde, 
  0xdbde, 0xdbde, 0xdbde, 0xdbde, 0xdbde, 0xdbde, 0xdbde, 0xdbde, 0xdbde, 0xdbde, 0xdbde, 0xdbde, 
  0xdbde, 0xdbde, 0xdbde, 0xdbde, 0xdbde, 0xdbde, 0xdbde, 0xdbde, 0xdbde, 0xdbde, 0xdbde, 0xdbde, 
  0xdbde, 0xdbde, 0xdbde, 0xdbde, 0xdbde, 0xdbde, 0xdbde, 0xdbde, 0xdbde, 0xdbde, 0xdbde, 0xdbde, 
  0xdbde, 0xdbde, 0xdbde, 0xdbde, 0xdbde, 0xdbde, 0xdbde, 0xdbde, 0xdbde, 0xdbde, 0xdbde, 0xdbde, 
  0xdbde, 0xdbde, 0xdbde, 0xdbde, 0xdbde, 0xdbde, 0xdbde, 0xdbde, 0xdbde, 0xdbde, 0xdbde, 0xdbde, 
  0xdbde, 0xdbde, 0xdbde, 0xdbde, 0xdbde, 0xdbde, 0xdbde, 0xdbde, 0xdbde, 0xdbde, 0xdbde, 0xdbde, 
  0xdbde, 0xdbde, 0xdbde, 0xdbde, 0xdbde, 0xdbde, 0xdbde, 0xdbde, 0xdbde, 0xdbde, 0xdbde, 0xdbde, 
  0xdbde, 0xdbde, 0xdbde, 0xdbde, 0xdbde, 0xdbde, 0xdbde, 0xdbde, 0xdbde, 0xdbde, 0xdbde, 0xdbde, 
  0xdbde, 0xdbde, 0xdbde, 0xdbde, 0xdbde, 0xdbde, 0xdbde, 0xdbde, 0xdbde, 0xdbde, 0xdbde, 0xdbde, 
  0xdbde, 0xdbde, 0xdbde, 0xdbde, 0xdbde, 0xdbde, 0xdbde, 0xdbde, 0xdbde, 0xdbde, 0xdbde, 0xdbde, 
  0xdbde, 0x5d7b, 0x5d7b, 0x5d7b, 0x5d7b, 0x8c4a, 0x8c4a, 0x6a62, 0x6a62, 0x8c4a, 0x8c4a, 0x8c4a, 
  0x8c4a, 0x8c4a, 0x8c4a, 0x5d7b, 0x5d7b, 0x5d7b, 0x5d7b, 0xdbde, 0xdbde, 0xdbde, 0xdbde, 0xdbde, 
  0xdbde, 0xdbde, 0xdbde, 0xdbde, 0xdbde, 0xdbde, 0xdbde, 0xdbde, 0xdbde, 0xdbde, 0xdbde, 0xdbde, 
  0xdbde, 0xdbde, 0xdbde, 0xdbde, 0xdbde, 0xdbde, 0xdbde, 0xdbde, 0xdbde, 0xdbde, 0xdbde, 0xdbde, 
  0xdbde, 0xdbde, 0xdbde, 0xdbde, 0xdbde, 0xdbde, 0xdbde, 0xdbde, 0xdbde, 0xdbde, 0xdbde, 0xdbde, 
  0xdbde, 0xdbde, 0xdbde, 0xdbde, 0xdbde, 0xdbde, 0xdbde, 0xdbde, 0xdbde, 0xdbde, 0xdbde, 0xdbde, 
  0xdbde, 0xdbde, 0xdbde, 0xdbde, 0xdbde, 0xdbde, 0xdbde, 0xdbde, 0xdbde, 0xdbde, 0xdbde, 0xdbde, 
  0xdbde, 0xdbde, 0xdbde, 0xdbde, 0xdbde, 0xdbde, 0xdbde, 0xdbde, 0xdbde, 0xdbde, 0xdbde, 0xdbde, 
  0xdbde, 0xdbde, 0xdbde, 0xdbde, 0xdbde, 0xdbde, 0xdbde, 0xdbde, 0xdbde, 0xdbde, 0xdbde, 0xdbde, 
  0xdbde, 0xdbde, 0xdbde, 0xdbde, 0xdbde, 0xdbde, 0xdbde, 0xdbde, 0xdbde, 0xdbde, 0xdbde, 0xdbde, 
  0xdbde, 0xdbde, 0xdbde, 0xdbde, 0xdbde, 0xdbde, 0xdbde, 0xdbde, 0xdbde, 0xdbde, 0xdbde, 0xdbde, 
  0xdbde, 0xdbde, 0xdbde, 0xdbde, 0xdbde, 0xdbde, 0xdbde, 0xdbde, 0xdbde, 0xdbde, 0xdbde, 0xdbde, 
  0xdbde, 0xdbde, 0xdbde, 0xdbde, 0xdbde, 0xdbde, 0xdbde, 0xdbde, 0xdbde, 0xdbde, 0xdbde, 0xdbde, 
  0xdbde, 0xdbde, 0x5d7b, 0x5d7b, 0x5d7b, 0x5d7b, 0x8c4a, 0x8c4a, 0x8c4a, 0x8c4a, 0x8c4a, 0x8c4a, 
  0x8c4a, 0x8c4a, 0x8c4a, 0x8c4a, 0x8c4a, 0x8c4a, 0x8c4a, 0x8c4a, 0x8c4a, 0x8c4a, 0x5d7b, 0x5d7b, 
  0x5d7b, 0x5d7b, 0xdbde, 0xdbde, 0xdbde, 0xdbde, 0xdbde, 0xdbde, 0xdbde, 0xdbde, 0xdbde, 0xdbde, 
  0xdbde, 0xdbde, 0xdbde, 0xdbde, 0xdbde, 0xdbde, 0xdbde, 0xdbde, 0xdbde, 0xdbde, 0xdbde, 0xdbde, 
  0xdbde, 0xdbde, 0xdbde, 0xdbde, 0xdbde, 0xdbde, 0xdbde, 0xdbde, 0xdbde, 0xdbde, 0xdbde, 0xdbde, 
  0xdbde, 0xdbde, 0xdbde, 0xdbde, 0xdbde, 0xdbde, 0xdbde, 0xdbde, 0xdbde, 0xdbde, 0xdbde, 0xdbde, 
  0xdbde, 0xdbde, 0xdbde, 0xdbde, 0xdbde, 0xdbde, 0xdbde, 0xdbde, 0xdbde, 0xdbde, 0xdbde, 0xdbde, 
  0xdbde, 0xdbde, 0xdbde, 0xdbde, 0xdbde, 0xdbde, 0xdbde, 0xdbde, 0xdbde, 0xdbde, 0xdbde, 0xdbde, 
  0xdbde, 0xdbde, 0xdbde, 0xdbde, 0xdbde, 0xdbde, 0xdbde, 0xdbde, 0xdbde, 0xdbde, 0xdbde, 0xdbde, 
  0xdbde, 0xdbde, 0xdbde, 0xdbde, 0xdbde, 0xdbde, 0xdbde, 0xdbde, 0xdbde, 0xdbde, 0xdbde, 0xdbde, 
  0xdbde, 0xdbde, 0xdbde, 0xdbde, 0xdbde, 0xdbde, 0xdbde, 0xdbde, 0xdbde, 0xdbde, 0xdbde, 0xdbde, 
  0xdbde, 0xdbde, 0xdbde, 0xdbde, 0xdbde, 0xdbde, 0xdbde, 0xdbde, 0xdbde, 0xdbde, 0xdbde, 0xdbde, 
  0xdbde, 0xdbde, 0xdbde, 0xdbde, 0xdbde, 0xdbde, 0xdbde, 0xdbde, 0xdbde, 0xdbde, 0xdbde, 0xdbde, 
  0xdbde, 0xdbde, 0xdbde, 0xdbde, 0xdbde, 0xdbde, 0xdbde, 0xdbde, 0xdbde, 0x5d7b, 0x5d7b, 0x5d7b, 
  0x5d7b, 0x8c4a, 0x8c4a, 0x6a62, 0x6a62, 0x8c4a, 0x8c4a, 0x8c4a, 0x8c4a, 0x8c4a, 0x8c4a, 0x5d7b, 
  0x5d7b, 0x5d7b, 0x5d7b, 0xdbde, 0xdbde, 0xdbde, 0xdbde, 0xdbde, 0xdbde, 0xdbde, 0xdbde, 0xdbde, 
  0xdbde, 0xdbde, 0xdbde, 0xdbde, 0xdbde, 0xdbde, 0xdbde, 0xdbde, 0xdbde, 0xdbde, 0xdbde, 0xdbde, 
  0xdbde, 0xdbde, 0xdbde, 0xdbde, 0xdbde, 0xdbde, 0xdbde, 0xdbde, 0xdbde, 0xdbde, 0xdbde, 0xdbde, 
  0xdbde, 0xdbde, 0xdbde, 0xdbde, 0xdbde, 0xdbde, 0xdbde, 0xdbde, 0xdbde, 0xdbde, 0xdbde, 0xdbde, 
  0xdbde, 0xdbde, 0xdbde, 0xdbde, 0xdbde, 0xdbde, 0xdbde, 0xdbde, 0xdbde, 0xdbde, 0xdbde, 0xdbde, 
  0xdbde, 0xdbde, 0xdbde, 0xdbde, 0xdbde, 0xdbde, 0xdbde, 0xdbde, 0xdbde, 0xdbde, 0xdbde, 0xdbde, 
  0xdbde, 0xdbde, 0xdbde, 0xdbde, 0xdbde, 0xdbde, 0xdbde, 0xdbde, 0xdbde, 0xdbde, 0xdbde, 0xdbde, 
  0xdbde, 0xdbde, 0xdbde, 0xdbde, 0xdbde, 0xdbde, 0xdbde, 0xdbde, 0xdbde, 0xdbde, 0xdbde, 0xdbde, 
  0xdbde, 0xdbde, 0xdbde, 0xdbde, 0xdbde, 0xdbde, 0xdbde, 0xdbde, 0xdbde, 0xdbde, 0xdbde, 0xdbde, 
  0xdbde, 0xdbde, 0xdbde, 0xdbde, 0xdbde, 0xdbde, 0xdbde, 0xdbde, 0xdbde, 0xdbde, 0xdbde, 0xdbde, 
  0xdbde, 0xdbde, 0xdbde, 0xdbde, 0xdbde, 0xdbde, 0xdbde, 0xdbde, 0xdbde, 0xdbde, 0xdbde, 0xdbde, 
  0xdbde, 0xdbde, 0xdbde, 0xdbde, 0xdbde, 0xdbde, 0xdbde, 0xdbde, 0xdbde, 0xdbde, 0x5d7b, 0x5d7b, 
  0x5d7b, 0x5d7b, 0x8c4a, 0x8c4a, 0x8c4a, 0x8c4a, 0x8c4a, 0x8c4a, 0x8c4a, 0x8c4a, 0x8c4a, 0x8c4a, 
  0x8c4a, 0x8c4a, 0x8c4a, 0x8c4a, 0x8c4a, 0x8c4a, 0x5d7b, 0x5d7b, 0x5d7b, 0x5d7b, 0xdbde, 0xdbde, 
  0xdbde, 0xdbde, 0xdbde, 0xdbde, 0xdbde, 0xdbde, 0xdbde, 0xdbde, 0xdbde, 0xdbde, 0xdbde, 0xdbde, 
  0xdbde, 0xdbde, 0xdbde, 0xdbde, 0xdbde, 0xdbde, 0xdbde, 0xdbde, 0xdbde, 0xdbde, 0xdbde, 0xdbde, 
  0xdbde, 0xdbde, 0xdbde, 0xdbde, 0xdbde, 0xdbde, 0xdbde, 0xdbde, 0xdbde, 0xdbde, 0xdbde, 0xdbde, 
  0xdbde, 0xdbde, 0xdbde, 0xdbde, 0xdbde, 0xdbde, 0xdbde, 0xdbde, 0xdbde, 0xdbde, 0xdbde, 0xdbde, 
  0xdbde, 0xdbde, 0xdbde, 0xdbde, 0xdbde, 0xdbde, 0xdbde, 0xdbde, 0xdbde, 0xdbde, 0xdbde, 0xdbde, 
  0xdbde, 0xdbde, 0xdbde, 0xdbde, 0xdbde, 0xdbde, 0xdbde, 0xdbde, 0xdbde, 0xdbde, 0xdbde, 0xdbde, 
  0xdbde, 0xdbde, 0xdbde, 0xdbde, 0xdbde, 0xdbde, 0xdbde, 0xdbde, 0xdbde, 0xdbde, 0xdbde, 0xdbde, 
  0xdbde, 0xdbde, 0xdbde, 0xdbde, 0xdbde, 0xdbde, 0xdbde, 0xdbde, 0xdbde, 0xdbde, 0xdbde, 0xdbde, 
  0xdbde, 0xdbde, 0xdbde, 0xdbde, 0xdbde, 0xdbde, 0xdbde, 0xdbde, 0xdbde, 0xdbde, 0xdbde, 0xdbde, 
  0xdbde, 0xdbde, 0xdbde, 0xdbde, 0xdbde, 0xdbde, 0xdbde, 0xdbde, 0xdbde, 0xdbde, 0xdbde, 0xdbde, 
  0xdbde, 0xdbde, 0xdbde, 0xdbde, 0xdbde, 0xdbde, 0xdbde, 0xdbde, 0xdbde, 0xdbde, 0xdbde, 0xdbde, 
  0xdbde, 0xdbde, 0xdbde, 0xdbde, 0xdbde, 0x5d7b, 0x5d7b, 0x5d7b, 0x5d7b, 0x8c4a, 0x8c4a, 0x6a62, 
  0x6a62, 0x8c4a, 0x8c4a, 0x8c4a, 0x8c4a, 0x8c4a, 0x8c4a, 0x5d7b, 0x5d7b, 0x5d7b, 0x5d7b, 0xdbde, 
  0xdbde, 0xdbde, 0xdbde, 0xdbde, 0xdbde, 0xdbde, 0xdbde, 0xdbde, 0xdbde, 0xdbde, 0xdbde, 0xdbde, 
  0xdbde, 0xdbde, 0xdbde, 0xdbde, 0xdbde, 0xdbde, 0xdbde, 0xdbde, 0xdbde, 0xdbde, 0xdbde, 0xdbde, 
  0xdbde, 0xdbde, 0xdbde, 0xdbde, 0xdbde, 0xdbde, 0xdbde, 0xdbde, 0xdbde, 0xdbde, 0xdbde, 0xdbde, 
  0xdbde, 0xdbde, 0xdbde, 0xdbde, 0xdbde, 0xdbde, 0xdbde, 0xdbde, 0xdbde, 0xdbde, 0xdbde, 0xdbde, 
  0xdbde, 0xdbde, 0xdbde, 0xdbde, 0xdbde, 0xdbde, 0xdbde, 0xdbde, 0xdbde, 0xdbde, 0xdbde, 0xdbde, 
  0xdbde, 0xdbde, 0xdbde, 0xdbde, 0xdbde, 0xdbde, 0xdbde, 0xdbde, 0xdbde, 0xdbde, 0xdbde, 0xdbde, 
  0xdbde, 0xdbde, 0xdbde, 0xdbde, 0xdbde, 0xdbde, 0xdbde, 0xdbde, 0xdbde, 0xdbde, 0xdbde, 0xdbde, 
  0xdbde, 0xdbde, 0xdbde, 0xdbde, 0xdbde, 0xdbde, 0xdbde, 0xdbde, 0xdbde, 0xdbde, 0xdbde, 0xdbde, 
  0xdbde, 0xdbde, 0xdbde, 0xdbde, 0xdbde, 0xdbde, 0xdbde, 0xdbde, 0xdbde, 0xdbde, 0xdbde, 0xdbde, 
  0xdbde, 0xdbde, 0xdbde, 0xdbde, 0xdbde, 0xdbde, 0xdbde, 0xdbde, 0xdbde, 0xdbde, 0xdbde, 0xdbde, 
  0xdbde, 0xdbde, 0xdbde, 0xdbde, 0xdbde, 0xdbde, 0xdbde, 0xdbde, 0xdbde, 0xdbde, 0xdbde, 0xdbde, 
  0xdbde, 0xdbde, 0xdbde, 0xdbde, 0xdbde, 0xdbde, 0x5d7b, 0x5d7b, 0x5d7b, 0x5d7b, 0x8c4a, 0x8c4a, 
  0x8c4a, 0x8c4a, 0x8c4a, 0x8c4a, 0x8c4a, 0x8c4a, 0x8c4a, 0x8c4a, 0x8c4a, 0x8c4a, 0x8c4a, 0x8c4a, 
  0x8c4a, 0x8c4a, 0x5d7b, 0x5d7b, 0x5d7b, 0x5d7b, 0xdbde, 0xdbde, 0xdbde, 0xdbde, 0xdbde, 0xdbde, 
  0xdbde, 0xdbde, 0xdbde, 0xdbde, 0xdbde, 0xdbde, 0xdbde, 0xdbde, 0xdbde, 0xdbde, 0xdbde, 0xdbde, 
  0xdbde, 0xdbde, 0xdbde, 0xdbde, 0xdbde, 0xdbde, 0xdbde, 0xdbde, 0xdbde, 0xdbde, 0xdbde, 0xdbde, 
  0xdbde, 0xdbde, 0xdbde, 0xdbde, 0xdbde, 0xdbde, 0xdbde, 0xdbde, 0xdbde, 0xdbde, 0xdbde, 0xdbde, 
  0xdbde, 0xdbde, 0xdbde, 0xdbde, 0xdbde, 0xdbde, 0xdbde, 0xdbde, 0xdbde, 0xdbde, 0xdbde, 0xdbde, 
  0xdbde, 0xdbde, 0xdbde, 0xdbde, 0xdbde, 0xdbde, 0xdbde, 0xdbde, 0xdbde, 0xdbde, 0xdbde, 0xdbde, 
  0xdbde, 0xdbde, 0xdbde, 0xdbde, 0xdbde, 0xdbde, 0xdbde, 0xdbde, 0xdbde, 0xdbde, 0xdbde, 0xdbde, 
  0xdbde, 0xdbde, 0xdbde, 0xdbde, 0xdbde, 0xdbde, 0xdbde, 0xdbde, 0xdbde, 0xdbde, 0xdbde, 0xdbde, 
  0xdbde, 0xdbde, 0xdbde, 0xdbde, 0xdbde, 0xdbde, 0xdbde, 0xdbde, 0xdbde, 0xdbde, 0xdbde, 0xdbde, 
  0xdbde, 0xdbde, 0xdbde, 0xdbde, 0xdbde, 0xdbde, 0xdbde, 0xdbde, 0xdbde, 0xdbde, 0xdbde, 0xdbde, 
  0xdbde, 0xdbde, 0xdbde, 0xdbde, 0xdbde, 0xdbde, 0xdbde, 0xdbde, 0xdbde, 0xdbde, 0xdbde, 0xdbde, 
  0xdbde, 0xdbde, 0xdbde, 0xdbde, 0xdbde, 0xdbde, 0xdbde, 0xdbde, 0xdbde, 0xdbde, 0xdbde, 0xdbde, 
  0xdbde, 0x5d7b, 0x5d7b, 0x5d7b, 0x5d7b, 0x8c4a, 0x8c4a, 0x6a62, 0x6a62, 0x8c4a, 0x8c4a, 0x8c4a, 
  0x8c4a, 0x8c4a, 0x8c4a, 0x5d7b, 0x5d7b, 0x5d7b, 0x5d7b, 0xdbde, 0xdbde, 0xdbde, 0xdbde, 0xdbde, 
  0xdbde, 0xdbde, 0xdbde, 0xdbde, 0xdbde, 0xdbde, 0xdbde, 0xdbde, 0xdbde, 0xdbde, 0xdbde, 0xdbde, 
  0xdbde, 0xdbde, 0xdbde, 0xdbde, 0xdbde, 0xdbde, 0xdbde, 0xdbde, 0xdbde, 0xdbde, 0xdbde, 0xdbde, 
  0xdbde, 0xdbde, 0xdbde, 0xdbde, 0xdbde, 0xdbde, 0xdbde, 0xdbde, 0xdbde, 0xdbde, 0xdbde, 0xdbde, 
  0xdbde, 0xdbde, 0xdbde, 0xdbde, 0xdbde, 0xdbde, 0xdbde, 0xdbde, 0xdbde, 0xdbde, 0xdbde, 0xdbde, 
  0xdbde, 0xdbde, 0xdbde, 0xdbde, 0xdbde, 0xdbde, 0xdbde, 0xdbde, 0xdbde, 0xdbde, 0xdbde, 0xdbde, 
  0xdbde, 0xdbde, 0xdbde, 0xdbde, 0xdbde, 0xdbde, 0xdbde, 0xdbde, 0xdbde, 0xdbde, 0xdbde, 0xdbde, 
  0xdbde, 0xdbde, 0xdbde, 0xdbde, 0xdbde, 0xdbde, 0xdbde, 0xdbde, 0xdbde, 0xdbde, 0xdbde, 0xdbde, 
  0xdbde, 0xdbde, 0xdbde, 0xdbde, 0xdbde, 0xdbde, 0xdbde, 0xdbde, 0xdbde, 0xdbde, 0xdbde, 0xdbde, 
  0xdbde, 0xdbde, 0xdbde, 0xdbde, 0xdbde, 0xdbde, 0xdbde, 0xdbde, 0xdbde, 0xdbde, 0xdbde, 0xdbde, 
  0xdbde, 0xdbde, 0xdbde, 0xdbde, 0xdbde, 0xdbde, 0xdbde, 0xdbde, 0xdbde, 0xdbde, 0xdbde, 0xdbde, 
  0xdbde, 0xdbde, 0xdbde, 0xdbde, 0xdbde, 0xdbde, 0xdbde, 0xdbde, 0xdbde, 0xdbde, 0xdbde, 0xdbde, 
  0xdbde, 0xdbde, 0x5d7b, 0x5d7b, 0x5d7b, 0x5d7b, 0x8c4a, 0x8c4a, 0x8c4a, 0x8c4a, 0x8c4a, 0x8c4a, 
  0x8c4a, 0x8c4a, 0x8c4a, 0x8c4a, 0x8c4a, 0x8c4a, 0x8c4a, 0x8c4a, 0x8c4a, 0x8c4a, 0x5d7b, 0x5d7b, 
  0x5d7b, 0x5d7b, 0xdbde, 0xdbde, 0xdbde, 0xdbde, 0xdbde, 0xdbde, 0xdbde, 0xdbde, 0xdbde, 0xdbde, 
  0xdbde, 0xdbde, 0xdbde, 0xdbde, 0xdbde, 0xdbde, 0xdbde, 0xdbde, 0xdbde, 0xdbde, 0xdbde, 0xdbde, 
  0xdbde, 0xdbde, 0xdbde, 0xdbde, 0xdbde, 0xdbde, 0xdbde, 0xdbde, 0xdbde, 0xdbde, 0xdbde, 0xdbde, 
  0xdbde, 0xdbde, 0xdbde, 0xdbde, 0xdbde, 0xdbde, 0xdbde, 0xdbde, 0xdbde, 0xdbde, 0xdbde, 0xdbde, 
  0xdbde, 0xdbde, 0xdbde, 0xdbde, 0xdbde, 0xdbde, 0xdbde, 0xdbde, 0xdbde, 0xdbde, 0xdbde, 0xdbde, 
  0xdbde, 0xdbde, 0xdbde, 0xdbde, 0xdbde, 0xdbde, 0xdbde, 0xdbde, 0xdbde, 0xdbde, 0xdbde, 0xdbde, 
  0xdbde, 0xdbde, 0xdbde, 0xdbde, 0xdbde, 0xdbde, 0xdbde, 0xdbde, 0xdbde, 0xdbde, 0xdbde, 0xdbde, 
  0xdbde, 0xdbde, 0xdbde, 0xdbde, 0xdbde, 0xdbde, 0xdbde, 0xdbde, 0xdbde, 0xdbde, 0xdbde, 0xdbde, 
  0xdbde, 0xdbde, 0xdbde, 0xdbde, 0xdbde, 0xdbde, 0xdbde, 0xdbde, 0xdbde, 0xdbde, 0xdbde, 0xdbde, 
  0xdbde, 0xdbde, 0xdbde, 0xdbde, 0xdbde, 0xdbde, 0xdbde, 0xdbde, 0xdbde, 0xdbde, 0xdbde, 0xdbde, 
  0xdbde, 0xdbde, 0xdbde, 0xdbde, 0xdbde, 0xdbde, 0xdbde, 0xdbde, 0xdbde, 0xdbde, 0xdbde, 0xdbde, 
  0xdbde, 0xdbde, 0xdbde, 0xdbde, 0xdbde, 0xdbde, 0xdbde, 0xdbde, 0xdbde, 0x5d7b, 0x5d7b, 0x5d7b, 
  0x5d7b, 0x8c4a, 0x8c4a, 0x6a62, 0x6a62, 0x8c4a, 0x8c4a, 0x8c4a, 0x8c4a, 0x8c4a, 0x8c4a, 0x5d7b, 
  0x5d7b, 0x5d7b, 0x5d7b, 0xdbde, 0xdbde, 0xdbde, 0xdbde, 0xdbde, 0xdbde, 0xdbde, 0xdbde, 0xdbde, 
  0xdbde, 0xdbde, 0xdbde, 0xdbde, 0xdbde, 0xdbde, 0xdbde, 0xdbde, 0xdbde, 0xdbde, 0xdbde, 0xdbde, 
  0xdbde, 0xdbde, 0xdbde, 0xdbde, 0xdbde, 0xdbde, 0xdbde, 0xdbde, 0xdbde, 0xdbde, 0xdbde, 0xdbde, 
  0xdbde, 0xdbde, 0xdbde, 0xdbde, 0xdbde, 0xdbde, 0xdbde, 0xdbde, 0xdbde, 0xdbde, 0xdbde, 0xdbde, 
  0xdbde, 0xdbde, 0xdbde, 0xdbde, 0xdbde, 0xdbde, 0xdbde, 0xdbde, 0xdbde, 0xdbde, 0xdbde, 0xdbde, 
  0xdbde, 0xdbde, 0xdbde, 0xdbde, 0xdbde, 0xdbde, 0xdbde, 0xdbde, 0xdbde, 0xdbde, 0xdbde, 0xdbde, 
  0xdbde, 0xdbde, 0xdbde, 0xdbde, 0xdbde, 0xdbde, 0xdbde, 0xdbde, 0xdbde, 0xdbde, 0xdbde, 0xdbde, 
  0xdbde, 0xdbde, 0xdbde, 0xdbde, 0xdbde, 0xdbde, 0xdbde, 0xdbde, 0xdbde, 0xdbde, 0xdbde, 0xdbde, 
  0xdbde, 0xdbde, 0xdbde, 0xdbde, 0xdbde, 0xdbde, 0xdbde, 0xdbde, 0xdbde, 0xdbde, 0xdbde, 0xdbde, 
  0xdbde, 0xdbde, 0xdbde, 0xdbde, 0xdbde, 0xdbde, 0xdbde, 0xdbde, 0xdbde, 0xdbde, 0xdbde, 0xdbde, 
  0xdbde, 0xdbde, 0xdbde, 0xdbde, 0xdbde, 0xdbde, 0xdbde, 0xdbde, 0xdbde, 0xdbde, 0xdbde, 0xdbde, 
  0xdbde, 0xdbde, 0xdbde, 0xdbde, 0xdbde, 0xdbde, 0xdbde, 0xdbde, 0xdbde, 0xdbde, 0x5d7b, 0x5d7b, 
  0x5d7b, 0x5d7b, 0x8c4a, 0x8c4a, 0x8c4a, 0x8c4a, 0x8c4a, 0x8c4a, 0x8c4a, 0x8c4a, 0x8c4a, 0x8c4a, 
  0x8c4a, 0x8c4a, 0x8c4a, 0x8c4a, 0x8c4a, 0x8c4a, 0x5d7b, 0x5d7b, 0x5d7b, 0x5d7b, 0xdbde, 0xdbde, 
  0xdbde, 0xdbde, 0xdbde, 0xdbde, 0xdbde, 0xdbde, 0xdbde, 0xdbde, 0xdbde, 0xdbde, 0xdbde, 0xdbde, 
  0xdbde, 0xdbde, 0xdbde, 0xdbde, 0xdbde, 0xdbde, 0xdbde, 0xdbde, 0xdbde, 0xdbde, 0xdbde, 0xdbde, 
  0xdbde, 0xdbde, 0xdbde, 0xdbde, 0xdbde, 0xdbde, 0xdbde, 0xdbde, 0xdbde, 0xdbde, 0xdbde, 0xdbde, 
  0xdbde, 0xdbde, 0xdbde, 0xdbde, 0xdbde, 0xdbde, 0xdbde, 0xdbde, 0xdbde, 0xdbde, 0xdbde, 0xdbde, 
  0xdbde, 0xdbde, 0xdbde, 0xdbde, 0xdbde, 0xdbde, 0xdbde, 0xdbde, 0xdbde, 0xdbde, 0xdbde, 0xdbde, 
  0xdbde, 0xdbde, 0xdbde, 0xdbde, 0xdbde, 0xdbde, 0xdbde, 0xdbde, 0xdbde, 0xdbde, 0xdbde, 0xdbde, 
  0xdbde, 0xdbde, 0xdbde, 0xdbde, 0xdbde, 0xdbde, 0xdbde, 0xdbde, 0xdbde, 0xdbde, 0xdbde, 0xdbde, 
  0xdbde, 0xdbde, 0xdbde, 0xdbde, 0xdbde, 0xdbde, 0xdbde, 0xdbde, 0xdbde, 0xdbde, 0xdbde, 0xdbde, 
  0xdbde, 0xdbde, 0xdbde, 0xdbde, 0xdbde, 0xdbde, 0xdbde, 0xdbde, 0xdbde, 0xdbde, 0xdbde, 0xdbde, 
  0xdbde, 0xdbde, 0xdbde, 0xdbde, 0xdbde, 0xdbde, 0xdbde, 0xdbde, 0xdbde, 0xdbde, 0xdbde, 0xdbde, 
  0xdbde, 0xdbde, 0xdbde, 0xdbde, 0xdbde, 0xdbde, 0xdbde, 0xdbde, 0xdbde, 0xdbde, 0xdbde, 0xdbde, 
  0xdbde, 0xdbde, 0xdbde, 0xdbde, 0xdbde, 0x5d7b, 0x5d7b, 0x5d7b, 0x5d7b, 0x8c4a, 0x8c4a, 0x6a62, 
  0x6a62, 0x8c4a, 0x8c4a, 0x8c4a, 0x8c4a, 0x8c4a, 0x8c4a, 0x5d7b, 0x5d7b, 0x5d7b, 0x5d7b, 0xdbde, 
  0xdbde, 0xdbde, 0xdbde, 0xdbde, 0xdbde, 0xdbde, 0xdbde, 0xdbde, 0xdbde, 0xdbde, 0xdbde, 0xdbde, 
  0xdbde, 0xdbde, 0xdbde, 0xdbde, 0xdbde, 0xdbde, 0xdbde, 0xdbde, 0xdbde, 0xdbde, 0xdbde, 0xdbde, 
  0xdbde, 0xdbde, 0xdbde, 0xdbde, 0xdbde, 0xdbde, 0xdbde, 0xdbde, 0xdbde, 0xdbde, 0xdbde, 0xdbde, 
  0xdbde, 0xdbde, 0xdbde, 0xdbde, 0xdbde, 0xdbde, 0xdbde, 0xdbde, 0xdbde, 0xdbde, 0xdbde, 0xdbde, 
  0xdbde, 0xdbde, 0xdbde, 0xdbde, 0xdbde, 0xdbde, 0xdbde, 0xdbde, 0xdbde, 0xdbde, 0xdbde, 0xdbde, 
  0xdbde, 0xdbde, 0xdbde, 0xdbde, 0xdbde, 0xdbde, 0xdbde, 0xdbde, 0xdbde, 0xdbde, 0xdbde, 0xdbde, 
  0xdbde, 0xdbde, 0xdbde, 0xdbde, 0xdbde, 0xdbde, 0xdbde, 0xdbde, 0xdbde, 0xdbde, 0xdbde, 0xdbde, 
  0xdbde, 0xdbde, 0xdbde, 0xdbde, 0xdbde, 0xdbde, 0xdbde, 0xdbde, 0xdbde, 0xdbde, 0xdbde, 0xdbde, 
  0xdbde, 0xdbde, 0xdbde, 0xdbde, 0xdbde, 0xdbde, 0xdbde, 0xdbde, 0xdbde, 0xdbde, 0xdbde, 0xdbde, 
  0xdbde, 0xdbde, 0xdbde, 0xdbde, 0xdbde, 0xdbde, 0xdbde, 0xdbde, 0xdbde, 0xdbde, 0xdbde, 0xdbde, 
  0xdbde, 0xdbde, 0xdbde, 0xdbde, 0xdbde, 0xdbde, 0xdbde, 0xdbde, 0xdbde, 0xdbde, 0xdbde, 0xdbde, 
  0xdbde, 0xdbde, 0xdbde, 0xdbde, 0xdbde, 0xdbde, 0x5d7b, 0x5d7b, 0x5d7b, 0x5d7b, 0x8c4a, 0x8c4a, 
  0x8c4a, 0x8c4a, 0x8c4a, 0x8c4a, 0x8c4a, 0x8c4a, 0x8c4a, 0x8c4a, 0x8c4a, 0x8c4a, 0x8c4a, 0x8c4a, 
  0x8c4a, 0x8c4a, 0x5d7b, 0x5d7b, 0x5d7b, 0x5d7b, 0xdbde, 0xdbde, 0xdbde, 0xdbde, 0xdbde, 0xdbde, 
  0xdbde, 0xdbde, 0xdbde, 0xdbde, 0xdbde, 0xdbde, 0xdbde, 0xdbde, 0xdbde, 0xdbde, 0xdbde, 0xdbde, 
  0xdbde, 0xdbde, 0xdbde, 0xdbde, 0xdbde, 0xdbde, 0xdbde, 0xdbde, 0xdbde, 0xdbde, 0xdbde, 0xdbde, 
  0xdbde, 0xdbde, 0xdbde, 0xdbde, 0xdbde, 0xdbde, 0xdbde, 0xdbde, 0xdbde, 0xdbde, 0xdbde, 0xdbde, 
  0xdbde, 0xdbde, 0xdbde, 0xdbde, 0xdbde, 0xdbde, 0xdbde, 0xdbde, 0xdbde, 0xdbde, 0xdbde, 0xdbde, 
  0xdbde, 0xdbde, 0xdbde, 0xdbde, 0xdbde, 0xdbde, 0xdbde, 0xdbde, 0xdbde, 0xdbde, 0xdbde, 0xdbde, 
  0xdbde, 0xdbde, 0xdbde, 0xdbde, 0xdbde, 0xdbde, 0xdbde, 0xdbde, 0xdbde, 0xdbde, 0xdbde, 0xdbde, 
  0xdbde, 0xdbde, 0xdbde, 0xdbde, 0xdbde, 0xdbde, 0xdbde, 0xdbde, 0xdbde, 0xdbde, 0xdbde, 0xdbde, 
  0xdbde, 0xdbde, 0xdbde, 0xdbde, 0xdbde, 0xdbde, 0xdbde, 0xdbde, 0xdbde, 0xdbde, 0xdbde, 0xdbde, 
  0xdbde, 0xdbde, 0xdbde, 0xdbde, 0xdbde, 0xdbde, 0xdbde, 0xdbde, 0xdbde, 0xdbde, 0xdbde, 0xdbde, 
  0xdbde, 0xdbde, 0xdbde, 0xdbde, 0xdbde, 0xdbde, 0xdbde, 0xdbde, 0xdbde, 0xdbde, 0xdbde, 0xdbde, 
  0xdbde, 0xdbde, 0xdbde, 0xdbde, 0xdbde, 0xdbde, 0xdbde, 0xdbde, 0xdbde, 0xdbde, 0xdbde, 0xdbde, 
  0xdbde, 0x5d7b, 0x5d7b, 0x5d7b, 0x5d7b, 0x8c4a, 0x8c4a, 0x6a62, 0x6a62, 0x8c4a, 0x8c4a, 0x8c4a, 
  0x8c4a, 0x8c4a, 0x8c4a, 0x5d7b, 0x5d7b, 0x5d7b, 0x5d7b, 0xdbde, 0xdbde, 0xdbde, 0xdbde, 0xdbde, 
  0xdbde, 0xdbde, 0xdbde, 0xdbde, 0xdbde, 0xdbde, 0xdbde, 0xdbde, 0xdbde, 0xdbde, 0xdbde, 0xdbde, 
  0xdbde, 0xdbde, 0xdbde, 0xdbde, 0xdbde, 0xdbde, 0xdbde, 0xdbde, 0xdbde, 0xdbde, 0xdbde, 0xdbde, 
  0xdbde, 0xdbde, 0xdbde, 0xdbde, 0xdbde, 0xdbde, 0xdbde, 0xdbde, 0xdbde, 0xdbde, 0xdbde, 0xdbde, 
  0xdbde, 0xdbde, 0xdbde, 0xdbde, 0xdbde, 0xdbde, 0xdbde, 0xdbde, 0xdbde, 0xdbde, 0xdbde, 0xdbde, 
  0xdbde, 0xdbde, 0xdbde, 0xdbde, 0xdbde, 0xdbde, 0xdbde, 0xdbde, 0xdbde, 0xdbde, 0xdbde, 0xdbde, 
  0xdbde, 0xdbde, 0xdbde, 0xdbde, 0xdbde, 0xdbde, 0xdbde, 0xdbde, 0xdbde, 0xdbde, 0xdbde, 0xdbde, 
  0xdbde, 0xdbde, 0xdbde, 0xdbde, 0xdbde, 0xdbde, 0xdbde, 0xdbde, 0xdbde, 0xdbde, 0xdbde, 0xdbde, 
  0xdbde, 0xdbde, 0xdbde, 0xdbde, 0xdbde, 0xdbde, 0xdbde, 0xdbde, 0xdbde, 0xdbde, 0xdbde, 0xdbde, 
  0xdbde, 0xdbde, 0xdbde, 0xdbde, 0xdbde, 0xdbde, 0xdbde, 0xdbde, 0xdbde, 0xdbde, 0xdbde, 0xdbde, 
  0xdbde, 0xdbde, 0xdbde, 0xdbde, 0xdbde, 0xdbde, 0xdbde, 0xdbde, 0xdbde, 0xdbde, 0xdbde, 0xdbde, 
  0xdbde, 0xdbde, 0xdbde, 0xdbde, 0xdbde, 0xdbde, 0xdbde, 0xdbde, 0xdbde, 0xdbde, 0xdbde, 0xdbde, 
  0xdbde, 0xdbde, 0x5d7b, 0x5d7b, 0x5d7b, 0x5d7b, 0x8c4a, 0x8c4a, 0x8c4a, 0x8c4a, 0x8c4a, 0x8c4a, 
  0x8c4a, 0x8c4a, 0x8c4a, 0x8c4a, 0x8c4a, 0x8c4a, 0x8c4a, 0x8c4a, 0x8c4a, 0x8c4a, 0x5d7b, 0x5d7b, 
  0x5d7b, 0x5d7b, 0xdbde, 0xdbde, 0xdbde, 0xdbde, 0xdbde, 0xdbde, 0xdbde, 0xdbde, 0xdbde, 0xdbde, 
  0xdbde, 0xdbde, 0xdbde, 0xdbde, 0xdbde, 0xdbde, 0xdbde, 0xdbde, 0xdbde, 0xdbde, 0xdbde, 0xdbde, 
  0xdbde, 0xdbde, 0xdbde, 0xdbde, 0xdbde, 0xdbde, 0xdbde, 0xdbde, 0xdbde, 0xdbde, 0xdbde, 0xdbde, 
  0xdbde, 0xdbde, 0xdbde, 0xdbde, 0xdbde, 0xdbde, 0xdbde, 0xdbde, 0xdbde, 0xdbde, 0xdbde, 0xdbde, 
  0xdbde, 0xdbde, 0xdbde, 0xdbde, 0xdbde, 0xdbde, 0xdbde, 0xdbde, 0xdbde, 0xdbde, 0xdbde, 0xdbde, 
  0xdbde, 0xdbde, 0xdbde, 0xdbde, 0xdbde, 0xdbde, 0xdbde, 0xdbde, 0xdbde, 0xdbde, 0xdbde, 0xdbde, 
  0xdbde, 0xdbde, 0xdbde, 0xdbde, 0xdbde, 0xdbde, 0xdbde, 0xdbde, 0xdbde, 0xdbde, 0xdbde, 0xdbde, 
  0xdbde, 0xdbde, 0xdbde, 0xdbde, 0xdbde, 0xdbde, 0xdbde, 0xdbde, 0xdbde, 0xdbde, 0xdbde, 0xdbde, 
  0xdbde, 0xdbde, 0xdbde, 0xdbde, 0xdbde, 0xdbde, 0xdbde, 0xdbde, 0xdbde, 0xdbde, 0xdbde, 0xdbde, 
  0xdbde, 0xdbde, 0xdbde, 0xdbde, 0xdbde, 0xdbde, 0xdbde, 0xdbde, 0xdbde, 0xdbde, 0xdbde, 0xdbde, 
  0xdbde, 0xdbde, 0xdbde, 0xdbde, 0xdbde, 0xdbde, 0xdbde, 0xdbde, 0xdbde, 0xdbde, 0xdbde, 0xdbde, 
  0xdbde, 0xdbde, 0xdbde, 0xdbde, 0xdbde, 0xdbde, 0xdbde, 0xdbde, 0xdbde, 0x5d7b, 0x5d7b, 0x5d7b, 
  0x5d7b, 0x8c4a, 0x8c4a, 0x6a62, 0x6a62, 0x8c4a, 0x8c4a, 0x8c4a, 0x8c4a, 0x8c4a, 0x8c4a, 0x5d7b, 
  0x5d7b, 0x5d7b, 0x5d7b, 0xdbde, 0xdbde, 0xdbde, 0xdbde, 0xdbde, 0xdbde, 0xdbde, 0xdbde, 0xdbde, 
  0xdbde, 0xdbde, 0xdbde, 0xdbde, 0xdbde, 0xdbde, 0xdbde, 0xdbde, 0xdbde, 0xdbde, 0xdbde, 0xdbde, 
  0xdbde, 0xdbde, 0xdbde, 0xdbde, 0xdbde, 0xdbde, 0xdbde, 0xdbde, 0xdbde, 0xdbde, 0xdbde, 0xdbde, 
  0xdbde, 0xdbde, 0xdbde, 0xdbde, 0xdbde, 0xdbde, 0xdbde, 0xdbde, 0xdbde, 0xdbde, 0xdbde, 0xdbde, 
  0xdbde, 0xdbde, 0xdbde, 0xdbde, 0xdbde, 0xdbde, 0xdbde, 0xdbde, 0xdbde, 0xdbde, 0xdbde, 0xdbde, 
  0xdbde, 0xdbde, 0xdbde, 0xdbde, 0xdbde, 0xdbde, 0xdbde, 0xdbde, 0xdbde, 0xdbde, 0xdbde, 0xdbde, 
  0xdbde, 0xdbde, 0xdbde, 0xdbde, 0xdbde, 0xdbde, 0xdbde, 0xdbde, 0xdbde, 0xdbde, 0xdbde, 0xdbde, 
  0xdbde, 0xdbde, 0xdbde, 0xdbde, 0xdbde, 0xdbde, 0xdbde, 0xdbde, 0xdbde, 0xdbde, 0xdbde, 0xdbde, 
  0xdbde, 0xdbde, 0xdbde, 0xdbde, 0xdbde, 0xdbde, 0xdbde, 0xdbde, 0xdbde, 0xdbde, 0xdbde, 0xdbde, 
  0xdbde, 0xdbde, 0xdbde, 0xdbde, 0xdbde, 0xdbde, 0xdbde, 0xdbde, 0xdbde, 0xdbde, 0xdbde, 0xdbde, 
  0xdbde, 0xdbde, 0xdbde, 0xdbde, 0xdbde, 0xdbde, 0xdbde, 0xdbde, 0xdbde, 0xdbde, 0xdbde, 0xdbde, 
  0xdbde, 0xdbde, 0xdbde, 0xdbde, 0xdbde, 0xdbde, 0xdbde, 0xdbde, 0xdbde, 0xdbde, 0x5d7b, 0x5d7b, 
  0x5d7b, 0x5d7b, 0x8c4a, 0x8c4a, 0x8c4a, 0x8c4a, 0x8c4a, 0x8c4a, 0x8c4a, 0x8c4a, 0x8c4a, 0x8c4a, 
  0x8c4a, 0x8c4a, 0x8c4a, 0x8c4a, 0x8c4a, 0x8c4a, 0x5d7b, 0x5d7b, 0x5d7b, 0x5d7b, 0xdbde, 0xdbde, 
  0xdbde, 0xdbde, 0xdbde, 0xdbde, 0xdbde, 0xdbde, 0xdbde, 0xdbde, 0xdbde, 0xdbde, 0xdbde, 0xdbde, 
  0xdbde, 0xdbde, 0xdbde, 0xdbde, 0xdbde, 0xdbde, 0xdbde, 0xdbde, 0xdbde, 0xdbde, 0xdbde, 0xdbde, 
  0xdbde, 0xdbde, 0xdbde, 0xdbde, 0xdbde, 0xdbde, 0xdbde, 0xdbde, 0xdbde, 0xdbde, 0xdbde, 0xdbde, 
  0xdbde, 0xdbde, 0xdbde, 0xdbde, 0xdbde, 0xdbde, 0xdbde, 0xdbde, 0xdbde, 0xdbde, 0xdbde, 0xdbde, 
  0xdbde, 0xdbde, 0xdbde, 0xdbde, 0xdbde, 0xdbde, 0xdbde, 0xdbde, 0xdbde, 0xdbde, 0xdbde, 0xdbde, 
  0xdbde, 0xdbde, 0xdbde, 0xdbde, 0xdbde, 0xdbde, 0xdbde, 0xdbde, 0xdbde, 0xdbde, 0xdbde, 0xdbde, 
  0xdbde, 0xdbde, 0xdbde, 0xdbde, 0xdbde, 0xdbde, 0xdbde, 0xdbde, 0xdbde, 0xdbde, 0xdbde, 0xdbde, 
  0xdbde, 0xdbde, 0xdbde, 0xdbde, 0xdbde, 0xdbde, 0xdbde, 0xdbde, 0xdbde, 0xdbde, 0xdbde, 0xdbde, 
  0xdbde, 0xdbde, 0xdbde, 0xdbde, 0xdbde, 0xdbde, 0xdbde, 0xdbde, 0xdbde, 0xdbde, 0xdbde, 0xdbde, 
  0xdbde, 0xdbde, 0xdbde, 0xdbde, 0xdbde, 0xdbde, 0xdbde, 0xdbde, 0xdbde, 0xdbde, 0xdbde, 0xdbde, 
  0xdbde, 0xdbde, 0xdbde, 0xdbde, 0xdbde, 0xdbde, 0xdbde, 0xdbde, 0xdbde, 0xdbde, 0xdbde, 0xdbde, 
  0xdbde, 0xdbde, 0xdbde, 0xdbde, 0xdbde, 0x5d7b, 0x5d7b, 0x5d7b, 0x5d7b, 0x8c4a, 0x8c4a, 0x6a62, 
  0x6a62, 0x8c4a, 0x8c4a, 0x8c4a, 0x8c4a, 0x8c4a, 0x8c4a, 0x5d7b, 0x5d7b, 0x5d7b, 0x5d7b, 0xdbde, 
  0xdbde, 0xdbde, 0xdbde, 0xdbde, 0xdbde, 0xdbde, 0xdbde, 0xdbde, 0xdbde, 0xdbde, 0xdbde, 0xdbde, 
  0xdbde, 0xdbde, 0xdbde, 0xdbde, 0xdbde, 0xdbde, 0xdbde, 0xdbde, 0xdbde, 0xdbde, 0xdbde, 0xdbde, 
  0xdbde, 0xdbde, 0xdbde, 0xdbde, 0xdbde, 0xdbde, 0xdbde, 0xdbde, 0xdbde, 0xdbde, 0xdbde, 0xdbde, 
  0xdbde, 0xdbde, 0xdbde, 0xdbde, 0xdbde, 0xdbde, 0xdbde, 0xdbde, 0xdbde, 0xdbde, 0xdbde, 0xdbde, 
  0xdbde, 0xdbde, 0xdbde, 0xdbde, 0xdbde, 0xdbde, 0xdbde, 0xdbde, 0xdbde, 0xdbde, 0xdbde, 0xdbde, 
  0xdbde, 0xdbde, 0xdbde, 0xdbde, 0xb9ce, 0xb9ce, 0xdbde, 0xdbde, 0xdbde, 0xdbde, 0xdbde, 0xdbde, 
  0xdbde, 0xdbde, 0xdbde, 0xdbde, 0xdbde, 0xdbde, 0xdbde, 0xdbde, 0xdbde, 0xdbde, 0xdbde, 0xdbde, 
  0xdbde, 0xdbde, 0xdbde, 0xdbde, 0xdbde, 0xdbde, 0xdbde, 0xdbde, 0xdbde, 0xdbde, 0xdbde, 0xdbde, 
  0xdbde, 0xdbde, 0xdbde, 0xdbde, 0xdbde, 0xdbde, 0xdbde, 0xdbde, 0xdbde, 0xdbde, 0xdbde, 0xdbde, 
  0xdbde, 0xdbde, 0xdbde, 0xdbde, 0xdbde, 0xdbde, 0xdbde, 0xdbde, 0xdbde, 0xdbde, 0xdbde, 0xdbde, 
  0xdbde, 0xdbde, 0xdbde, 0xdbde, 0xdbde, 0xdbde, 0xdbde, 0xdbde, 0xdbde, 0xdbde, 0xdbde, 0xdbde, 
  0xdbde, 0xdbde, 0xdbde, 0xdbde, 0xdbde, 0xdbde, 0x5d7b, 0x5d7b, 0x5d7b, 0x5d7b, 0x8c4a, 0x8c4a, 
  0x8c4a, 0x8c4a, 0x8c4a, 0x8c4a, 0x8c4a, 0x8c4a, 0x8c4a, 0x8c4a, 0x8c4a, 0x8c4a, 0x8c4a, 0x8c4a, 
  0x8c4a, 0x8c4a, 0x5d7b, 0x5d7b, 0x5d7b, 0x5d7b, 0xdbde, 0xdbde, 0xdbde, 0xdbde, 0xdbde, 0xdbde, 
  0xdbde, 0xdbde, 0xdbde, 0xdbde, 0xdbde, 0xdbde, 0xdbde, 0xdbde, 0xdbde, 0xdbde, 0xdbde, 0xdbde, 
  0xdbde, 0xdbde, 0xdbde, 0xdbde, 0xdbde, 0xdbde, 0xdbde, 0xdbde, 0xdbde, 0xdbde, 0xdbde, 0xdbde, 
  0xdbde, 0xdbde, 0xdbde, 0xdbde, 0xdbde, 0xdbde, 0xdbde, 0xdbde, 0xdbde, 0xdbde, 0xdbde, 0xdbde, 
  0xdbde, 0xdbde, 0xdbde, 0xdbde, 0xdbde, 0xdbde, 0xdbde, 0xdbde, 0xdbde, 0xdbde, 0xdbde, 0xdbde, 
  0xdbde, 0xdbde, 0xdbde, 0xdbde, 0xdbde, 0xdbde, 0xdbde, 0xdbde, 0xdbde, 0xdbde, 0xdbde, 0xdbde, 
  0xdbde, 0xdbde, 0xdbde, 0xdbde, 0xdbde, 0xdbde, 0xdbde, 0xdbde, 0xdbde, 0xdbde, 0xdbde, 0xdbde, 
  0xdbde, 0xdbde, 0xdbde, 0xdbde, 0xdbde, 0xdbde, 0xdbde, 0xdbde, 0xdbde, 0xdbde, 0xdbde, 0xdbde, 
  0xdbde, 0xdbde, 0xdbde, 0xdbde, 0xdbde, 0xdbde, 0xdbde, 0xdbde, 0xdbde, 0xdbde, 0xdbde, 0xdbde, 
  0xdbde, 0xdbde, 0xdbde, 0xdbde, 0xdbde, 0xdbde, 0xdbde, 0xdbde, 0xdbde, 0xdbde, 0xdbde, 0xdbde, 
  0xdbde, 0xdbde, 0xdbde, 0xdbde, 0xdbde, 0xdbde, 0xdbde, 0xdbde, 0xdbde, 0xdbde, 0xdbde, 0xdbde, 
  0xdbde, 0xdbde, 0xdbde, 0xdbde, 0xdbde, 0xdbde, 0xdbde, 0xdbde, 0xdbde, 0xdbde, 0xdbde, 0xdbde, 
  0xdbde, 0x5d7b, 0x5d7b, 0x5d7b, 0x5d7b, 0x8c4a, 0x8c4a, 0x6a62, 0x6a62, 0x8c4a, 0x8c4a, 0x8c4a, 
  0x8c4a, 0x8c4a, 0x8c4a, 0x5d7b, 0x5d7b, 0x5d7b, 0x5d7b, 0xdbde, 0xdbde, 0xdbde, 0xdbde, 0xdbde, 
  0xdbde, 0xdbde, 0xdbde, 0xdbde, 0xdbde, 0xdbde, 0xdbde, 0xb8c6, 0x74a6, 0x518e, 0x5396, 0x96b6, 
  0xdbde, 0xdbde, 0xdbde, 0xb9ce, 0x97be, 0xdbde, 0xdbde, 0xdbde, 0xdbde, 0xdbde, 0xdbde, 0xb8c6, 
  0xb8c6, 0xdbde, 0xdbde, 0xdbde, 0xdbde, 0xdbde, 0xdbde, 0xdbde, 0xdbde, 0xdbde, 0xdbde, 0xdbde, 
  0xdbde, 0xdbde, 0xdbde, 0xdbde, 0xdbde, 0xdbde, 0xdbde, 0xdbde, 0xdbde, 0xdbde, 0xdbde, 0xdbde, 
  0xdbde, 0xdbde, 0xdbde, 0xdbde, 0xdbde, 0xdbde, 0xdbde, 0xdbde, 0xdbde, 0xdbde, 0xdbde, 0xb8c6, 
  0xc845, 0x2f7e, 0xdbde, 0xdbde, 0xdbde, 0xdbde, 0xdbde, 0xdbde, 0xdbde, 0xdbde, 0xdbde, 0xdbde, 
  0xdbde, 0xdbde, 0xdbde, 0xdbde, 0xdbde, 0xdbde, 0xdbde, 0xdbde, 0xb8c6, 0x518e, 0xb9ce, 0xdbde, 
  0xdbde, 0xdbde, 0xdbde, 0xdbde, 0xdbde, 0xdbde, 0xdbde, 0xdbde, 0xdbde, 0xdbde, 0xdbde, 0xdbde, 
  0xdbde, 0xdbde, 0xdbde, 0xdbde, 0xdbde, 0xdbde, 0xdbde, 0xb8c6, 0x518e, 0xb8c6, 0xdbde, 0xdbde, 
  0xdbde, 0xdbde, 0xdbde, 0xdbde, 0xdbde, 0xdbde, 0xdbde, 0xdbde, 0xdbde, 0xdbde, 0xdbde, 0xdbde, 
  0xdbde, 0xdbde, 0xdbde, 0xdbde, 0xdbde, 0xdbde, 0xdbde, 0xdbde, 0xdbde, 0xdbde, 0xdbde, 0xdbde, 
  0xdbde, 0xdbde, 0x5d7b, 0x5d7b, 0x5d7b, 0x5d7b, 0x8c4a, 0x8c4a, 0x8c4a, 0x8c4a, 0x8c4a, 0x8c4a, 
  0x8c4a, 0x8c4a, 0x8c4a, 0x8c4a, 0x8c4a, 0x8c4a, 0x8c4a, 0x8c4a, 0x8c4a, 0x8c4a, 0x5d7b, 0x5d7b, 
  0x5d7b, 0x5d7b, 0xdbde, 0xdbde, 0xdbde, 0xdbde, 0xdbde, 0xdbde, 0xdbde, 0xdbde, 0xdbde, 0xdbde, 
  0xdbde, 0xdbde, 0xdbde, 0xdbde, 0xdbde, 0xdbde, 0xdbde, 0xdbde, 0xdbde, 0xdbde, 0xdbde, 0xdbde, 
  0xdbde, 0xdbde, 0xdbde, 0xdbde, 0xdbde, 0xdbde, 0xdbde, 0xdbde, 0xdbde, 0xdbde, 0xdbde, 0xdbde, 
  0xdbde, 0xdbde, 0xdbde, 0xdbde, 0xdbde, 0xdbde, 0xdbde, 0xdbde, 0xdbde, 0xdbde, 0xdbde, 0xdbde, 
  0xdbde, 0xdbde, 0xdbde, 0xdbde, 0xdbde, 0xdbde, 0xdbde, 0xdbde, 0xdbde, 0xdbde, 0xdbde, 0xdbde, 
  0xdbde, 0xdbde, 0xdbde, 0xdbde, 0xdbde, 0xdbde, 0xdbde, 0xdbde, 0xdbde, 0xdbde, 0xdbde, 0xdbde, 
  0xdbde, 0xdbde, 0xdbde, 0xdbde, 0xdbde, 0xdbde, 0xdbde, 0xdbde, 0xdbde, 0xdbde, 0xdbde, 0xdbde, 
  0xdbde, 0xdbde, 0xdbde, 0xdbde, 0xdbde, 0xdbde, 0xdbde, 0xdbde, 0xdbde, 0xdbde, 0xdbde, 0xdbde, 
  0xdbde, 0xdbde, 0xdbde, 0xdbde, 0xdbde, 0xdbde, 0xdbde, 0xdbde, 0xdbde, 0xdbde, 0xdbde, 0xdbde, 
  0xdbde, 0xdbde, 0xdbde, 0xdbde, 0xdbde, 0xdbde, 0xdbde, 0xdbde, 0xdbde, 0xdbde, 0xdbde, 0xdbde, 
  0xdbde, 0xdbde, 0xdbde, 0xdbde, 0xdbde, 0xdbde, 0xdbde, 0xdbde, 0xdbde, 0xdbde, 0xdbde, 0xdbde, 
  0xdbde, 0xdbde, 0xdbde, 0xdbde, 0xdbde, 0xdbde, 0xdbde, 0xdbde, 0xdbde, 0x5d7b, 0x5d7b, 0x5d7b, 
  0x5d7b, 0x8c4a, 0x8c4a, 0x6a62, 0x6a62, 0x8c4a, 0x8c4a, 0x8c4a, 0x8c4a, 0x8c4a, 0x8c4a, 0x5d7b, 
  0x5d7b, 0x5d7b, 0x5d7b, 0xdbde, 0xdbde, 0xdbde, 0xdbde, 0xdbde, 0xdbde, 0xdbde, 0xdbde, 0xdbde, 
  0xdbde, 0xb8c6, 0x0d66, 0xc845, 0xc845, 0xc845, 0xc845, 0xc845, 0x518e, 0xdbde, 0xdbde, 0xeb5d, 
  0xc94d, 0xb9ce, 0xdbde, 0xdbde, 0xdbde, 0xdbde, 0xb8c6, 0xea55, 0xea55, 0xdbde, 0xdbde, 0xdbde, 
  0xdbde, 0xdbde, 0xdbde, 0xdbde, 0xdbde, 0xdbde, 0xdbde, 0xdbde, 0xdbde, 0xdbde, 0xdbde, 0xdbde, 
  0xdbde, 0xdbde, 0xdbde, 0xdbde, 0xdbde, 0xdbde, 0xdbde, 0xdbde, 0xdbde, 0xdbde, 0xdbde, 0xdbde, 
  0xdbde, 0xdbde, 0xdbde, 0xdbde, 0xdbde, 0xdbde, 0xdbde, 0x96b6, 0xc845, 0x3086, 0xdbde, 0xdbde, 
  0xdbde, 0xdbde, 0xdbde, 0xdbde, 0xdbde, 0xdbde, 0xdbde, 0xdbde, 0xdbde, 0xdbde, 0xdbde, 0xdbde, 
  0xdbde, 0xdbde, 0xdbde, 0xdbde, 0xea55, 0xc845, 0x2f7e, 0xdbde, 0xdbde, 0xdbde, 0xdbde, 0xdbde, 
  0xdbde, 0xdbde, 0xdbde, 0xdbde, 0xdbde, 0xdbde, 0xdbde, 0xdbde, 0xdbde, 0xb8c6, 0x2f7e, 0x97be, 
  0xdbde, 0xdbde, 0xdbde, 0x74a6, 0xc845, 0x0e76, 0xdbde, 0xdbde, 0xdbde, 0xdbde, 0xdbde, 0xdbde, 
  0xdbde, 0xdbde, 0xdbde, 0xdbde, 0xdbde, 0xdbde, 0xdbde, 0xdbde, 0xdbde, 0xdbde, 0xdbde, 0xdbde, 
  0xdbde, 0xdbde, 0xdbde, 0xdbde, 0xdbde, 0xdbde, 0xdbde, 0xdbde, 0xdbde, 0xdbde, 0x5d7b, 0x5d7b, 
  0x5d7b, 0x5d7b, 0x8c4a, 0x8c4a, 0x8c4a, 0x8c4a, 0x8c4a, 0x8c4a, 0x8c4a, 0x8c4a, 0x8c4a, 0x8c4a, 
  0x8c4a, 0x8c4a, 0x8c4a, 0x8c4a, 0x8c4a, 0x8c4a, 0x5d7b, 0x5d7b, 0x5d7b, 0x5d7b, 0xdbde, 0xdbde, 
  0xdbde, 0xdbde, 0xdbde, 0xdbde, 0xdbde, 0xdbde, 0xdbde, 0xdbde, 0xdbde, 0xdbde, 0xdbde, 0xdbde, 
  0xdbde, 0xdbde, 0xdbde, 0xdbde, 0xdbde, 0xdbde, 0xdbde, 0xdbde, 0xdbde, 0xdbde, 0xdbde, 0xdbde, 
  0xdbde, 0xdbde, 0xdbde, 0xdbde, 0xdbde, 0xdbde, 0xdbde, 0xdbde, 0xdbde, 0xdbde, 0xdbde, 0xdbde, 
  0xdbde, 0xdbde, 0xdbde, 0xdbde, 0xdbde, 0xdbde, 0xdbde, 0xdbde, 0xdbde, 0xdbde, 0xdbde, 0xdbde, 
  0xdbde, 0xdbde, 0xdbde, 0xdbde, 0xdbde, 0xdbde, 0xdbde, 0xdbde, 0xdbde, 0xdbde, 0xdbde, 0xdbde, 
  0xdbde, 0xdbde, 0xdbde, 0xdbde, 0xdbde, 0xdbde, 0xdbde, 0xdbde, 0xdbde, 0xdbde, 0xdbde, 0xdbde, 
  0xdbde, 0xdbde, 0xdbde, 0xdbde, 0xdbde, 0xdbde, 0xdbde, 0xdbde, 0xdbde, 0xdbde, 0xdbde, 0xdbde, 
  0xdbde, 0xdbde, 0xdbde, 0xdbde, 0xdbde, 0xdbde, 0xdbde, 0xdbde, 0xdbde, 0xdbde, 0xdbde, 0xdbde, 
  0xdbde, 0xdbde, 0xdbde, 0xdbde, 0xdbde, 0xdbde, 0xdbde, 0xdbde, 0xdbde, 0xdbde, 0xdbde, 0xdbde, 
  0xdbde, 0xdbde, 0xdbde, 0xdbde, 0xdbde, 0xdbde, 0xdbde, 0xdbde, 0xdbde, 0xdbde, 0xdbde, 0xdbde, 
  0xdbde, 0xdbde, 0xdbde, 0xdbde, 0xdbde, 0xdbde, 0xdbde, 0xdbde, 0xdbde, 0xdbde, 0xdbde, 0xdbde, 
  0xdbde, 0xdbde, 0xdbde, 0xdbde, 0xdbde, 0x5d7b, 0x5d7b, 0x5d7b, 0x5d7b, 0x8c4a, 0x8c4a, 0x6a62, 
  0x6a62, 0x8c4a, 0x8c4a, 0x8c4a, 0x8c4a, 0x8c4a, 0x8c4a, 0x5d7b, 0x5d7b, 0x5d7b, 0x5d7b, 0xdbde, 
  0xdbde, 0xdbde, 0xdbde, 0xdbde, 0xdbde, 0xdbde, 0xdbde, 0xdbde, 0xb9ce, 0xea55, 0xc845, 0x0d66, 
  0x5296, 0x96b6, 0x96b6, 0xea55, 0xc845, 0x74a6, 0xdbde, 0x0d66, 0xc845, 0x74a6, 0xdbde, 0xdbde, 
  0xdbde, 0xdbde, 0x74a6, 0xc845, 0x2f7e, 0xdbde, 0xdbde, 0xdbde, 0xdbde, 0xdbde, 0xdbde, 0xdbde, 
  0xdbde, 0xdbde, 0xdbde, 0xdbde, 0xdbde, 0xdbde, 0xdbde, 0xdbde, 0xdbde, 0xdbde, 0xdbde, 0xdbde, 
  0xdbde, 0xdbde, 0xdbde, 0xdbde, 0xdbde, 0xdbde, 0xdbde, 0xdbde, 0xdbde, 0xdbde, 0xdbde, 0xdbde, 
  0xdbde, 0xdbde, 0xdbde, 0x74a6, 0xc845, 0x518e, 0xdbde, 0xdbde, 0xdbde, 0xdbde, 0xdbde, 0xdbde, 
  0xdbde, 0xdbde, 0xdbde, 0xdbde, 0xdbde, 0xdbde, 0xdbde, 0xdbde, 0xdbde, 0xdbde, 0xdbde, 0x74a6, 
  0xc845, 0xc94d, 0xc845, 0x96b6, 0xdbde, 0xdbde, 0xdbde, 0xdbde, 0xdbde, 0xdbde, 0xdbde, 0xdbde, 
  0xdbde, 0xdbde, 0xdbde, 0xdbde, 0xdbde, 0x74a6, 0xc845, 0x74a6, 0xdbde, 0xdbde, 0xdbde, 0xb8c6, 
  0x518e, 0x97be, 0xdbde, 0xdbde, 0xdbde, 0xdbde, 0xdbde, 0xdbde, 0xdbde, 0xdbde, 0xdbde, 0xdbde, 
  0xdbde, 0xdbde, 0xdbde, 0xdbde, 0xdbde, 0xdbde, 0xdbde, 0xdbde, 0xdbde, 0xdbde, 0xdbde, 0xdbde, 
  0xdbde, 0xdbde, 0xdbde, 0xdbde, 0xdbde, 0xdbde, 0x5d7b, 0x5d7b, 0x5d7b, 0x5d7b, 0x8c4a, 0x8c4a, 
  0x8c4a, 0x8c4a, 0x8c4a, 0x8c4a, 0x8c4a, 0x8c4a, 0x8c4a, 0x8c4a, 0x8c4a, 0x8c4a, 0x8c4a, 0x8c4a, 
  0x8c4a, 0x8c4a, 0x5d7b, 0x5d7b, 0x5d7b, 0x5d7b, 0xdbde, 0xdbde, 0xdbde, 0xdbde, 0xdbde, 0xdbde, 
  0xdbde, 0xdbde, 0xdbde, 0xdbde, 0xdbde, 0xdbde, 0xdbde, 0xdbde, 0xdbde, 0xdbde, 0xdbde, 0xdbde, 
  0xdbde, 0xdbde, 0xdbde, 0xdbde, 0xdbde, 0xdbde, 0xdbde, 0xdbde, 0xdbde, 0xdbde, 0xdbde, 0xdbde, 
  0xdbde, 0xdbde, 0xdbde, 0xdbde, 0xdbde, 0xdbde, 0xdbde, 0xdbde, 0xdbde, 0xdbde, 0xdbde, 0xdbde, 
  0xdbde, 0xdbde, 0xdbde, 0xdbde, 0xdbde, 0xdbde, 0xdbde, 0xdbde, 0xdbde, 0xdbde, 0xdbde, 0xdbde, 
  0xdbde, 0xdbde, 0xdbde, 0xdbde, 0xdbde, 0xdbde, 0xdbde, 0xdbde, 0xdbde, 0xdbde, 0xdbde, 0xdbde, 
  0xb8c6, 0xdbde, 0xdbde, 0xdbde, 0xdbde, 0xdbde, 0xdbde, 0xdbde, 0xdbde, 0xdbde, 0xdbde, 0xdbde, 
  0xdbde, 0xdbde, 0xdbde, 0xdbde, 0xdbde, 0xdbde, 0xdbde, 0xdbde, 0xdbde, 0xdbde, 0xdbde, 0xdbde, 
  0xdbde, 0xdbde, 0xdbde, 0xdbde, 0xdbde, 0xdbde, 0xdbde, 0xdbde, 0xdbde, 0xdbde, 0xdbde, 0xdbde, 
  0xdbde, 0xdbde, 0xdbde, 0xdbde, 0xdbde, 0xdbde, 0xdbde, 0xdbde, 0xdbde, 0xdbde, 0xdbde, 0xdbde, 
  0xdbde, 0xdbde, 0xdbde, 0xdbde, 0xdbde, 0xdbde, 0xdbde, 0xdbde, 0xdbde, 0xdbde, 0xdbde, 0xdbde, 
  0xdbde, 0xdbde, 0xdbde, 0xdbde, 0xdbde, 0xdbde, 0xdbde, 0xdbde, 0xdbde, 0xdbde, 0xdbde, 0xdbde, 
  0xdbde, 0x5d7b, 0x5d7b, 0x5d7b, 0x5d7b, 0x8c4a, 0x8c4a, 0x6a62, 0x6a62, 0x8c4a, 0x8c4a, 0x8c4a, 
  0x8c4a, 0x8c4a, 0x8c4a, 0x5d7b, 0x5d7b, 0x5d7b, 0x5d7b, 0xdbde, 0xdbde, 0xdbde, 0xdbde, 0xdbde, 
  0xdbde, 0xdbde, 0xdbde, 0xdbde, 0x74a6, 0xc845, 0x2f7e, 0xdbde, 0xdbde, 0xdbde, 0xdbde, 0xb8c6, 
  0x2f7e, 0x97be, 0xdbde, 0x74a6, 0xc845, 0x0d66, 0xdbde, 0xdbde, 0xdbde, 0xdbde, 0xea55, 0xc845, 
  0xb8c6, 0xdbde, 0xdbde, 0xdbde, 0xdbde, 0xdbde, 0xdbde, 0xdbde, 0xdbde, 0xdbde, 0xdbde, 0xdbde, 
  0xdbde, 0xdbde, 0xdbde, 0xdbde, 0xdbde, 0xdbde, 0xdbde, 0xdbde, 0xdbde, 0xdbde, 0xdbde, 0xdbde, 
  0xdbde, 0xdbde, 0xdbde, 0xdbde, 0xdbde, 0xdbde, 0xdbde, 0xdbde, 0xdbde, 0xdbde, 0xdbde, 0x74a6, 
  0xc845, 0x74a6, 0xdbde, 0xdbde, 0xdbde, 0xdbde, 0xdbde, 0xdbde, 0xdbde, 0xdbde, 0xdbde, 0xdbde, 
  0xdbde, 0xdbde, 0xdbde, 0xdbde, 0xdbde, 0xdbde, 0xdbde, 0xea55, 0xc845, 0x74a6, 0xc845, 0x3086, 
  0xdbde, 0xdbde, 0xdbde, 0xdbde, 0xdbde, 0xdbde, 0xdbde, 0xdbde, 0xdbde, 0xdbde, 0xdbde, 0xdbde, 
  0xdbde, 0x75ae, 0xc845, 0x74a6, 0xdbde, 0xdbde, 0xdbde, 0xdbde, 0xdbde, 0xdbde, 0xdbde, 0xdbde, 
  0xdbde, 0xdbde, 0xdbde, 0xdbde, 0xdbde, 0xdbde, 0xdbde, 0xdbde, 0xdbde, 0xdbde, 0xdbde, 0xdbde, 
  0xdbde, 0xdbde, 0xdbde, 0xdbde, 0xdbde, 0xdbde, 0xdbde, 0xdbde, 0xdbde, 0xdbde, 0xdbde, 0xdbde, 
  0xdbde, 0xdbde, 0x5d7b, 0x5d7b, 0x5d7b, 0x5d7b, 0x8c4a, 0x8c4a, 0x8c4a, 0x8c4a, 0x8c4a, 0x8c4a, 
  0x8c4a, 0x8c4a, 0x8c4a, 0x8c4a, 0x8c4a, 0x8c4a, 0x8c4a, 0x8c4a, 0x8c4a, 0x8c4a, 0x5d7b, 0x5d7b, 
  0x5d7b, 0x5d7b, 0xdbde, 0xdbde, 0xdbde, 0xdbde, 0xdbde, 0xdbde, 0xdbde, 0xdbde, 0xdbde, 0xdbde, 
  0xdbde, 0xdbde, 0xb8c6, 0x74a6, 0x518e, 0x5396, 0x96b6, 0xdbde, 0xdbde, 0xdbde, 0xdbde, 0xdbde, 
  0xdbde, 0xb9ce, 0x96b6, 0x5396, 0x518e, 0x75ae, 0xdbde, 0xdbde, 0xdbde, 0xdbde, 0xdbde, 0xdbde, 
  0xdbde, 0xdbde, 0xdbde, 0xdbde, 0xdbde, 0xdbde, 0xdbde, 0xdbde, 0xdbde, 0xdbde, 0xdbde, 0xdbde, 
  0xdbde, 0xdbde, 0xdbde, 0xdbde, 0xdbde, 0xdbde, 0xdbde, 0xdbde, 0xdbde, 0xdbde, 0xdbde, 0xdbde, 
  0xdbde, 0xdbde, 0xdbde, 0xdbde, 0xdbde, 0xdbde, 0xdbde, 0xb8c6, 0xc845, 0x2f7e, 0xdbde, 0xdbde, 
  0xdbde, 0xdbde, 0xdbde, 0xdbde, 0xdbde, 0xdbde, 0xdbde, 0xdbde, 0xdbde, 0xdbde, 0xdbde, 0xdbde, 
  0xdbde, 0xdbde, 0xdbde, 0xdbde, 0xb8c6, 0x518e, 0xb9ce, 0xdbde, 0xdbde, 0xdbde, 0xdbde, 0xdbde, 
  0xdbde, 0xdbde, 0xdbde, 0xdbde, 0xdbde, 0xdbde, 0xdbde, 0xdbde, 0xdbde, 0xdbde, 0xdbde, 0xdbde, 
  0xdbde, 0xdbde, 0xdbde, 0xb8c6, 0x518e, 0xb8c6, 0xdbde, 0xdbde, 0xdbde, 0xdbde, 0xdbde, 0xdbde, 
  0xdbde, 0xdbde, 0xdbde, 0xdbde, 0xdbde, 0xdbde, 0xdbde, 0xdbde, 0xdbde, 0xdbde, 0xdbde, 0xdbde, 
  0xdbde, 0xdbde, 0xdbde, 0xdbde, 0xdbde, 0xdbde, 0xdbde, 0xdbde, 0xdbde, 0x5d7b, 0x5d7b, 0x5d7b, 
  0x5d7b, 0x8c4a, 0x8c4a, 0x6a62, 0x6a62, 0x8c4a, 0x8c4a, 0x8c4a, 0x8c4a, 0x8c4a, 0x8c4a, 0x5d7b, 
  0x5d7b, 0x5d7b, 0x5d7b, 0xdbde, 0xdbde, 0xdbde, 0xdbde, 0xdbde, 0xdbde, 0xdbde, 0xdbde, 0xdbde, 
  0xeb5d, 0xc845, 0xb8c6, 0xdbde, 0xdbde, 0xdbde, 0xdbde, 0xdbde, 0xdbde, 0xdbde, 0xdbde, 0xb9ce, 
  0xc94d, 0xc94d, 0xb9ce, 0xdbde, 0xdbde, 0x96b6, 0xc845, 0x0d66, 0xdbde, 0xdbde, 0xdbde, 0xdbde, 
  0xdbde, 0xb8c6, 0x0e76, 0x2f7e, 0xb9ce, 0xb8c6, 0x2f7e, 0x0d66, 0x518e, 0xdbde, 0x74a6, 0x0e76, 
  0x0e76, 0xb8c6, 0xdbde, 0xdbde, 0xdbde, 0xdbde, 0xb8c6, 0x3086, 0x0d66, 0x0d66, 0x74a6, 0xb9ce, 
  0xdbde, 0xdbde, 0xdbde, 0xdbde, 0x75ae, 0x2f7e, 0x3086, 0x518e, 0xc845, 0x74a6, 0xdbde, 0xdbde, 
  0xdbde, 0x97be, 0x2f7e, 0x0d66, 0x2f7e, 0xb8c6, 0xdbde, 0xdbde, 0xdbde, 0xdbde, 0xdbde, 0xdbde, 
  0xdbde, 0xdbde, 0x96b6, 0xc845, 0x2f7e, 0xdbde, 0x0d66, 0xc94d, 0xb9ce, 0xdbde, 0xdbde, 0xdbde, 
  0xdbde, 0xb8c6, 0x3086, 0xeb5d, 0x0d66, 0x74a6, 0xdbde, 0xdbde, 0x5296, 0xeb5d, 0xc845, 0xec5d, 
  0x0d66, 0x518e, 0xdbde, 0xb8c6, 0x0e76, 0x75ae, 0xdbde, 0xb8c6, 0x0e76, 0xb8c6, 0xdbde, 0xdbde, 
  0xdbde, 0x5296, 0x2f7e, 0xdbde, 0xdbde, 0xb9ce, 0x518e, 0x0e76, 0x0d66, 0x3086, 0xb8c6, 0xdbde, 
  0xdbde, 0xdbde, 0xdbde, 0xdbde, 0xdbde, 0xdbde, 0xdbde, 0xdbde, 0xdbde, 0xdbde, 0x5d7b, 0x5d7b, 
  0x5d7b, 0x5d7b, 0x8c4a, 0x8c4a, 0x8c4a, 0x8c4a, 0x8c4a, 0x8c4a, 0x8c4a, 0x8c4a, 0x8c4a, 0x8c4a, 
  0x8c4a, 0x8c4a, 0x8c4a, 0x8c4a, 0x8c4a, 0x8c4a, 0x5d7b, 0x5d7b, 0x5d7b, 0x5d7b, 0xdbde, 0xdbde, 
  0xdbde, 0xdbde, 0xdbde, 0xdbde, 0xdbde, 0xdbde, 0xdbde, 0xdbde, 0xb8c6, 0x0d66, 0xc845, 0xc845, 
  0xc845, 0xc845, 0xc845, 0x518e, 0xdbde, 0xdbde, 0xdbde, 0xdbde, 0x5296, 0xc94d, 0xc845, 0xc845, 
  0xc845, 0xc845, 0xea55, 0xb9ce, 0xdbde, 0xdbde, 0xdbde, 0xdbde, 0xdbde, 0xdbde, 0xdbde, 0xdbde, 
  0xdbde, 0xdbde, 0xdbde, 0xdbde, 0xdbde, 0xdbde, 0xdbde, 0xdbde, 0xdbde, 0xdbde, 0xdbde, 0xdbde, 
  0xdbde, 0xdbde, 0xdbde, 0xdbde, 0xdbde, 0xdbde, 0xdbde, 0xdbde, 0xdbde, 0xdbde, 0xdbde, 0xdbde, 
  0xdbde, 0xdbde, 0xdbde, 0x75ae, 0xc845, 0x518e, 0xdbde, 0xdbde, 0xdbde, 0xdbde, 0xdbde, 0xdbde, 
  0xdbde, 0xdbde, 0xdbde, 0xdbde, 0xdbde, 0xdbde, 0xdbde, 0xdbde, 0xdbde, 0xdbde, 0xdbde, 0xdbde, 
  0xea55, 0xc845, 0x3086, 0xdbde, 0xdbde, 0xdbde, 0xdbde, 0xdbde, 0xdbde, 0xdbde, 0xdbde, 0xdbde, 
  0xdbde, 0xdbde, 0xdbde, 0xdbde, 0xdbde, 0xb8c6, 0x2f7e, 0xb8c6, 0xdbde, 0xdbde, 0xdbde, 0x518e, 
  0xc845, 0x0e76, 0xdbde, 0xdbde, 0xdbde, 0xdbde, 0xdbde, 0xdbde, 0xdbde, 0xdbde, 0xdbde, 0xdbde, 
  0xdbde, 0xdbde, 0xdbde, 0xdbde, 0xdbde, 0xdbde, 0xdbde, 0xdbde, 0xdbde, 0xdbde, 0xdbde, 0xdbde, 
  0xdbde, 0xdbde, 0xdbde, 0xdbde, 0xdbde, 0x5d7b, 0x5d7b, 0x5d7b, 0x5d7b, 0x8c4a, 0x8c4a, 0x6a62, 
  0x6a62, 0x8c4a, 0x8c4a, 0x8c4a, 0x8c4a, 0x8c4a, 0x8c4a, 0x5d7b, 0x5d7b, 0x5d7b, 0x5d7b, 0xdbde, 
  0xdbde, 0xdbde, 0xdbde, 0xdbde, 0xdbde, 0xdbde, 0xdbde, 0xdbde, 0xc845, 0xc94d, 0xdbde, 0xdbde, 
  0xdbde, 0xdbde, 0xdbde, 0xdbde, 0xdbde, 0xdbde, 0xdbde, 0xdbde, 0x3086, 0xc845, 0x5296, 0xdbde, 
  0xdbde, 0x2f7e, 0xc845, 0x74a6, 0xdbde, 0xdbde, 0xdbde, 0xdbde, 0xdbde, 0x74a6, 0xeb5d, 0xc845, 
  0x2f7e, 0xea55, 0xc845, 0xc845, 0xc845, 0xeb5d, 0xc845, 0xc845, 0xc845, 0xc94d, 0xb8c6, 0xdbde, 
  0xdbde, 0xb8c6, 0xea55, 0xc845, 0x0d66, 0x0d66, 0xc845, 0xeb5d, 0xb9ce, 0xdbde, 0xdbde, 0x2f7e, 
  0xc845, 0xc94d, 0xc94d, 0xc845, 0xc845, 0x74a6, 0xdbde, 0xdbde, 0x97be, 0xc94d, 0xc94d, 0x0d66, 
  0xc94d, 0xc845, 0x96b6, 0xdbde, 0xdbde, 0xdbde, 0xdbde, 0xdbde, 0xdbde, 0xdbde, 0x2f7e, 0xc845, 
  0xb8c6, 0xdbde, 0x5296, 0xc845, 0x5296, 0xdbde, 0xdbde, 0xdbde, 0xb8c6, 0xc94d, 0xc845, 0x0d66, 
  0xeb5d, 0xc845, 0x518e, 0xdbde, 0x0d66, 0xea55, 0xc845, 0xea55, 0x0d66, 0x5296, 0xdbde, 0x97be, 
  0xc845, 0x2f7e, 0xdbde, 0x5296, 0xc845, 0x3086, 0xdbde, 0xdbde, 0xb8c6, 0xc845, 0xeb5d, 0xdbde, 
  0xb8c6, 0xea55, 0xc845, 0xea55, 0xeb5d, 0xc845, 0x0d66, 0xdbde, 0xdbde, 0xdbde, 0xdbde, 0xdbde, 
  0xdbde, 0xdbde, 0xdbde, 0xdbde, 0xdbde, 0xdbde, 0x5d7b, 0x5d7b, 0x5d7b, 0x5d7b, 0x8c4a, 0x8c4a, 
  0x8c4a, 0x8c4a, 0x8c4a, 0x8c4a, 0x8c4a, 0x8c4a, 0x8c4a, 0x8c4a, 0x8c4a, 0x8c4a, 0x8c4a, 0x8c4a, 
  0x8c4a, 0x8c4a, 0x5d7b, 0x5d7b, 0x5d7b, 0x5d7b, 0xdbde, 0xdbde, 0xdbde, 0xdbde, 0xdbde, 0xdbde, 
  0xdbde, 0xdbde, 0xdbde, 0xb9ce, 0xea55, 0xc845, 0x0d66, 0x5296, 0x96b6, 0x96b6, 0xea55, 0xc845, 
  0x74a6, 0xdbde, 0xdbde, 0x74a6, 0xc845, 0xc845, 0x2f7e, 0x75ae, 0x96b6, 0x518e, 0xc845, 0x0d66, 
  0xdbde, 0xdbde, 0xdbde, 0xdbde, 0xdbde, 0xdbde, 0xdbde, 0xdbde, 0xdbde, 0xdbde, 0xdbde, 0xdbde, 
  0xdbde, 0xdbde, 0xdbde, 0xdbde, 0xdbde, 0xdbde, 0xdbde, 0xdbde, 0xdbde, 0xdbde, 0xdbde, 0xdbde, 
  0xdbde, 0xdbde, 0xdbde, 0xdbde, 0xdbde, 0xdbde, 0xdbde, 0xdbde, 0xdbde, 0xdbde, 0xdbde, 0x74a6, 
  0xc845, 0x5296, 0xdbde, 0xdbde, 0xdbde, 0xdbde, 0xdbde, 0xdbde, 0xdbde, 0xdbde, 0xdbde, 0xdbde, 
  0xdbde, 0xdbde, 0xdbde, 0xdbde, 0xdbde, 0xdbde, 0xdbde, 0x74a6, 0xc845, 0xc94d, 0xc845, 0xb8c6, 
  0xdbde, 0xdbde, 0xdbde, 0xdbde, 0xdbde, 0xdbde, 0xdbde, 0xdbde, 0xdbde, 0xdbde, 0xdbde, 0xdbde, 
  0xdbde, 0x74a6, 0xc845, 0x74a6, 0xdbde, 0xdbde, 0xdbde, 0xb8c6, 0x518e, 0x97be, 0xdbde, 0xdbde, 
  0xdbde, 0xdbde, 0xdbde, 0xdbde, 0xdbde, 0xdbde, 0xdbde, 0xdbde, 0xdbde, 0xdbde, 0xdbde, 0xdbde, 
  0xdbde, 0xdbde, 0xdbde, 0xdbde, 0xdbde, 0xdbde, 0xdbde, 0xdbde, 0xdbde, 0xdbde, 0xdbde, 0xdbde, 
  0xdbde, 0x5d7b, 0x5d7b, 0x5d7b, 0x5d7b, 0x8c4a, 0x8c4a, 0x6a62, 0x6a62, 0x8c4a, 0x8c4a, 0x8c4a, 
  0x8c4a, 0x8c4a, 0x8c4a, 0x5d7b, 0x5d7b, 0x5d7b, 0x5d7b, 0xdbde, 0xdbde, 0xdbde, 0xdbde, 0xdbde, 
  0xdbde, 0xdbde, 0xdbde, 0xb8c6, 0xc845, 0xea55, 0xdbde, 0xdbde, 0xdbde, 0xdbde, 0xdbde, 0xdbde, 
  0xdbde, 0xdbde, 0xdbde, 0xdbde, 0x96b6, 0xc845, 0x0d66, 0xdbde, 0xb9ce, 0xc94d, 0xc94d, 0xdbde, 
  0xdbde, 0xdbde, 0xdbde, 0xdbde, 0xdbde, 0xdbde, 0xdbde, 0x0d66, 0xc845, 0xea55, 0xb9ce, 0x97be, 
  0xc845, 0xc845, 0x2f7e, 0xdbde, 0x96b6, 0xc845, 0x3086, 0xdbde, 0xdbde, 0x2f7e, 0xc845, 0x5296, 
  0xdbde, 0xdbde, 0x3086, 0xc845, 0x5296, 0xdbde, 0x75ae, 0xc845, 0x0e76, 0xb9ce, 0xdbde, 0x0e76, 
  0xc845, 0x74a6, 0xdbde, 0xdbde, 0xea55, 0xea55, 0xb8c6, 0xdbde, 0xb8c6, 0xc94d, 0x0d66, 0xdbde, 
  0xdbde, 0xdbde, 0xdbde, 0xdbde, 0xdbde, 0xb8c6, 0xc845, 0x2f7e, 0xdbde, 0xdbde, 0xb9ce, 0xc94d, 
  0x0d66, 0xdbde, 0xdbde, 0xdbde, 0x2f7e, 0xc845, 0x75ae, 0xdbde, 0xdbde, 0x518e, 0x74a6, 0xdbde, 
  0xdbde, 0x2f7e, 0xc845, 0xb8c6, 0xdbde, 0xdbde, 0xdbde, 0xb8c6, 0xc845, 0x2f7e, 0xdbde, 0xb8c6, 
  0xc845, 0x0d66, 0xdbde, 0xdbde, 0x2f7e, 0xc845, 0x74a6, 0xdbde, 0x5296, 0xc845, 0x518e, 0xdbde, 
  0xdbde, 0x2f7e, 0xc845, 0xb9ce, 0xdbde, 0xdbde, 0xdbde, 0xdbde, 0xdbde, 0xdbde, 0xdbde, 0xdbde, 
  0xdbde, 0xdbde, 0x5d7b, 0x5d7b, 0x5d7b, 0x5d7b, 0x8c4a, 0x8c4a, 0x8c4a, 0x8c4a, 0x8c4a, 0x8c4a, 
  0x8c4a, 0x8c4a, 0x8c4a, 0x8c4a, 0x8c4a, 0x8c4a, 0x8c4a, 0x8c4a, 0x8c4a, 0x8c4a, 0x5d7b, 0x5d7b, 
  0x5d7b, 0x5d7b, 0xdbde, 0xdbde, 0xdbde, 0xdbde, 0xdbde, 0xdbde, 0xdbde, 0xdbde, 0xdbde, 0x74a6, 
  0xc845, 0x2f7e, 0xdbde, 0xdbde, 0xdbde, 0xdbde, 0xb8c6, 0x2f7e, 0x97be, 0xdbde, 0xdbde, 0xea55, 
  0xc845, 0x74a6, 0xdbde, 0xdbde, 0xdbde, 0xdbde, 0x2f7e, 0xea55, 0xb9ce, 0xdbde, 0xdbde, 0xdbde, 
  0xdbde, 0xdbde, 0xdbde, 0xdbde, 0xdbde, 0xdbde, 0xdbde, 0xdbde, 0xdbde, 0xdbde, 0xdbde, 0xdbde, 
  0xdbde, 0xdbde, 0xdbde, 0xdbde, 0xdbde, 0xdbde, 0xdbde, 0xdbde, 0xdbde, 0xdbde, 0xdbde, 0xdbde, 
  0xdbde, 0xdbde, 0xdbde, 0xdbde, 0xdbde, 0xdbde, 0xdbde, 0x74a6, 0xc845, 0x74a6, 0xdbde, 0xdbde, 
  0xdbde, 0xdbde, 0xdbde, 0xdbde, 0xdbde, 0xdbde, 0xdbde, 0xdbde, 0xdbde, 0xdbde, 0xdbde, 0xdbde, 
  0xdbde, 0xdbde, 0xdbde, 0xea55, 0xea55, 0x74a6, 0xc845, 0x3086, 0xdbde, 0xdbde, 0xdbde, 0xdbde, 
  0xdbde, 0xdbde, 0xdbde, 0xdbde, 0xdbde, 0xdbde, 0xdbde, 0xdbde, 0xdbde, 0x74a6, 0xc845, 0x75ae, 
  0xdbde, 0xdbde, 0xdbde, 0xdbde, 0xdbde, 0xdbde, 0xdbde, 0xdbde, 0xdbde, 0xdbde, 0xdbde, 0xdbde, 
  0xdbde, 0xdbde, 0xdbde, 0xdbde, 0xdbde, 0xdbde, 0xdbde, 0xdbde, 0xdbde, 0xdbde, 0xdbde, 0xdbde, 
  0xdbde, 0xdbde, 0xdbde, 0xdbde, 0xdbde, 0xdbde, 0xdbde, 0xdbde, 0xdbde, 0x5d7b, 0x5d7b, 0x5d7b, 
  0x5d7b, 0x8c4a, 0x8c4a, 0x6a62, 0x6a62, 0x8c4a, 0x8c4a, 0x8c4a, 0x8c4a, 0x8c4a, 0x8c4a, 0x5d7b, 
  0x5d7b, 0x5d7b, 0x5d7b, 0xdbde, 0xdbde, 0xdbde, 0xdbde, 0xdbde, 0xdbde, 0xdbde, 0xdbde, 0xb9ce, 
  0xc845, 0xc94d, 0xdbde, 0xdbde, 0xdbde, 0xdbde, 0xdbde, 0xdbde, 0xdbde, 0xdbde, 0xdbde, 0xdbde, 
  0xdbde, 0x0d66, 0xc845, 0xb9ce, 0x74a6, 0xc845, 0x2f7e, 0xdbde, 0xdbde, 0xdbde, 0xdbde, 0xdbde, 
  0xdbde, 0xdbde, 0xdbde, 0x2f7e, 0xc845, 0x75ae, 0xdbde, 0xdbde, 0xeb5d, 0xc845, 0x97be, 0xdbde, 
  0xdbde, 0xc94d, 0x0e76, 0xdbde, 0xdbde, 0xeb5d, 0xc845, 0xdbde, 0xdbde, 0xdbde, 0xb8c6, 0xc845, 
  0x2f7e, 0xdbde, 0x3086, 0xc845, 0x97be, 0xdbde, 0xdbde, 0x518e, 0xc845, 0x74a6, 0xdbde, 0xb8c6, 
  0xc845, 0xea55, 0x2f7e, 0x2f7e, 0x2f7e, 0xea55, 0xeb5d, 0xdbde, 0xdbde, 0xdbde, 0xdbde, 0xdbde, 
  0xdbde, 0x74a6, 0xc845, 0x0d66, 0x518e, 0x518e, 0x518e, 0xea55, 0xc845, 0x96b6, 0xdbde, 0xdbde, 
  0xc94d, 0xc94d, 0xdbde, 0xdbde, 0xdbde, 0xdbde, 0xdbde, 0xdbde, 0xdbde, 0x2f7e, 0xc845, 0xdbde, 
  0xdbde, 0xdbde, 0xdbde, 0xb8c6, 0xc845, 0x0e76, 0xdbde, 0xdbde, 0x0d66, 0xc845, 0xb9ce, 0xdbde, 
  0xea55, 0xea55, 0xdbde, 0xdbde, 0xeb5d, 0xc845, 0x518e, 0x74a6, 0x5396, 0xea55, 0xea55, 0xb9ce, 
  0xdbde, 0xdbde, 0xdbde, 0xdbde, 0xdbde, 0xdbde, 0xdbde, 0xdbde, 0xdbde, 0xdbde, 0x5d7b, 0x5d7b, 
  0x5d7b, 0x5d7b, 0x8c4a, 0x8c4a, 0x8c4a, 0x8c4a, 0x8c4a, 0x8c4a, 0x8c4a, 0x8c4a, 0x8c4a, 0x8c4a, 
  0x8c4a, 0x8c4a, 0x8c4a, 0x8c4a, 0x8c4a, 0x8c4a, 0x5d7b, 0x5d7b, 0x5d7b, 0x5d7b, 0xdbde, 0xdbde, 
  0xdbde, 0xdbde, 0xdbde, 0xdbde, 0xdbde, 0xdbde, 0xdbde, 0xeb5d, 0xc845, 0xb8c6, 0xdbde, 0xdbde, 
  0xdbde, 0xdbde, 0xdbde, 0xdbde, 0xdbde, 0xdbde, 0x96b6, 0xc845, 0x0d66, 0xdbde, 0xdbde, 0xdbde, 
  0xdbde, 0xdbde, 0xdbde, 0xdbde, 0xdbde, 0xdbde, 0xdbde, 0xdbde, 0xdbde, 0xb8c6, 0x0e76, 0x2f7e, 
  0xb9ce, 0xb8c6, 0x2f7e, 0x0d66, 0x518e, 0xdbde, 0x5396, 0x0e76, 0x0e76, 0xb8c6, 0xdbde, 0xdbde, 
  0xdbde, 0xdbde, 0xb8c6, 0x3086, 0x0d66, 0x0d66, 0x74a6, 0xdbde, 0xdbde, 0xdbde, 0xdbde, 0xdbde, 
  0x74a6, 0x2f7e, 0x3086, 0x518e, 0xc845, 0x74a6, 0xdbde, 0xdbde, 0xdbde, 0x97be, 0x2f7e, 0x0d66, 
  0x2f7e, 0xb8c6, 0xdbde, 0xdbde, 0xdbde, 0xdbde, 0xdbde, 0xdbde, 0xdbde, 0xdbde, 0x75ae, 0xc845, 
  0x2f7e, 0xdbde, 0x0d66, 0xc94d, 0xb9ce, 0xdbde, 0xdbde, 0xdbde, 0xdbde, 0x97be, 0x2f7e, 0xeb5d, 
  0x0d66, 0x74a6, 0xdbde, 0xdbde, 0x5296, 0xeb5d, 0xc845, 0xec5d, 0x0d66, 0x518e, 0xdbde, 0xb8c6, 
  0x0e76, 0x96b6, 0xdbde, 0x97be, 0x0e76, 0xb8c6, 0xdbde, 0xdbde, 0xdbde, 0x5296, 0x3086, 0xdbde, 
  0xdbde, 0xb9ce, 0x518e, 0x0e76, 0x0d66, 0x3086, 0xb8c6, 0xdbde, 0xdbde, 0xdbde, 0xdbde, 0xdbde, 
  0xdbde, 0xdbde, 0xdbde, 0xdbde, 0xdbde, 0x5d7b, 0x5d7b, 0x5d7b, 0x5d7b, 0x8c4a, 0x8c4a, 0x6a62, 
  0x6a62, 0x8c4a, 0x8c4a, 0x8c4a, 0x8c4a, 0x8c4a, 0x8c4a, 0x5d7b, 0x5d7b, 0x5d7b, 0x5d7b, 0xdbde, 
  0xdbde, 0xdbde, 0xdbde, 0xdbde, 0xdbde, 0xdbde, 0xdbde, 0xdbde, 0x0d66, 0xc845, 0x96b6, 0xdbde, 
  0xdbde, 0xdbde, 0xdbde, 0xdbde, 0xdbde, 0xb9ce, 0xdbde, 0xdbde, 0xdbde, 0x5296, 0xc845, 0x518e, 
  0x0d66, 0xc845, 0x96b6, 0xdbde, 0xdbde, 0xdbde, 0xdbde, 0xdbde, 0xdbde, 0xdbde, 0xdbde, 0x2f7e, 
  0xc845, 0x97be, 0xdbde, 0xdbde, 0x2f7e, 0xc845, 0xdbde, 0xdbde, 0xdbde, 0xea55, 0x0d66, 0xdbde, 
  0xdbde, 0xea55, 0xc94d, 0xdbde, 0xdbde, 0xdbde, 0xb8c6, 0xc845, 0x3086, 0xdbde, 0x0d66, 0xc845, 
  0xb9ce, 0xdbde, 0xdbde, 0x5296, 0xc845, 0x5296, 0xdbde, 0xb8c6, 0xc845, 0xc94d, 0x0d66, 0x0e76, 
  0x2f7e, 0x2f7e, 0x75ae, 0xdbde, 0xdbde, 0xdbde, 0xdbde, 0xdbde, 0xdbde, 0xea55, 0xc845, 0xea55, 
  0xc845, 0xc845, 0xc845, 0xea55, 0xc845, 0x3086, 0xdbde, 0xdbde, 0xc845, 0xea55, 0xdbde, 0xdbde, 
  0xdbde, 0xdbde, 0xdbde, 0xdbde, 0xdbde, 0x2f7e, 0xc845, 0xb8c6, 0xdbde, 0xdbde, 0xdbde, 0xb8c6, 
  0xc845, 0x0d66, 0xdbde, 0xdbde, 0x5296, 0xc845, 0x5296, 0x96b6, 0xc845, 0x2f7e, 0xdbde, 0xdbde, 
  0xea55, 0xc845, 0xeb5d, 0xc94d, 0xc845, 0xea55, 0x96b6, 0xdbde, 0xdbde, 0xdbde, 0xdbde, 0xdbde, 
  0xdbde, 0xdbde, 0xdbde, 0xdbde, 0xdbde, 0xdbde, 0x5d7b, 0x5d7b, 0x5d7b, 0x5d7b, 0x8c4a, 0x8c4a, 
  0x8c4a, 0x8c4a, 0x8c4a, 0x8c4a, 0x8c4a, 0x8c4a, 0x8c4a, 0x8c4a, 0x8c4a, 0x8c4a, 0x8c4a, 0x8c4a, 
  0x8c4a, 0x8c4a, 0x5d7b, 0x5d7b, 0x5d7b, 0x5d7b, 0xdbde, 0xdbde, 0xdbde, 0xdbde, 0xdbde, 0xdbde, 
  0xdbde, 0xdbde, 0xdbde, 0xc845, 0xc94d, 0xdbde, 0xdbde, 0xdbde, 0xdbde, 0xdbde, 0xdbde, 0xdbde, 
  0xdbde, 0xdbde, 0x5296, 0xc845, 0x518e, 0xdbde, 0xdbde, 0xdbde, 0xdbde, 0xdbde, 0xdbde, 0xdbde, 
  0xdbde, 0xdbde, 0xdbde, 0xdbde, 0xdbde, 0x74a6, 0xeb5d, 0xc845, 0x2f7e, 0xc94d, 0xc845, 0xc845, 
  0xc845, 0xeb5d, 0xc845, 0xc845, 0xc845, 0xea55, 0xb9ce, 0xdbde, 0xdbde, 0xb8c6, 0xea55, 0xc845, 
  0x0e76, 0x0d66, 0xc845, 0xeb5d, 0xdbde, 0xdbde, 0xdbde, 0x0e76, 0xc845, 0xc94d, 0xc94d, 0xc845, 
  0xc845, 0x74a6, 0xdbde, 0xdbde, 0x97be, 0xc94d, 0xc94d, 0x0d66, 0xc845, 0xc845, 0x96b6, 0xdbde, 
  0xdbde, 0xdbde, 0xdbde, 0xdbde, 0xdbde, 0xdbde, 0x0e76, 0xc845, 0xb8c6, 0xdbde, 0x5296, 0xc845, 
  0x5296, 0xdbde, 0xdbde, 0xdbde, 0xb8c6, 0xc94d, 0xc94d, 0x0d66, 0xea55, 0xc845, 0x5296, 0xdbde, 
  0x0d66, 0xc94d, 0xc845, 0xea55, 0x0d66, 0x5296, 0xdbde, 0x96b6, 0xc845, 0x2f7e, 0xdbde, 0x5296, 
  0xc845, 0x518e, 0xdbde, 0xdbde, 0xb8c6, 0xc845, 0x0d66, 0xdbde, 0xb8c6, 0xea55, 0xc845, 0xeb5d, 
  0xea55, 0xc845, 0x0d66, 0xdbde, 0xdbde, 0xdbde, 0xdbde, 0xdbde, 0xdbde, 0xdbde, 0xdbde, 0xdbde, 
  0xdbde, 0x5d7b, 0x5d7b, 0x5d7b, 0x5d7b, 0x8c4a, 0x8c4a, 0x6a62, 0x6a62, 0x8c4a, 0x8c4a, 0x8c4a, 
  0x8c4a, 0x8c4a, 0x8c4a, 0x5d7b, 0x5d7b, 0x5d7b, 0x5d7b, 0xdbde, 0xdbde, 0xdbde, 0xdbde, 0xdbde, 
  0xdbde, 0xdbde, 0xdbde, 0xdbde, 0x74a6, 0xc845, 0xc94d, 0x96b6, 0xdbde, 0xdbde, 0xdbde, 0xb8c6, 
  0xea55, 0xec5d, 0xdbde, 0xdbde, 0xdbde, 0xb9ce, 0xc94d, 0xc94d, 0xc845, 0xea55, 0xdbde, 0xdbde, 
  0xdbde, 0xdbde, 0xdbde, 0xdbde, 0xdbde, 0xdbde, 0xdbde, 0x0d66, 0xc845, 0xb9ce, 0xdbde, 0xdbde, 
  0x2f7e, 0xc845, 0xb9ce, 0xdbde, 0xdbde, 0xea55, 0xeb5d, 0xdbde, 0xdbde, 0x2f7e, 0xc845, 0x97be, 
  0xdbde, 0xdbde, 0x5296, 0xc845, 0x74a6, 0xdbde, 0x2f7e, 0xc845, 0x96b6, 0xdbde, 0xdbde, 0x2f7e, 
  0xc845, 0x0e76, 0xdbde, 0xdbde, 0xc94d, 0xeb5d, 0xdbde, 0xdbde, 0xdbde, 0x96b6, 0xb8c6, 0xdbde, 
  0xdbde, 0xdbde, 0xdbde, 0xdbde, 0x74a6, 0xc845, 0x2f7e, 0xdbde, 0xdbde, 0xdbde, 0xdbde, 0xdbde, 
  0x0d66, 0xc94d, 0xb9ce, 0xdbde, 0xeb5d, 0xc845, 0xb8c6, 0xdbde, 0xdbde, 0x97be, 0x518e, 0xdbde, 
  0xdbde, 0x518e, 0xc845, 0x96b6, 0xdbde, 0xdbde, 0xdbde, 0xb8c6, 0xc845, 0x0d66, 0xdbde, 0xdbde, 
  0xb9ce, 0xc845, 0x0d66, 0x2f7e, 0xc845, 0x75ae, 0xdbde, 0xdbde, 0x0e76, 0xc845, 0xb8c6, 0xdbde, 
  0xdbde, 0xdbde, 0xdbde, 0xdbde, 0xdbde, 0xdbde, 0xdbde, 0xdbde, 0xdbde, 0xdbde, 0xdbde, 0xdbde, 
  0xdbde, 0xdbde, 0x5d7b, 0x5d7b, 0x5d7b, 0x5d7b, 0x8c4a, 0x8c4a, 0x8c4a, 0x8c4a, 0x8c4a, 0x8c4a, 
  0x8c4a, 0x8c4a, 0x8c4a, 0x8c4a, 0x8c4a, 0x8c4a, 0x8c4a, 0x8c4a, 0x8c4a, 0x8c4a, 0x5d7b, 0x5d7b, 
  0x5d7b, 0x5d7b, 0xdbde, 0xdbde, 0xdbde, 0xdbde, 0xdbde, 0xdbde, 0xdbde, 0xdbde, 0xb8c6, 0xc845, 
  0xea55, 0xdbde, 0xdbde, 0xdbde, 0xdbde, 0xdbde, 0xdbde, 0xdbde, 0xdbde, 0xdbde, 0x518e, 0xc845, 
  0x74a6, 0xdbde, 0xdbde, 0xdbde, 0xdbde, 0xdbde, 0xdbde, 0xdbde, 0xdbde, 0xdbde, 0xdbde, 0xdbde, 
  0xdbde, 0xdbde, 0xdbde, 0x0d66, 0xc845, 0xea55, 0xb9ce, 0x75ae, 0xc845, 0xc845, 0x518e, 0xdbde, 
  0x74a6, 0xc845, 0x518e, 0xdbde, 0xdbde, 0x2f7e, 0xc845, 0x74a6, 0xdbde, 0xdbde, 0x3086, 0xc845, 
  0x5296, 0xdbde, 0x74a6, 0xc845, 0x0e76, 0xb9ce, 0xdbde, 0x0e76, 0xc845, 0x74a6, 0xdbde, 0xdbde, 
  0xea55, 0xea55, 0xb9ce, 0xdbde, 0xb8c6, 0xc94d, 0x0d66, 0xdbde, 0xdbde, 0xdbde, 0xdbde, 0xdbde, 
  0xdbde, 0xb8c6, 0xc845, 0x2f7e, 0xdbde, 0xdbde, 0xb9ce, 0xc845, 0x0d66, 0xdbde, 0xdbde, 0xdbde, 
  0x0d66, 0xc845, 0x75ae, 0xdbde, 0xdbde, 0x3086, 0x75ae, 0xdbde, 0xdbde, 0x2f7e, 0xc845, 0xdbde, 
  0xdbde, 0xdbde, 0xdbde, 0xb8c6, 0xc845, 0x2f7e, 0xdbde, 0xb8c6, 0xc845, 0x0d66, 0xdbde, 0xdbde, 
  0x2f7e, 0xc845, 0x74a6, 0xdbde, 0x2f7e, 0xc845, 0x518e, 0xdbde, 0xdbde, 0x2f7e, 0xc845, 0xb9ce, 
  0xdbde, 0xdbde, 0xdbde, 0xdbde, 0xdbde, 0xdbde, 0xdbde, 0xdbde, 0xdbde, 0x5d7b, 0x5d7b, 0x5d7b, 
  0x5d7b, 0x8c4a, 0x8c4a, 0x6a62, 0x6a62, 0x8c4a, 0x8c4a, 0x8c4a, 0x8c4a, 0x8c4a, 0x8c4a, 0x5d7b, 
  0x5d7b, 0x5d7b, 0x5d7b, 0xdbde, 0xdbde, 0xdbde, 0xdbde, 0xdbde, 0xdbde, 0xdbde, 0xdbde, 0xdbde, 
  0xdbde, 0x518e, 0xc845, 0xc845, 0x0d66, 0x2f7e, 0x0d66, 0xc94d, 0xc845, 0x3086, 0xdbde, 0xdbde, 
  0xdbde, 0xdbde, 0x518e, 0xc845, 0xc845, 0x518e, 0xdbde, 0xdbde, 0xdbde, 0xdbde, 0xdbde, 0xdbde, 
  0xdbde, 0xdbde, 0xdbde, 0x0d66, 0xc845, 0xdbde, 0xdbde, 0xdbde, 0x2f7e, 0xc845, 0xb8c6, 0xdbde, 
  0xdbde, 0x0d66, 0xc94d, 0x96b6, 0xdbde, 0x96b6, 0xc845, 0xea55, 0x518e, 0x3086, 0xc845, 0xea55, 
  0xb9ce, 0xdbde, 0x96b6, 0xc845, 0xea55, 0x5396, 0x518e, 0xc845, 0xc94d, 0xc845, 0x518e, 0xdbde, 
  0x5296, 0xc845, 0xea55, 0x518e, 0x0e76, 0xc845, 0x3086, 0xdbde, 0xdbde, 0xdbde, 0xdbde, 0xdbde, 
  0x0d66, 0xc845, 0x96b6, 0xdbde, 0xdbde, 0xdbde, 0xdbde, 0xdbde, 0x5296, 0xc845, 0x3086, 0xdbde, 
  0x75ae, 0xc845, 0xea55, 0x2f7e, 0x3086, 0xc94d, 0xea55, 0xdbde, 0xdbde, 0x96b6, 0xc845, 0x0d66, 
  0x5396, 0x518e, 0xdbde, 0xb8c6, 0xc845, 0xeb5d, 0xdbde, 0xdbde, 0xdbde, 0x0d66, 0xc845, 0xc94d, 
  0xc845, 0xb9ce, 0xdbde, 0xdbde, 0x96b6, 0xc845, 0xea55, 0x2f7e, 0x2f7e, 0x0d66, 0x0e76, 0xdbde, 
  0xdbde, 0xdbde, 0xdbde, 0xdbde, 0xdbde, 0xdbde, 0xdbde, 0xdbde, 0xdbde, 0xdbde, 0x5d7b, 0x5d7b, 
  0x5d7b, 0x5d7b, 0x8c4a, 0x8c4a, 0x8c4a, 0x8c4a, 0x8c4a, 0x8c4a, 0x8c4a, 0x8c4a, 0x8c4a, 0x8c4a, 
  0x8c4a, 0x8c4a, 0x8c4a, 0x8c4a, 0x8c4a, 0x8c4a, 0x5d7b, 0x5d7b, 0x5d7b, 0x5d7b, 0xdbde, 0xdbde, 
  0xdbde, 0xdbde, 0xdbde, 0xdbde, 0xdbde, 0xdbde, 0xb9ce, 0xc845, 0xc94d, 0xdbde, 0xdbde, 0xdbde, 
  0xdbde, 0xdbde, 0xdbde, 0xdbde, 0xdbde, 0xdbde, 0x5296, 0xc845, 0x3086, 0xdbde, 0xdbde, 0xdbde, 
  0xdbde, 0xdbde, 0xdbde, 0xdbde, 0xdbde, 0xdbde, 0xdbde, 0xdbde, 0xdbde, 0xdbde, 0xdbde, 0x2f7e, 
  0xc845, 0x96b6, 0xdbde, 0xdbde, 0xeb5d, 0xc845, 0x97be, 0xdbde, 0xb9ce, 0xc845, 0x2f7e, 0xdbde, 
  0xdbde, 0xea55, 0xc94d, 0xdbde, 0xdbde, 0xdbde, 0x97be, 0xc845, 0x2f7e, 0xdbde, 0x0e76, 0xc845, 
  0x97be, 0xdbde, 0xdbde, 0x518e, 0xc845, 0x74a6, 0xdbde, 0xb8c6, 0xc845, 0xeb5d, 0x2f7e, 0x2f7e, 
  0x2f7e, 0xea55, 0xeb5d, 0xdbde, 0xdbde, 0xdbde, 0xdbde, 0xdbde, 0xdbde, 0x2f7e, 0xc845, 0x0d66, 
  0x518e, 0x518e, 0x518e, 0xc94d, 0xc845, 0x96b6, 0xdbde, 0xdbde, 0xc845, 0xeb5d, 0xdbde, 0xdbde, 
  0xdbde, 0xdbde, 0xdbde, 0xdbde, 0xdbde, 0x2f7e, 0xc845, 0xdbde, 0xdbde, 0xdbde, 0xdbde, 0xb8c6, 
  0xc845, 0x2f7e, 0xdbde, 0xdbde, 0x0d66, 0xc94d, 0xb9ce, 0xdbde, 0xc94d, 0xea55, 0xdbde, 0xdbde, 
  0xeb5d, 0xc845, 0x518e, 0x74a6, 0x5396, 0xea55, 0xea55, 0xdbde, 0xdbde, 0xdbde, 0xdbde, 0xdbde, 
  0xdbde, 0xdbde, 0xdbde, 0xdbde, 0xdbde, 0x5d7b, 0x5d7b, 0x5d7b, 0x5d7b, 0x8c4a, 0x8c4a, 0x6a62, 
  0x6a62, 0x8c4a, 0x8c4a, 0x8c4a, 0x8c4a, 0x8c4a, 0x8c4a, 0x5d7b, 0x5d7b, 0x5d7b, 0x5d7b, 0xdbde, 
  0xdbde, 0xdbde, 0xdbde, 0xdbde, 0xdbde, 0xdbde, 0xdbde, 0xdbde, 0xdbde, 0xdbde, 0x96b6, 0x0e76, 
  0xc94d, 0xc845, 0xc845, 0x0d66, 0x5296, 0xdbde, 0xdbde, 0xdbde, 0xdbde, 0xdbde, 0xb9ce, 0xea55, 
  0xc94d, 0xb8c6, 0xdbde, 0xdbde, 0xdbde, 0xdbde, 0xdbde, 0xdbde, 0xdbde, 0xdbde, 0xdbde, 0xeb5d, 
  0xea55, 0xdbde, 0xdbde, 0xdbde, 0x518e, 0xc845, 0xb9ce, 0xdbde, 0xdbde, 0x5296, 0xc845, 0xea55, 
  0xdbde, 0xdbde, 0x97be, 0xeb5d, 0xc845, 0xc94d, 0x0d66, 0xb8c6, 0xdbde, 0xdbde, 0xdbde, 0x74a6, 
  0xea55, 0xc845, 0xc94d, 0x518e, 0xb8c6, 0xeb5d, 0x3086, 0xdbde, 0xdbde, 0x518e, 0xea55, 0xc845, 
  0xc94d, 0x518e, 0xb9ce, 0xdbde, 0xdbde, 0xdbde, 0xdbde, 0xdbde, 0xea55, 0xea55, 0xdbde, 0xdbde, 
  0xdbde, 0xdbde, 0xdbde, 0xdbde, 0xb9ce, 0xea55, 0xeb5d, 0xdbde, 0xdbde, 0x75ae, 0xeb5d, 0xc845, 
  0xc845, 0x0d66, 0x97be, 0xdbde, 0xdbde, 0xdbde, 0x3086, 0xc845, 0xc845, 0x518e, 0xdbde, 0xb9ce, 
  0xc845, 0x0e76, 0xdbde, 0xdbde, 0xdbde, 0xb8c6, 0xea55, 0xc94d, 0x5296, 0xdbde, 0xdbde, 0xdbde, 
  0xdbde, 0x75ae, 0xeb5d, 0xc845, 0xc845, 0xea55, 0x5296, 0xdbde, 0xdbde, 0xdbde, 0xdbde, 0xdbde, 
  0xdbde, 0xdbde, 0xdbde, 0xdbde, 0xdbde, 0xdbde, 0x5d7b, 0x5d7b, 0x5d7b, 0x5d7b, 0x8c4a, 0x8c4a, 
  0x8c4a, 0x8c4a, 0x8c4a, 0x8c4a, 0x8c4a, 0x8c4a, 0x8c4a, 0x8c4a, 0x8c4a, 0x8c4a, 0x8c4a, 0x8c4a, 
  0x8c4a, 0x8c4a, 0x5d7b, 0x5d7b, 0x5d7b, 0x5d7b, 0xdbde, 0xdbde, 0xdbde, 0xdbde, 0xdbde, 0xdbde, 
  0xdbde, 0xdbde, 0xdbde, 0x0d66, 0xc845, 0x96b6, 0xdbde, 0xdbde, 0xdbde, 0xdbde, 0xdbde, 0xdbde, 
  0xb9ce, 0xdbde, 0x96b6, 0xc845, 0xea55, 0xdbde, 0xdbde, 0xdbde, 0xdbde, 0xdbde, 0xdbde, 0xb9ce, 
  0xdbde, 0xdbde, 0xdbde, 0xdbde, 0xdbde, 0xdbde, 0xdbde, 0x0d66, 0xc845, 0xb8c6, 0xdbde, 0xdbde, 
  0x0e76, 0xc845, 0xdbde, 0xdbde, 0xdbde, 0xea55, 0x0d66, 0xdbde, 0xdbde, 0xc94d, 0xea55, 0xdbde, 
  0xdbde, 0xdbde, 0x97be, 0xc845, 0x3086, 0xdbde, 0x0d66, 0xc845, 0xdbde, 0xdbde, 0xdbde, 0x518e, 
  0xc845, 0x74a6, 0xdbde, 0xb8c6, 0xc845, 0xc94d, 0x0d66, 0x0e76, 0x2f7e, 0x2f7e, 0x96b6, 0xdbde, 
  0xdbde, 0xdbde, 0xdbde, 0xdbde, 0xdbde, 0xea55, 0xc845, 0xea55, 0xc845, 0xc845, 0xc845, 0xea55, 
  0xc845, 0x3086, 0xdbde, 0xdbde, 0xc845, 0xeb5d, 0xdbde, 0xdbde, 0xdbde, 0xdbde, 0xdbde, 0xdbde, 
  0xdbde, 0x2f7e, 0xc845, 0xb9ce, 0xdbde, 0xdbde, 0xdbde, 0xb8c6, 0xc845, 0x0e76, 0xdbde, 0xdbde, 
  0x518e, 0xc845, 0x75ae, 0x75ae, 0xc845, 0x2f7e, 0xdbde, 0xdbde, 0xea55, 0xc845, 0xeb5d, 0xc94d, 
  0xc94d, 0xea55, 0x97be, 0xdbde, 0xdbde, 0xdbde, 0xdbde, 0xdbde, 0xdbde, 0xdbde, 0xdbde, 0xdbde, 
  0xdbde, 0x5d7b, 0x5d7b, 0x5d7b, 0x5d7b, 0x8c4a, 0x8c4a, 0x6a62, 0x6a62, 0x8c4a, 0x8c4a, 0x8c4a, 
  0x8c4a, 0x8c4a, 0x8c4a, 0x5d7b, 0x5d7b, 0x5d7b, 0x5d7b, 0xdbde, 0xdbde, 0xdbde, 0xdbde, 0xdbde, 
  0xdbde, 0xdbde, 0xdbde, 0xdbde, 0xdbde, 0xdbde, 0xdbde, 0xdbde, 0xdbde, 0xdbde, 0xdbde, 0xdbde, 
  0xdbde, 0xdbde, 0xdbde, 0xdbde, 0xdbde, 0xdbde, 0xdbde, 0xdbde, 0xdbde, 0xdbde, 0xdbde, 0xdbde, 
  0xdbde, 0xdbde, 0xdbde, 0xdbde, 0xdbde, 0xdbde, 0xdbde, 0xdbde, 0xb9ce, 0xdbde, 0xdbde, 0xdbde, 
  0xdbde, 0xdbde, 0xdbde, 0xdbde, 0xdbde, 0xdbde, 0xb9ce, 0xdbde, 0xdbde, 0xdbde, 0xdbde, 0xdbde, 
  0xb9ce, 0xdbde, 0xdbde, 0xdbde, 0xdbde, 0xdbde, 0xdbde, 0xdbde, 0xdbde, 0xb9ce, 0xdbde, 0xdbde, 
  0xdbde, 0xdbde, 0xdbde, 0xdbde, 0xdbde, 0xdbde, 0xdbde, 0xb9ce, 0xdbde, 0xdbde, 0xdbde, 0xdbde, 
  0xdbde, 0xdbde, 0xdbde, 0xdbde, 0xdbde, 0xb9ce, 0xdbde, 0xdbde, 0xdbde, 0xdbde, 0xdbde, 0xdbde, 
  0xdbde, 0xdbde, 0xb9ce, 0xdbde, 0xdbde, 0xdbde, 0xdbde, 0xb9ce, 0xdbde, 0xdbde, 0xdbde, 0xdbde, 
  0xdbde, 0xdbde, 0xdbde, 0xdbde, 0xb9ce, 0xdbde, 0xdbde, 0xdbde, 0xb9ce, 0xdbde, 0xdbde, 0xdbde, 
  0xdbde, 0xdbde, 0xdbde, 0xb9ce, 0xdbde, 0xdbde, 0xdbde, 0xdbde, 0xdbde, 0xdbde, 0xdbde, 0xb9ce, 
  0xb9ce, 0xdbde, 0xdbde, 0xdbde, 0xdbde, 0xdbde, 0xdbde, 0xdbde, 0xdbde, 0xdbde, 0xdbde, 0xdbde, 
  0xdbde, 0xdbde, 0x5d7b, 0x5d7b, 0x5d7b, 0x5d7b, 0x8c4a, 0x8c4a, 0x8c4a, 0x8c4a, 0x8c4a, 0x8c4a, 
  0x8c4a, 0x8c4a, 0x8c4a, 0x8c4a, 0x8c4a, 0x8c4a, 0x8c4a, 0x8c4a, 0x8c4a, 0x8c4a, 0x5d7b, 0x5d7b, 
  0x5d7b, 0x5d7b, 0xdbde, 0xdbde, 0xdbde, 0xdbde, 0xdbde, 0xdbde, 0xdbde, 0xdbde, 0xdbde, 0x74a6, 
  0xc845, 0xc94d, 0x96b6, 0xdbde, 0xdbde, 0xdbde, 0xb8c6, 0xea55, 0xec5d, 0xdbde, 0xdbde, 0x0d66, 
  0xc845, 0x2f7e, 0xdbde, 0xdbde, 0xdbde, 0xdbde, 0x518e, 0xc845, 0x74a6, 0xdbde, 0xdbde, 0xdbde, 
  0xdbde, 0xdbde, 0xdbde, 0x0d66, 0xc845, 0xdbde, 0xdbde, 0xdbde, 0x2f7e, 0xc845, 0xdbde, 0xdbde, 
  0xdbde, 0xea55, 0xeb5d, 0xdbde, 0xdbde, 0x2f7e, 0xc845, 0xb8c6, 0xdbde, 0xdbde, 0x518e, 0xc845, 
  0x74a6, 0xdbde, 0x0e76, 0xc845, 0x97be, 0xdbde, 0xdbde, 0x2f7e, 0xc845, 0x0e76, 0xdbde, 0xdbde, 
  0xc94d, 0x0d66, 0xdbde, 0xdbde, 0xdbde, 0x96b6, 0xb8c6, 0xdbde, 0xdbde, 0xdbde, 0xdbde, 0xdbde, 
  0x74a6, 0xc845, 0x2f7e, 0xdbde, 0xdbde, 0xdbde, 0xdbde, 0xdbde, 0xeb5d, 0xc94d, 0xb9ce, 0xdbde, 
  0xea55, 0xc845, 0xb8c6, 0xdbde, 0xdbde, 0x97be, 0x5296, 0xdbde, 0xdbde, 0x3086, 0xc845, 0x97be, 
  0xdbde, 0xdbde, 0xdbde, 0xb8c6, 0xc845, 0x0d66, 0xdbde, 0xdbde, 0xb9ce, 0xc845, 0x0d66, 0x2f7e, 
  0xc845, 0x96b6, 0xdbde, 0xdbde, 0x0d66, 0xc845, 0xb8c6, 0xdbde, 0xdbde, 0xdbde, 0xdbde, 0xdbde, 
  0xdbde, 0xdbde, 0xdbde, 0xdbde, 0xdbde, 0xdbde, 0xdbde, 0xdbde, 0xdbde, 0x5d7b, 0x5d7b, 0x5d7b, 
  0x5d7b, 0x8c4a, 0x8c4a, 0x6a62, 0x6a62, 0x8c4a, 0x8c4a, 0x8c4a, 0x8c4a, 0x8c4a, 0x8c4a, 0x5d7b, 
  0x5d7b, 0x5d7b, 0x5d7b, 0xdbde, 0xdbde, 0xdbde, 0xdbde, 0xdbde, 0xdbde, 0xdbde, 0xdbde, 0xdbde, 
  0xdbde, 0xdbde, 0xdbde, 0xdbde, 0xdbde, 0xdbde, 0xdbde, 0xdbde, 0xdbde, 0xdbde, 0xdbde, 0xdbde, 
  0xdbde, 0xdbde, 0xdbde, 0xdbde, 0xdbde, 0xdbde, 0xdbde, 0xdbde, 0xdbde, 0xdbde, 0xdbde, 0xdbde, 
  0xdbde, 0xdbde, 0xdbde, 0xdbde, 0xdbde, 0xdbde, 0xdbde, 0xdbde, 0xdbde, 0xdbde, 0xdbde, 0xdbde, 
  0xdbde, 0xdbde, 0xdbde, 0xdbde, 0xdbde, 0xdbde, 0xdbde, 0xdbde, 0xdbde, 0xdbde, 0xdbde, 0xdbde, 
  0xdbde, 0xdbde, 0xdbde, 0xdbde, 0xdbde, 0xdbde, 0xdbde, 0xdbde, 0xdbde, 0xdbde, 0xdbde, 0xdbde, 
  0xdbde, 0xdbde, 0xdbde, 0xdbde, 0xdbde, 0xdbde, 0xdbde, 0xdbde, 0xdbde, 0xdbde, 0xdbde, 0xdbde, 
  0xdbde, 0xdbde, 0xdbde, 0xdbde, 0xdbde, 0xdbde, 0xdbde, 0xdbde, 0xdbde, 0xdbde, 0xdbde, 0xdbde, 
  0xdbde, 0xdbde, 0xdbde, 0xdbde, 0xdbde, 0xdbde, 0xdbde, 0xdbde, 0xdbde, 0xdbde, 0xdbde, 0xdbde, 
  0xdbde, 0xdbde, 0xdbde, 0xdbde, 0xdbde, 0xdbde, 0xdbde, 0xdbde, 0xdbde, 0xdbde, 0xdbde, 0xdbde, 
  0xdbde, 0xdbde, 0xdbde, 0xdbde, 0xdbde, 0xdbde, 0xdbde, 0xdbde, 0xdbde, 0xdbde, 0xdbde, 0xdbde, 
  0xdbde, 0xdbde, 0xdbde, 0xdbde, 0xdbde, 0xdbde, 0xdbde, 0xdbde, 0xdbde, 0xdbde, 0x5d7b, 0x5d7b, 
  0x5d7b, 0x5d7b, 0x8c4a, 0x8c4a, 0x8c4a, 0x8c4a, 0x8c4a, 0x8c4a, 0x8c4a, 0x8c4a, 0x8c4a, 0x8c4a, 
  0x8c4a, 0x8c4a, 0x8c4a, 0x8c4a, 0x8c4a, 0x8c4a, 0x5d7b, 0x5d7b, 0x5d7b, 0x5d7b, 0xdbde, 0xdbde, 
  0xdbde, 0xdbde, 0xdbde, 0xdbde, 0xdbde, 0xdbde, 0xdbde, 0xdbde, 0x518e, 0xc845, 0xc845, 0x0d66, 
  0x2f7e, 0x0d66, 0xc94d, 0xc845, 0x3086, 0xdbde, 0xdbde, 0xb8c6, 0xea55, 0xc845, 0xea55, 0x0e76, 
  0x2f7e, 0xc94d, 0xc845, 0xc94d, 0xb8c6, 0xdbde, 0xdbde, 0xdbde, 0xdbde, 0xdbde, 0xdbde, 0xeb5d, 
  0xc845, 0xdbde, 0xdbde, 0xdbde, 0x0d66, 0xc845, 0xb9ce, 0xdbde, 0xdbde, 0xeb5d, 0xc94d, 0x96b6, 
  0xdbde, 0x96b6, 0xc845, 0xea55, 0x518e, 0x2f7e, 0xc845, 0xea55, 0xdbde, 0xdbde, 0x96b6, 0xc845, 
  0xea55, 0x5396, 0x2f7e, 0xc845, 0xc845, 0xc845, 0x5296, 0xdbde, 0x5296, 0xc845, 0xea55, 0x518e, 
  0x0e76, 0xc845, 0x3086, 0xdbde, 0xdbde, 0xdbde, 0xdbde, 0xdbde, 0xeb5d, 0xc845, 0x97be, 0xdbde, 
  0xdbde, 0xdbde, 0xdbde, 0xdbde, 0x518e, 0xc845, 0x518e, 0xdbde, 0x75ae, 0xc845, 0xea55, 0x3086, 
  0x3086, 0xc94d, 0xea55, 0xdbde, 0xdbde, 0x96b6, 0xc845, 0x0e76, 0x5396, 0x518e, 0xdbde, 0xb8c6, 
  0xc845, 0x0d66, 0xdbde, 0xdbde, 0xdbde, 0x0d66, 0xc845, 0xc845, 0xc845, 0xdbde, 0xdbde, 0xdbde, 
  0x96b6, 0xc845, 0xea55, 0x2f7e, 0x2f7e, 0xea55, 0x2f7e, 0xdbde, 0xdbde, 0xdbde, 0xdbde, 0xdbde, 
  0xdbde, 0xdbde, 0xdbde, 0xdbde, 0xdbde, 0x5d7b, 0x5d7b, 0x5d7b, 0x5d7b, 0x8c4a, 0x8c4a, 0x6a62, 
  0x6a62, 0x8c4a, 0x8c4a, 0x8c4a, 0x8c4a, 0x8c4a, 0x8c4a, 0x5d7b, 0x5d7b, 0x5d7b, 0x5d7b, 0xdbde, 
  0xdbde, 0xdbde, 0xdbde, 0xdbde, 0xdbde, 0xdbde, 0xdbde, 0xdbde, 0xdbde, 0xdbde, 0xdbde, 0xdbde, 
  0xdbde, 0xdbde, 0xdbde, 0xdbde, 0xdbde, 0xdbde, 0xdbde, 0xdbde, 0xdbde, 0xdbde, 0xdbde, 0xdbde, 
  0xdbde, 0xdbde, 0xdbde, 0xdbde, 0xdbde, 0xdbde, 0xdbde, 0xdbde, 0xdbde, 0xdbde, 0xdbde, 0xdbde, 
  0xdbde, 0xdbde, 0xdbde, 0xdbde, 0xdbde, 0xdbde, 0xdbde, 0xdbde, 0xdbde, 0xdbde, 0xdbde, 0xdbde, 
  0xdbde, 0xdbde, 0xdbde, 0xdbde, 0xdbde, 0xdbde, 0xdbde, 0xdbde, 0xdbde, 0xdbde, 0xdbde, 0xdbde, 
  0xdbde, 0xdbde, 0xdbde, 0xdbde, 0xdbde, 0xdbde, 0xdbde, 0xdbde, 0xdbde, 0xdbde, 0xdbde, 0xdbde, 
  0xdbde, 0xdbde, 0xdbde, 0xdbde, 0xdbde, 0xdbde, 0xdbde, 0xdbde, 0xdbde, 0xdbde, 0xdbde, 0xdbde, 
  0xdbde, 0xdbde, 0xdbde, 0xdbde, 0xdbde, 0xdbde, 0xdbde, 0xdbde, 0xdbde, 0xdbde, 0xdbde, 0xdbde, 
  0xdbde, 0xdbde, 0xdbde, 0xdbde, 0xdbde, 0xdbde, 0xdbde, 0xdbde, 0xdbde, 0xdbde, 0xdbde, 0xdbde, 
  0xdbde, 0xdbde, 0xdbde, 0xdbde, 0xdbde, 0xdbde, 0xdbde, 0xdbde, 0xdbde, 0xdbde, 0xdbde, 0xdbde, 
  0xdbde, 0xdbde, 0xdbde, 0xdbde, 0xdbde, 0xdbde, 0xdbde, 0xdbde, 0xdbde, 0xdbde, 0xdbde, 0xdbde, 
  0xdbde, 0xdbde, 0xdbde, 0xdbde, 0xdbde, 0xdbde, 0x5d7b, 0x5d7b, 0x5d7b, 0x5d7b, 0x8c4a, 0x8c4a, 
  0x8c4a, 0x8c4a, 0x8c4a, 0x8c4a, 0x8c4a, 0x8c4a, 0x8c4a, 0x8c4a, 0x8c4a, 0x8c4a, 0x8c4a, 0x8c4a, 
  0x8c4a, 0x8c4a, 0x5d7b, 0x5d7b, 0x5d7b, 0x5d7b, 0xdbde, 0xdbde, 0xdbde, 0xdbde, 0xdbde, 0xdbde, 
  0xdbde, 0xdbde, 0xdbde, 0xdbde, 0xdbde, 0x96b6, 0x0e76, 0xc94d, 0xc845, 0xc845, 0x0d66, 0x5296, 
  0xdbde, 0xdbde, 0xdbde, 0xdbde, 0xb8c6, 0x2f7e, 0xea55, 0xc845, 0xc845, 0xea55, 0x2f7e, 0xb8c6, 
  0xdbde, 0xdbde, 0xdbde, 0xdbde, 0xdbde, 0xdbde, 0xdbde, 0xeb5d, 0xea55, 0xdbde, 0xdbde, 0xdbde, 
  0x518e, 0xc94d, 0xb9ce, 0xdbde, 0xdbde, 0x5296, 0xc845, 0xea55, 0xdbde, 0xdbde, 0x96b6, 0xea55, 
  0xc845, 0xc94d, 0x0d66, 0xb8c6, 0xdbde, 0xdbde, 0xdbde, 0x74a6, 0xea55, 0xc845, 0xc94d, 0x5296, 
  0x97be, 0xeb5d, 0x3086, 0xdbde, 0xdbde, 0x518e, 0xea55, 0xc845, 0xc94d, 0x518e, 0xb9ce, 0xdbde, 
  0xdbde, 0xdbde, 0xdbde, 0xdbde, 0xea55, 0xeb5d, 0xdbde, 0xdbde, 0xdbde, 0xdbde, 0xdbde, 0xdbde, 
  0xb9ce, 0xea55, 0xeb5d, 0xdbde, 0xdbde, 0x74a6, 0xeb5d, 0xc845, 0xc845, 0x0d66, 0xb8c6, 0xdbde, 
  0xdbde, 0xdbde, 0x3086, 0xc845, 0xc845, 0x518e, 0xdbde, 0xb8c6, 0xc845, 0x0e76, 0xdbde, 0xdbde, 
  0xdbde, 0xb8c6, 0xea55, 0xc94d, 0x5296, 0xdbde, 0xdbde, 0xdbde, 0xdbde, 0x74a6, 0xea55, 0xc845, 
  0xc845, 0xea55, 0x74a6, 0xdbde, 0xdbde, 0xdbde, 0xdbde, 0xdbde, 0xdbde, 0xdbde, 0xdbde, 0xdbde, 
  0xdbde, 0x5d7b, 0x5d7b, 0x5d7b, 0x5d7b, 0x8c4a, 0x8c4a, 0x6a62, 0x6a62, 0x8c4a, 0x8c4a, 0x8c4a, 
  0x8c4a, 0x8c4a, 0x8c4a, 0x5d7b, 0x5d7b, 0x5d7b, 0x5d7b, 0xdbde, 0xdbde, 0xdbde, 0xdbde, 0xdbde, 
  0xdbde, 0xdbde, 0xdbde, 0xdbde, 0xdbde, 0xdbde, 0xdbde, 0xdbde, 0xdbde, 0xdbde, 0xdbde, 0xdbde, 
  0xdbde, 0xdbde, 0xdbde, 0xdbde, 0xdbde, 0xdbde, 0xdbde, 0xdbde, 0xdbde, 0xdbde, 0xdbde, 0xdbde, 
  0xdbde, 0xdbde, 0xdbde, 0xdbde, 0xdbde, 0xdbde, 0xdbde, 0xdbde, 0xdbde, 0xdbde, 0xdbde, 0xdbde, 
  0xdbde, 0xdbde, 0xdbde, 0xdbde, 0xdbde, 0xdbde, 0xdbde, 0xdbde, 0xdbde, 0xdbde, 0xdbde, 0xdbde, 
  0xdbde, 0xdbde, 0xdbde, 0xdbde, 0xdbde, 0xdbde, 0xdbde, 0xdbde, 0xdbde, 0xdbde, 0xdbde, 0xdbde, 
  0xdbde, 0xdbde, 0xdbde, 0xdbde, 0xdbde, 0xdbde, 0xdbde, 0xdbde, 0xdbde, 0xdbde, 0xdbde, 0xdbde, 
  0xdbde, 0xdbde, 0xdbde, 0xdbde, 0xdbde, 0xdbde, 0xdbde, 0xdbde, 0xdbde, 0xdbde, 0xdbde, 0xdbde, 
  0xdbde, 0xdbde, 0xdbde, 0xdbde, 0xdbde, 0xdbde, 0xdbde, 0xdbde, 0xdbde, 0xdbde, 0xdbde, 0xdbde, 
  0xdbde, 0xdbde, 0xdbde, 0xdbde, 0xdbde, 0xdbde, 0xdbde, 0xdbde, 0xdbde, 0xdbde, 0xdbde, 0xdbde, 
  0xdbde, 0xdbde, 0xdbde, 0xdbde, 0xdbde, 0xdbde, 0xdbde, 0xdbde, 0xdbde, 0xdbde, 0xdbde, 0xdbde, 
  0xdbde, 0xdbde, 0xdbde, 0xdbde, 0xdbde, 0xdbde, 0xdbde, 0xdbde, 0xdbde, 0xdbde, 0xdbde, 0xdbde, 
  0xdbde, 0xdbde, 0x5d7b, 0x5d7b, 0x5d7b, 0x5d7b, 0x8c4a, 0x8c4a, 0x8c4a, 0x8c4a, 0x8c4a, 0x8c4a, 
  0x8c4a, 0x8c4a, 0x8c4a, 0x8c4a, 0x8c4a, 0x8c4a, 0x8c4a, 0x8c4a, 0x8c4a, 0x8c4a, 0x5d7b, 0x5d7b, 
  0x5d7b, 0x5d7b, 0xdbde, 0xdbde, 0xdbde, 0xdbde, 0xdbde, 0xdbde, 0xdbde, 0xdbde, 0xdbde, 0xdbde, 
  0xdbde, 0xdbde, 0xdbde, 0xdbde, 0xdbde, 0xdbde, 0xdbde, 0xdbde, 0xdbde, 0xdbde, 0xdbde, 0xdbde, 
  0xdbde, 0xdbde, 0xdbde, 0xdbde, 0xdbde, 0xdbde, 0xdbde, 0xdbde, 0xdbde, 0xdbde, 0xdbde, 0xdbde, 
  0xdbde, 0xdbde, 0xdbde, 0xdbde, 0xb9ce, 0xdbde, 0xdbde, 0xdbde, 0xdbde, 0xb9ce, 0xdbde, 0xdbde, 
  0xdbde, 0xdbde, 0xb9ce, 0xdbde, 0xdbde, 0xdbde, 0xdbde, 0xdbde, 0xb9ce, 0xdbde, 0xdbde, 0xdbde, 
  0xdbde, 0xdbde, 0xdbde, 0xdbde, 0xdbde, 0xb9ce, 0xdbde, 0xdbde, 0xdbde, 0xdbde, 0xdbde, 0xdbde, 
  0xdbde, 0xdbde, 0xdbde, 0xb9ce, 0xdbde, 0xdbde, 0xdbde, 0xdbde, 0xdbde, 0xdbde, 0xdbde, 0xdbde, 
  0xdbde, 0xdbde, 0xdbde, 0xdbde, 0xdbde, 0xdbde, 0xdbde, 0xdbde, 0xdbde, 0xb9ce, 0xb9ce, 0xdbde, 
  0xdbde, 0xdbde, 0xdbde, 0xb9ce, 0xdbde, 0xdbde, 0xdbde, 0xdbde, 0xdbde, 0xdbde, 0xdbde, 0xdbde, 
  0xb9ce, 0xdbde, 0xdbde, 0xdbde, 0xb9ce, 0xdbde, 0xdbde, 0xdbde, 0xdbde, 0xdbde, 0xdbde, 0xb9ce, 
  0xdbde, 0xdbde, 0xdbde, 0xdbde, 0xdbde, 0xdbde, 0xdbde, 0xb9ce, 0xb9ce, 0xdbde, 0xdbde, 0xdbde, 
  0xdbde, 0xdbde, 0xdbde, 0xdbde, 0xdbde, 0xdbde, 0xdbde, 0xdbde, 0xdbde, 0x5d7b, 0x5d7b, 0x5d7b, 
  0x5d7b, 0x8c4a, 0x8c4a, 0x6a62, 0x6a62, 0x8c4a, 0x8c4a, 0x8c4a, 0x8c4a, 0x8c4a, 0x8c4a, 0x5d7b, 
  0x5d7b, 0x5d7b, 0x5d7b, 0xdbde, 0xdbde, 0xdbde, 0xdbde, 0xdbde, 0xdbde, 0xdbde, 0xdbde, 0xdbde, 
  0xdbde, 0xdbde, 0xdbde, 0xdbde, 0xdbde, 0xdbde, 0xdbde, 0xdbde, 0xdbde, 0xdbde, 0xdbde, 0xdbde, 
  0xdbde, 0xdbde, 0xdbde, 0xdbde, 0xdbde, 0xdbde, 0xdbde, 0xdbde, 0xdbde, 0xdbde, 0xdbde, 0xdbde, 
  0xdbde, 0xdbde, 0xdbde, 0xdbde, 0xdbde, 0xdbde, 0xdbde, 0xdbde, 0xdbde, 0xdbde, 0xdbde, 0xdbde, 
  0xdbde, 0xdbde, 0xdbde, 0xdbde, 0xdbde, 0xdbde, 0xdbde, 0xdbde, 0xdbde, 0xdbde, 0xdbde, 0xdbde, 
  0xdbde, 0xdbde, 0xdbde, 0xdbde, 0xdbde, 0xdbde, 0xdbde, 0xdbde, 0xdbde, 0xdbde, 0xdbde, 0xdbde, 
  0xdbde, 0xdbde, 0xdbde, 0xdbde, 0xdbde, 0xdbde, 0xdbde, 0xdbde, 0xdbde, 0xdbde, 0xdbde, 0xdbde, 
  0xdbde, 0xdbde, 0xdbde, 0xdbde, 0xdbde, 0xdbde, 0xdbde, 0xdbde, 0xdbde, 0xdbde, 0xdbde, 0xdbde, 
  0xdbde, 0xdbde, 0xdbde, 0xdbde, 0xdbde, 0xdbde, 0xdbde, 0xdbde, 0xdbde, 0xdbde, 0xdbde, 0xdbde, 
  0xdbde, 0xdbde, 0xdbde, 0xdbde, 0xdbde, 0xdbde, 0xdbde, 0xdbde, 0xdbde, 0xdbde, 0xdbde, 0xdbde, 
  0xdbde, 0xdbde, 0xdbde, 0xdbde, 0xdbde, 0xdbde, 0xdbde, 0xdbde, 0xdbde, 0xdbde, 0xdbde, 0xdbde, 
  0xdbde, 0xdbde, 0xdbde, 0xdbde, 0xdbde, 0xdbde, 0xdbde, 0xdbde, 0xdbde, 0xdbde, 0x5d7b, 0x5d7b, 
  0x5d7b, 0x5d7b, 0x8c4a, 0x8c4a, 0x8c4a, 0x8c4a, 0x8c4a, 0x8c4a, 0x8c4a, 0x8c4a, 0x8c4a, 0x8c4a, 
  0x8c4a, 0x8c4a, 0x8c4a, 0x8c4a, 0x8c4a, 0x8c4a, 0x5d7b, 0x5d7b, 0x5d7b, 0x5d7b, 0xdbde, 0xdbde, 
  0xdbde, 0xdbde, 0xdbde, 0xdbde, 0xdbde, 0xdbde, 0xdbde, 0xdbde, 0xdbde, 0xdbde, 0xdbde, 0xdbde, 
  0xdbde, 0xdbde, 0xdbde, 0xdbde, 0xdbde, 0xdbde, 0xdbde, 0xdbde, 0xdbde, 0xdbde, 0xdbde, 0xdbde, 
  0xdbde, 0xdbde, 0xdbde, 0xdbde, 0xdbde, 0xdbde, 0xdbde, 0xdbde, 0xdbde, 0xdbde, 0xdbde, 0xdbde, 
  0xdbde, 0xdbde, 0xdbde, 0xdbde, 0xdbde, 0xdbde, 0xdbde, 0xdbde, 0xdbde, 0xdbde, 0xdbde, 0xdbde, 
  0xdbde, 0xdbde, 0xdbde, 0xdbde, 0xdbde, 0xdbde, 0xdbde, 0xdbde, 0xdbde, 0xdbde, 0xdbde, 0xdbde, 
  0xdbde, 0xdbde, 0xdbde, 0xdbde, 0xdbde, 0xdbde, 0xdbde, 0xdbde, 0xdbde, 0xdbde, 0xdbde, 0xdbde, 
  0xdbde, 0xdbde, 0xdbde, 0xdbde, 0xdbde, 0xdbde, 0xdbde, 0xdbde, 0xdbde, 0xdbde, 0xdbde, 0xdbde, 
  0xdbde, 0xdbde, 0xdbde, 0xdbde, 0xdbde, 0xdbde, 0xdbde, 0xdbde, 0xdbde, 0xdbde, 0xdbde, 0xdbde, 
  0xdbde, 0xdbde, 0xdbde, 0xdbde, 0xdbde, 0xdbde, 0xdbde, 0xdbde, 0xdbde, 0xdbde, 0xdbde, 0xdbde, 
  0xdbde, 0xdbde, 0xdbde, 0xdbde, 0xdbde, 0xdbde, 0xdbde, 0xdbde, 0xdbde, 0xdbde, 0xdbde, 0xdbde, 
  0xdbde, 0xdbde, 0xdbde, 0xdbde, 0xdbde, 0xdbde, 0xdbde, 0xdbde, 0xdbde, 0xdbde, 0xdbde, 0xdbde, 
  0xdbde, 0xdbde, 0xdbde, 0xdbde, 0xdbde, 0x5d7b, 0x5d7b, 0x5d7b, 0x5d7b, 0x8c4a, 0x8c4a, 0x6a62, 
  0x6a62, 0x8c4a, 0x8c4a, 0x8c4a, 0x8c4a, 0x8c4a, 0x8c4a, 0x5d7b, 0x5d7b, 0x5d7b, 0x5d7b, 0xdbde, 
  0xdbde, 0xdbde, 0xdbde, 0xdbde, 0xdbde, 0xdbde, 0xdbde, 0xdbde, 0xdbde, 0xdbde, 0xdbde, 0xdbde, 
  0xdbde, 0xdbde, 0xdbde, 0xdbde, 0xdbde, 0xdbde, 0xdbde, 0xdbde, 0xdbde, 0xdbde, 0xdbde, 0xdbde, 
  0xdbde, 0xdbde, 0xdbde, 0xdbde, 0xdbde, 0xdbde, 0xdbde, 0xdbde, 0xdbde, 0xdbde, 0xdbde, 0xdbde, 
  0xdbde, 0xdbde, 0xdbde, 0xdbde, 0xdbde, 0xdbde, 0xdbde, 0xdbde, 0xdbde, 0xdbde, 0xdbde, 0xdbde, 
  0xdbde, 0xdbde, 0xdbde, 0xdbde, 0xdbde, 0xdbde, 0xdbde, 0xdbde, 0xdbde, 0xdbde, 0xdbde, 0xdbde, 
  0xdbde, 0xdbde, 0xdbde, 0xdbde, 0xdbde, 0xdbde, 0xdbde, 0xdbde, 0xdbde, 0xdbde, 0xdbde, 0xdbde, 
  0xdbde, 0xdbde, 0xdbde, 0xdbde, 0xdbde, 0xdbde, 0xdbde, 0xdbde, 0xdbde, 0xdbde, 0xdbde, 0xdbde, 
  0xdbde, 0xdbde, 0xdbde, 0xdbde, 0xdbde, 0xdbde, 0xdbde, 0xdbde, 0xdbde, 0xdbde, 0xdbde, 0xdbde, 
  0xdbde, 0xdbde, 0xdbde, 0xdbde, 0xdbde, 0xdbde, 0xdbde, 0xdbde, 0xdbde, 0xdbde, 0xdbde, 0xdbde, 
  0xdbde, 0xdbde, 0xdbde, 0xdbde, 0xdbde, 0xdbde, 0xdbde, 0xdbde, 0xdbde, 0xdbde, 0xdbde, 0xdbde, 
  0xdbde, 0xdbde, 0xdbde, 0xdbde, 0xdbde, 0xdbde, 0xdbde, 0xdbde, 0xdbde, 0xdbde, 0xdbde, 0xdbde, 
  0xdbde, 0xdbde, 0xdbde, 0xdbde, 0xdbde, 0xdbde, 0x5d7b, 0x5d7b, 0x5d7b, 0x5d7b, 0x8c4a, 0x8c4a, 
  0x8c4a, 0x8c4a, 0x8c4a, 0x8c4a, 0x8c4a, 0x8c4a, 0x8c4a, 0x8c4a, 0x8c4a, 0x8c4a, 0x8c4a, 0x8c4a, 
  0x8c4a, 0x8c4a, 0x5d7b, 0x5d7b, 0x5d7b, 0x5d7b, 0xdbde, 0xdbde, 0xdbde, 0xdbde, 0xdbde, 0xdbde, 
  0xdbde, 0xdbde, 0xdbde, 0xdbde, 0xdbde, 0xdbde, 0xdbde, 0xdbde, 0xdbde, 0xdbde, 0xdbde, 0xdbde, 
  0xdbde, 0xdbde, 0xdbde, 0xdbde, 0xdbde, 0xdbde, 0xdbde, 0xdbde, 0xdbde, 0xdbde, 0xdbde, 0xdbde, 
  0xdbde, 0xdbde, 0xdbde, 0xdbde, 0xdbde, 0xdbde, 0xdbde, 0xdbde, 0xdbde, 0xdbde, 0xdbde, 0xdbde, 
  0xdbde, 0xdbde, 0xdbde, 0xdbde, 0xdbde, 0xdbde, 0xdbde, 0xdbde, 0xdbde, 0xdbde, 0xdbde, 0xdbde, 
  0xdbde, 0xdbde, 0xdbde, 0xdbde, 0xdbde, 0xdbde, 0xdbde, 0xdbde, 0xdbde, 0xdbde, 0xdbde, 0xdbde, 
  0xdbde, 0xdbde, 0xdbde, 0xdbde, 0xdbde, 0xdbde, 0xdbde, 0xdbde, 0xdbde, 0xdbde, 0xdbde, 0xdbde, 
  0xdbde, 0xdbde, 0xdbde, 0xdbde, 0xdbde, 0xdbde, 0xdbde, 0xdbde, 0xdbde, 0xdbde, 0xdbde, 0xdbde, 
  0xdbde, 0xdbde, 0xdbde, 0xdbde, 0xdbde, 0xdbde, 0xdbde, 0xdbde, 0xdbde, 0xdbde, 0xdbde, 0xdbde, 
  0xdbde, 0xdbde, 0xdbde, 0xdbde, 0xdbde, 0xdbde, 0xdbde, 0xdbde, 0xdbde, 0xdbde, 0xdbde, 0xdbde, 
  0xdbde, 0xdbde, 0xdbde, 0xdbde, 0xdbde, 0xdbde, 0xdbde, 0xdbde, 0xdbde, 0xdbde, 0xdbde, 0xdbde, 
  0xdbde, 0xdbde, 0xdbde, 0xdbde, 0xdbde, 0xdbde, 0xdbde, 0xdbde, 0xdbde, 0xdbde, 0xdbde, 0xdbde, 
  0xdbde, 0x5d7b, 0x5d7b, 0x5d7b, 0x5d7b, 0x8c4a, 0x8c4a, 0x6a62, 0x6a62, 0x8c4a, 0x8c4a, 0x8c4a, 
  0x8c4a, 0x8c4a, 0x8c4a, 0x5c7b, 0x5d7b, 0x5d7b, 0x5d7b, 0x5bce, 0xdbde, 0xdbde, 0xdbde, 0xdbde, 
  0xdbde, 0xdbde, 0xdbde, 0xdbde, 0xdbde, 0xdbde, 0xdbde, 0xdbde, 0xdbde, 0xdbde, 0xdbde, 0xdbde, 
  0xdbde, 0xdbde, 0xdbde, 0xdbde, 0xdbde, 0xdbde, 0xdbde, 0xdbde, 0xdbde, 0xdbde, 0xdbde, 0xdbde, 
  0xdbde, 0xdbde, 0xdbde, 0xdbde, 0xdbde, 0xdbde, 0xdbde, 0xdbde, 0xdbde, 0xdbde, 0xdbde, 0xdbde, 
  0xdbde, 0xdbde, 0xdbde, 0xdbde, 0xdbde, 0xdbde, 0xdbde, 0xdbde, 0xdbde, 0xdbde, 0xdbde, 0xdbde, 
  0xdbde, 0xdbde, 0xdbde, 0xdbde, 0xdbde, 0xdbde, 0xdbde, 0xdbde, 0xdbde, 0xdbde, 0xdbde, 0xdbde, 
  0xdbde, 0xdbde, 0xdbde, 0xdbde, 0xdbde, 0xdbde, 0xdbde, 0xdbde, 0xdbde, 0xdbde, 0xdbde, 0xdbde, 
  0xdbde, 0xdbde, 0xdbde, 0xdbde, 0xdbde, 0xdbde, 0xdbde, 0xdbde, 0xdbde, 0xdbde, 0xdbde, 0xdbde, 
  0xdbde, 0xdbde, 0xdbde, 0xdbde, 0xdbde, 0xdbde, 0xdbde, 0xdbde, 0xdbde, 0xdbde, 0xdbde, 0xdbde, 
  0xdbde, 0xdbde, 0xdbde, 0xdbde, 0xdbde, 0xdbde, 0xdbde, 0xdbde, 0xdbde, 0xdbde, 0xdbde, 0xdbde, 
  0xdbde, 0xdbde, 0xdbde, 0xdbde, 0xdbde, 0xdbde, 0xdbde, 0xdbde, 0xdbde, 0xdbde, 0xdbde, 0xdbde, 
  0xdbde, 0xdbde, 0xdbde, 0xdbde, 0xdbde, 0xdbde, 0xdbde, 0xdbde, 0xdbde, 0xdbde, 0xdbde, 0xdbde, 
  0xdbde, 0x5bce, 0x5d7b, 0x5d7b, 0x5d7b, 0x5d7b, 0x8c4a, 0x8c4a, 0x8c4a, 0x8c4a, 0x8c4a, 0x8c4a, 
  0x8c4a, 0x8c4a, 0x8c4a, 0x8c4a, 0x8c4a, 0x8c4a, 0x8c4a, 0x8c4a, 0x8c4a, 0x8c4a, 0x5d7b, 0x5d7b, 
  0x5d7b, 0x5d7b, 0xdbde, 0xdbde, 0xdbde, 0xdbde, 0xdbde, 0xdbde, 0xdbde, 0xdbde, 0xdbde, 0xdbde, 
  0xdbde, 0xdbde, 0xdbde, 0xdbde, 0xdbde, 0xdbde, 0xdbde, 0xdbde, 0xdbde, 0xdbde, 0xdbde, 0xdbde, 
  0xdbde, 0xdbde, 0xdbde, 0xdbde, 0xdbde, 0xdbde, 0xdbde, 0xdbde, 0xdbde, 0xdbde, 0xdbde, 0xdbde, 
  0xdbde, 0xdbde, 0xdbde, 0xdbde, 0xdbde, 0xdbde, 0xdbde, 0xdbde, 0xdbde, 0xdbde, 0xdbde, 0xdbde, 
  0xdbde, 0xdbde, 0xdbde, 0xdbde, 0xdbde, 0xdbde, 0xdbde, 0xdbde, 0xdbde, 0xdbde, 0xdbde, 0xdbde, 
  0xdbde, 0xdbde, 0xdbde, 0xdbde, 0xdbde, 0xdbde, 0xdbde, 0xdbde, 0xdbde, 0xdbde, 0xdbde, 0xdbde, 
  0xdbde, 0xdbde, 0xdbde, 0xdbde, 0xdbde, 0xdbde, 0xdbde, 0xdbde, 0xdbde, 0xdbde, 0xdbde, 0xdbde, 
  0xdbde, 0xdbde, 0xdbde, 0xdbde, 0xdbde, 0xdbde, 0xdbde, 0xdbde, 0xdbde, 0xdbde, 0xdbde, 0xdbde, 
  0xdbde, 0xdbde, 0xdbde, 0xdbde, 0xdbde, 0xdbde, 0xdbde, 0xdbde, 0xdbde, 0xdbde, 0xdbde, 0xdbde, 
  0xdbde, 0xdbde, 0xdbde, 0xdbde, 0xdbde, 0xdbde, 0xdbde, 0xdbde, 0xdbde, 0xdbde, 0xdbde, 0xdbde, 
  0xdbde, 0xdbde, 0xdbde, 0xdbde, 0xdbde, 0xdbde, 0xdbde, 0xdbde, 0xdbde, 0xdbde, 0xdbde, 0xdbde, 
  0xdbde, 0xdbde, 0xdbde, 0xdbde, 0xdbde, 0xdbde, 0xdbde, 0xdbde, 0xdbde, 0x5d7b, 0x5d7b, 0x5d7b, 
  0x5d7b, 0x8c4a, 0x8c4a, 0x6a62, 0x6a62, 0x8c4a, 0x8c4a, 0x8c4a, 0x8c4a, 0x8c4a, 0x8c4a, 0x1973, 
  0x5d7b, 0x5d7b, 0x5d7b, 0x5d7b, 0x5d7b, 0x5d7b, 0x5d7b, 0x5d7b, 0x5d7b, 0x5d7b, 0x5d7b, 0x5d7b, 
  0x5d7b, 0x5d7b, 0x5d7b, 0x5d7b, 0x5d7b, 0x5d7b, 0x5d7b, 0x5d7b, 0x5d7b, 0x5d7b, 0x5d7b, 0x5d7b, 
  0x5d7b, 0x5d7b, 0x5d7b, 0x5d7b, 0x5d7b, 0x5d7b, 0x5d7b, 0x5d7b, 0x5d7b, 0x5d7b, 0x5d7b, 0x5d7b, 
  0x5d7b, 0x5d7b, 0x5d7b, 0x5d7b, 0x5d7b, 0x5d7b, 0x5d7b, 0x5d7b, 0x5d7b, 0x5d7b, 0x5d7b, 0x5d7b, 
  0x5d7b, 0x5d7b, 0x5d7b, 0x5d7b, 0x5d7b, 0x5d7b, 0x5d7b, 0x5d7b, 0x5d7b, 0x5d7b, 0x5d7b, 0x5d7b, 
  0x5d7b, 0x5d7b, 0x5d7b, 0x5d7b, 0x5d7b, 0x5d7b, 0x5d7b, 0x5d7b, 0x5d7b, 0x5d7b, 0x5d7b, 0x5d7b, 
  0x5d7b, 0x5d7b, 0x5d7b, 0x5d7b, 0x5d7b, 0x5d7b, 0x5d7b, 0x5d7b, 0x5d7b, 0x5d7b, 0x5d7b, 0x5d7b, 
  0x5d7b, 0x5d7b, 0x5d7b, 0x5d7b, 0x5d7b, 0x5d7b, 0x5d7b, 0x5d7b, 0x5d7b, 0x5d7b, 0x5d7b, 0x5d7b, 
  0x5d7b, 0x5d7b, 0x5d7b, 0x5d7b, 0x5d7b, 0x5d7b, 0x5d7b, 0x5d7b, 0x5d7b, 0x5d7b, 0x5d7b, 0x5d7b, 
  0x5d7b, 0x5d7b, 0x5d7b, 0x5d7b, 0x5d7b, 0x5d7b, 0x5d7b, 0x5d7b, 0x5d7b, 0x5d7b, 0x5d7b, 0x5d7b, 
  0x5d7b, 0x5d7b, 0x5d7b, 0x5d7b, 0x5d7b, 0x5d7b, 0x5d7b, 0x5d7b, 0x5d7b, 0x5d7b, 0x5d7b, 0x5d7b, 
  0x5d7b, 0x5d7b, 0x5d7b, 0x5d7b, 0x5d7b, 0x5d7b, 0x5d7b, 0x5d7b, 0x5d7b, 0x5d7b, 0x5d7b, 0x5d7b, 
  0x5d7b, 0x1973, 0x8c4a, 0x8c4a, 0x8c4a, 0x8c4a, 0x8c4a, 0x8c4a, 0x8c4a, 0x8c4a, 0x8c4a, 0x8c4a, 
  0x8c4a, 0x8c4a, 0x8c4a, 0x8c4a, 0x8c4a, 0x8c4a, 0x5c7b, 0x5d7b, 0x5d7b, 0x5d7b, 0x5bce, 0xdbde, 
  0xdbde, 0xdbde, 0xdbde, 0xdbde, 0xdbde, 0xdbde, 0xdbde, 0xdbde, 0xdbde, 0xdbde, 0xdbde, 0xdbde, 
  0xdbde, 0xdbde, 0xdbde, 0xdbde, 0xdbde, 0xdbde, 0xdbde, 0xdbde, 0xdbde, 0xdbde, 0xdbde, 0xdbde, 
  0xdbde, 0xdbde, 0xdbde, 0xdbde, 0xdbde, 0xdbde, 0xdbde, 0xdbde, 0xdbde, 0xdbde, 0xdbde, 0xdbde, 
  0xdbde, 0xdbde, 0xdbde, 0xdbde, 0xdbde, 0xdbde, 0xdbde, 0xdbde, 0xdbde, 0xdbde, 0xdbde, 0xdbde, 
  0xdbde, 0xdbde, 0xdbde, 0xdbde, 0xdbde, 0xdbde, 0xdbde, 0xdbde, 0xdbde, 0xdbde, 0xdbde, 0xdbde, 
  0xdbde, 0xdbde, 0xdbde, 0xdbde, 0xdbde, 0xdbde, 0xdbde, 0xdbde, 0xdbde, 0xdbde, 0xdbde, 0xdbde, 
  0xdbde, 0xdbde, 0xdbde, 0xdbde, 0xdbde, 0xdbde, 0xdbde, 0xdbde, 0xdbde, 0xdbde, 0xdbde, 0xdbde, 
  0xdbde, 0xdbde, 0xdbde, 0xdbde, 0xdbde, 0xdbde, 0xdbde, 0xdbde, 0xdbde, 0xdbde, 0xdbde, 0xdbde, 
  0xdbde, 0xdbde, 0xdbde, 0xdbde, 0xdbde, 0xdbde, 0xdbde, 0xdbde, 0xdbde, 0xdbde, 0xdbde, 0xdbde, 
  0xdbde, 0xdbde, 0xdbde, 0xdbde, 0xdbde, 0xdbde, 0xdbde, 0xdbde, 0xdbde, 0xdbde, 0xdbde, 0xdbde, 
  0xdbde, 0xdbde, 0xdbde, 0xdbde, 0xdbde, 0xdbde, 0xdbde, 0xdbde, 0xdbde, 0xdbde, 0xdbde, 0xdbde, 
  0xdbde, 0xdbde, 0xdbde, 0xdbde, 0x5bce, 0x5d7b, 0x5d7b, 0x5d7b, 0x5d7b, 0x8c4a, 0x8c4a, 0x6a62, 
  0x6a62, 0x8c4a, 0x8c4a, 0x8c4a, 0x8c4a, 0x8c4a, 0x8c4a, 0xb05a, 0x5d7b, 0x5d7b, 0x5d7b, 0x5d7b, 
  0x5d7b, 0x5d7b, 0x5d7b, 0x5d7b, 0x5d7b, 0x5d7b, 0x5d7b, 0x5d7b, 0x5d7b, 0x5d7b, 0x5d7b, 0x5d7b, 
  0x5d7b, 0x5d7b, 0x5d7b, 0x5d7b, 0x5d7b, 0x5d7b, 0x5d7b, 0x5d7b, 0x5d7b, 0x5d7b, 0x5d7b, 0x5d7b, 
  0x5d7b, 0x5d7b, 0x5d7b, 0x5d7b, 0x5d7b, 0x5d7b, 0x5d7b, 0x5d7b, 0x5d7b, 0x5d7b, 0x5d7b, 0x5d7b, 
  0x5d7b, 0x5d7b, 0x5d7b, 0x5d7b, 0x5d7b, 0x5d7b, 0x5d7b, 0x5d7b, 0x5d7b, 0x5d7b, 0x5d7b, 0x5d7b, 
  0x5d7b, 0x5d7b, 0x5d7b, 0x5d7b, 0x5d7b, 0x5d7b, 0x5d7b, 0x5d7b, 0x5d7b, 0x5d7b, 0x5d7b, 0x5d7b, 
  0x5d7b, 0x5d7b, 0x5d7b, 0x5d7b, 0x5d7b, 0x5d7b, 0x5d7b, 0x5d7b, 0x5d7b, 0x5d7b, 0x5d7b, 0x5d7b, 
  0x5d7b, 0x5d7b, 0x5d7b, 0x5d7b, 0x5d7b, 0x5d7b, 0x5d7b, 0x5d7b, 0x5d7b, 0x5d7b, 0x5d7b, 0x5d7b, 
  0x5d7b, 0x5d7b, 0x5d7b, 0x5d7b, 0x5d7b, 0x5d7b, 0x5d7b, 0x5d7b, 0x5d7b, 0x5d7b, 0x5d7b, 0x5d7b, 
  0x5d7b, 0x5d7b, 0x5d7b, 0x5d7b, 0x5d7b, 0x5d7b, 0x5d7b, 0x5d7b, 0x5d7b, 0x5d7b, 0x5d7b, 0x5d7b, 
  0x5d7b, 0x5d7b, 0x5d7b, 0x5d7b, 0x5d7b, 0x5d7b, 0x5d7b, 0x5d7b, 0x5d7b, 0x5d7b, 0x5d7b, 0x5d7b, 
  0x5d7b, 0x5d7b, 0x5d7b, 0x5d7b, 0x5d7b, 0x5d7b, 0x5d7b, 0x5d7b, 0x5d7b, 0x5d7b, 0x5d7b, 0x5d7b, 
  0x5d7b, 0x5d7b, 0x5d7b, 0x5d7b, 0x5d7b, 0x5d7b, 0x5d7b, 0x5d7b, 0x5d7b, 0xd262, 0x8c4a, 0x8c4a, 
  0x8c4a, 0x8c4a, 0x8c4a, 0x8c4a, 0x8c4a, 0x8c4a, 0x8c4a, 0x8c4a, 0x8c4a, 0x8c4a, 0x8c4a, 0x8c4a, 
  0x8c4a, 0x8c4a, 0x1973, 0x5d7b, 0x5d7b, 0x5d7b, 0x5d7b, 0x5d7b, 0x5d7b, 0x5d7b, 0x5d7b, 0x5d7b, 
  0x5d7b, 0x5d7b, 0x5d7b, 0x5d7b, 0x5d7b, 0x5d7b, 0x5d7b, 0x5d7b, 0x5d7b, 0x5d7b, 0x5d7b, 0x5d7b, 
  0x5d7b, 0x5d7b, 0x5d7b, 0x5d7b, 0x5d7b, 0x5d7b, 0x5d7b, 0x5d7b, 0x5d7b, 0x5d7b, 0x5d7b, 0x5d7b, 
  0x5d7b, 0x5d7b, 0x5d7b, 0x5d7b, 0x5d7b, 0x5d7b, 0x5d7b, 0x5d7b, 0x5d7b, 0x5d7b, 0x5d7b, 0x5d7b, 
  0x5d7b, 0x5d7b, 0x5d7b, 0x5d7b, 0x5d7b, 0x5d7b, 0x5d7b, 0x5d7b, 0x5d7b, 0x5d7b, 0x5d7b, 0x5d7b, 
  0x5d7b, 0x5d7b, 0x5d7b, 0x5d7b, 0x5d7b, 0x5d7b, 0x5d7b, 0x5d7b, 0x5d7b, 0x5d7b, 0x5d7b, 0x5d7b, 
  0x5d7b, 0x5d7b, 0x5d7b, 0x5d7b, 0x5d7b, 0x5d7b, 0x5d7b, 0x5d7b, 0x5d7b, 0x5d7b, 0x5d7b, 0x5d7b, 
  0x5d7b, 0x5d7b, 0x5d7b, 0x5d7b, 0x5d7b, 0x5d7b, 0x5d7b, 0x5d7b, 0x5d7b, 0x5d7b, 0x5d7b, 0x5d7b, 
  0x5d7b, 0x5d7b, 0x5d7b, 0x5d7b, 0x5d7b, 0x5d7b, 0x5d7b, 0x5d7b, 0x5d7b, 0x5d7b, 0x5d7b, 0x5d7b, 
  0x5d7b, 0x5d7b, 0x5d7b, 0x5d7b, 0x5d7b, 0x5d7b, 0x5d7b, 0x5d7b, 0x5d7b, 0x5d7b, 0x5d7b, 0x5d7b, 
  0x5d7b, 0x5d7b, 0x5d7b, 0x5d7b, 0x5d7b, 0x5d7b, 0x5d7b, 0x5d7b, 0x5d7b, 0x5d7b, 0x5d7b, 0x5d7b, 
  0x5d7b, 0x5d7b, 0x5d7b, 0x5d7b, 0x5d7b, 0x5d7b, 0x5d7b, 0x5d7b, 0x5d7b, 0x5d7b, 0x5d7b, 0x5d7b, 
  0x5d7b, 0x5d7b, 0x5d7b, 0x5d7b, 0x1973, 0x8c4a, 0x8c4a, 0x6a62, 0x6a62, 0x8c4a, 0x8c4a, 0x8c4a, 
  0x8c4a, 0x8c4a, 0x8c4a, 0x8c4a, 0xf462, 0x5d7b, 0x5d7b, 0x5d7b, 0x5d7b, 0x5d7b, 0x5d7b, 0x5d7b, 
  0x5d7b, 0x5d7b, 0x5d7b, 0x5d7b, 0x5d7b, 0x5d7b, 0x5d7b, 0x5d7b, 0x5d7b, 0x5d7b, 0x5d7b, 0x5d7b, 
  0x5d7b, 0x5d7b, 0x5d7b, 0x5d7b, 0x5d7b, 0x5d7b, 0x5d7b, 0x5d7b, 0x5d7b, 0x5d7b, 0x5d7b, 0x5d7b, 
  0x5d7b, 0x5d7b, 0x5d7b, 0x5d7b, 0x5d7b, 0x5d7b, 0x5d7b, 0x5d7b, 0x5d7b, 0x5d7b, 0x5d7b, 0x5d7b, 
  0x5d7b, 0x5d7b, 0x5d7b, 0x5d7b, 0x5d7b, 0x5d7b, 0x5d7b, 0x5d7b, 0x5d7b, 0x5d7b, 0x5d7b, 0x5d7b, 
  0x5d7b, 0x5d7b, 0x5d7b, 0x5d7b, 0x5d7b, 0x5d7b, 0x5d7b, 0x5d7b, 0x5d7b, 0x5d7b, 0x5d7b, 0x5d7b, 
  0x5d7b, 0x5d7b, 0x5d7b, 0x5d7b, 0x5d7b, 0x5d7b, 0x5d7b, 0x5d7b, 0x5d7b, 0x5d7b, 0x5d7b, 0x5d7b, 
  0x5d7b, 0x5d7b, 0x5d7b, 0x5d7b, 0x5d7b, 0x5d7b, 0x5d7b, 0x5d7b, 0x5d7b, 0x5d7b, 0x5d7b, 0x5d7b, 
  0x5d7b, 0x5d7b, 0x5d7b, 0x5d7b, 0x5d7b, 0x5d7b, 0x5d7b, 0x5d7b, 0x5d7b, 0x5d7b, 0x5d7b, 0x5d7b, 
  0x5d7b, 0x5d7b, 0x5d7b, 0x5d7b, 0x5d7b, 0x5d7b, 0x5d7b, 0x5d7b, 0x5d7b, 0x5d7b, 0x5d7b, 0x5d7b, 
  0x5d7b, 0x5d7b, 0x5d7b, 0x5d7b, 0x5d7b, 0x5d7b, 0x5d7b, 0x5d7b, 0x5d7b, 0x5d7b, 0x5d7b, 0x5d7b, 
  0x5d7b, 0x5d7b, 0x5d7b, 0x5d7b, 0x5d7b, 0x5d7b, 0x5d7b, 0x5d7b, 0x5d7b, 0x5d7b, 0x5d7b, 0x5d7b, 
  0x5d7b, 0x5d7b, 0x5d7b, 0x5d7b, 0xf462, 0x8c4a, 0x8c4a, 0x8c4a, 0x8c4a, 0x8c4a, 0x8c4a, 0x8c4a, 
  0x8c4a, 0x8c4a, 0x8c4a, 0x8c4a, 0x8c4a, 0x8c4a, 0x8c4a, 0x8c4a, 0x8c4a, 0x8c4a, 0xb05a, 0x5d7b, 
  0x5d7b, 0x5d7b, 0x5d7b, 0x5d7b, 0x5d7b, 0x5d7b, 0x5d7b, 0x5d7b, 0x5d7b, 0x5d7b, 0x5d7b, 0x5d7b, 
  0x5d7b, 0x5d7b, 0x5d7b, 0x5d7b, 0x5d7b, 0x5d7b, 0x5d7b, 0x5d7b, 0x5d7b, 0x5d7b, 0x5d7b, 0x5d7b, 
  0x5d7b, 0x5d7b, 0x5d7b, 0x5d7b, 0x5d7b, 0x5d7b, 0x5d7b, 0x5d7b, 0x5d7b, 0x5d7b, 0x5d7b, 0x5d7b, 
  0x5d7b, 0x5d7b, 0x5d7b, 0x5d7b, 0x5d7b, 0x5d7b, 0x5d7b, 0x5d7b, 0x5d7b, 0x5d7b, 0x5d7b, 0x5d7b, 
  0x5d7b, 0x5d7b, 0x5d7b, 0x5d7b, 0x5d7b, 0x5d7b, 0x5d7b, 0x5d7b, 0x5d7b, 0x5d7b, 0x5d7b, 0x5d7b, 
  0x5d7b, 0x5d7b, 0x5d7b, 0x5d7b, 0x5d7b, 0x5d7b, 0x5d7b, 0x5d7b, 0x5d7b, 0x5d7b, 0x5d7b, 0x5d7b, 
  0x5d7b, 0x5d7b, 0x5d7b, 0x5d7b, 0x5d7b, 0x5d7b, 0x5d7b, 0x5d7b, 0x5d7b, 0x5d7b, 0x5d7b, 0x5d7b, 
  0x5d7b, 0x5d7b, 0x5d7b, 0x5d7b, 0x5d7b, 0x5d7b, 0x5d7b, 0x5d7b, 0x5d7b, 0x5d7b, 0x5d7b, 0x5d7b, 
  0x5d7b, 0x5d7b, 0x5d7b, 0x5d7b, 0x5d7b, 0x5d7b, 0x5d7b, 0x5d7b, 0x5d7b, 0x5d7b, 0x5d7b, 0x5d7b, 
  0x5d7b, 0x5d7b, 0x5d7b, 0x5d7b, 0x5d7b, 0x5d7b, 0x5d7b, 0x5d7b, 0x5d7b, 0x5d7b, 0x5d7b, 0x5d7b, 
  0x5d7b, 0x5d7b, 0x5d7b, 0x5d7b, 0x5d7b, 0x5d7b, 0x5d7b, 0x5d7b, 0x5d7b, 0x5d7b, 0x5d7b, 0x5d7b, 
  0x5d7b, 0x5d7b, 0x5d7b, 0x5d7b, 0x5d7b, 0x5d7b, 0x5d7b, 0x5d7b, 0x5d7b, 0x5d7b, 0x5d7b, 0x5d7b, 
  0xd262, 0x8c4a, 0x8c4a, 0x6a62, 0x6a62, 0x8c4a, 0x8c4a, 0x8c4a, 0x8c4a, 0x8c4a, 0x8c4a, 0x8c4a, 
  0x8c4a, 0xd262, 0x1973, 0x5d7b, 0x5d7b, 0x5d7b, 0x5d7b, 0x5d7b, 0x5d7b, 0x5d7b, 0x5d7b, 0x5d7b, 
  0x5d7b, 0x5d7b, 0x5d7b, 0x5d7b, 0x5d7b, 0x5d7b, 0x5d7b, 0x5d7b, 0x5d7b, 0x5d7b, 0x5d7b, 0x5d7b, 
  0x5d7b, 0x5d7b, 0x5d7b, 0x5d7b, 0x5d7b, 0x5d7b, 0x5d7b, 0x5d7b, 0x5d7b, 0x5d7b, 0x5d7b, 0x5d7b, 
  0x5d7b, 0x5d7b, 0x5d7b, 0x5d7b, 0x5d7b, 0x5d7b, 0x5d7b, 0x5d7b, 0x5d7b, 0x5d7b, 0x5d7b, 0x5d7b, 
  0x5d7b, 0x5d7b, 0x5d7b, 0x5d7b, 0x5d7b, 0x5d7b, 0x5d7b, 0x5d7b, 0x5d7b, 0x5d7b, 0x5d7b, 0x5d7b, 
  0x5d7b, 0x5d7b, 0x5d7b, 0x5d7b, 0x5d7b, 0x5d7b, 0x5d7b, 0x5d7b, 0x5d7b, 0x5d7b, 0x5d7b, 0x5d7b, 
  0x5d7b, 0x5d7b, 0x5d7b, 0x5d7b, 0x5d7b, 0x5d7b, 0x5d7b, 0x5d7b, 0x5d7b, 0x5d7b, 0x5d7b, 0x5d7b, 
  0x5d7b, 0x5d7b, 0x5d7b, 0x5d7b, 0x5d7b, 0x5d7b, 0x5d7b, 0x5d7b, 0x5d7b, 0x5d7b, 0x5d7b, 0x5d7b, 
  0x5d7b, 0x5d7b, 0x5d7b, 0x5d7b, 0x5d7b, 0x5d7b, 0x5d7b, 0x5d7b, 0x5d7b, 0x5d7b, 0x5d7b, 0x5d7b, 
  0x5d7b, 0x5d7b, 0x5d7b, 0x5d7b, 0x5d7b, 0x5d7b, 0x5d7b, 0x5d7b, 0x5d7b, 0x5d7b, 0x5d7b, 0x5d7b, 
  0x5d7b, 0x5d7b, 0x5d7b, 0x5d7b, 0x5d7b, 0x5d7b, 0x5d7b, 0x5d7b, 0x5d7b, 0x5d7b, 0x5d7b, 0x5d7b, 
  0x5d7b, 0x5d7b, 0x5d7b, 0x5d7b, 0x5d7b, 0x5d7b, 0x5d7b, 0x5d7b, 0x5d7b, 0x5c7b, 0x1973, 0xb05a, 
  0x8c4a, 0x8c4a, 0x8c4a, 0x8c4a, 0x8c4a, 0x8c4a, 0x8c4a, 0x8c4a, 0x8c4a, 0x8c4a, 0x8c4a, 0x8c4a, 
  0x8c4a, 0x8c4a, 0x8c4a, 0x8c4a, 0x8c4a, 0x8c4a, 0x8c4a, 0xf462, 0x5d7b, 0x5d7b, 0x5d7b, 0x5d7b, 
  0x5d7b, 0x5d7b, 0x5d7b, 0x5d7b, 0x5d7b, 0x5d7b, 0x5d7b, 0x5d7b, 0x5d7b, 0x5d7b, 0x5d7b, 0x5d7b, 
  0x5d7b, 0x5d7b, 0x5d7b, 0x5d7b, 0x5d7b, 0x5d7b, 0x5d7b, 0x5d7b, 0x5d7b, 0x5d7b, 0x5d7b, 0x5d7b, 
  0x5d7b, 0x5d7b, 0x5d7b, 0x5d7b, 0x5d7b, 0x5d7b, 0x5d7b, 0x5d7b, 0x5d7b, 0x5d7b, 0x5d7b, 0x5d7b, 
  0x5d7b, 0x5d7b, 0x5d7b, 0x5d7b, 0x5d7b, 0x5d7b, 0x5d7b, 0x5d7b, 0x5d7b, 0x5d7b, 0x5d7b, 0x5d7b, 
  0x5d7b, 0x5d7b, 0x5d7b, 0x5d7b, 0x5d7b, 0x5d7b, 0x5d7b, 0x5d7b, 0x5d7b, 0x5d7b, 0x5d7b, 0x5d7b, 
  0x5d7b, 0x5d7b, 0x5d7b, 0x5d7b, 0x5d7b, 0x5d7b, 0x5d7b, 0x5d7b, 0x5d7b, 0x5d7b, 0x5d7b, 0x5d7b, 
  0x5d7b, 0x5d7b, 0x5d7b, 0x5d7b, 0x5d7b, 0x5d7b, 0x5d7b, 0x5d7b, 0x5d7b, 0x5d7b, 0x5d7b, 0x5d7b, 
  0x5d7b, 0x5d7b, 0x5d7b, 0x5d7b, 0x5d7b, 0x5d7b, 0x5d7b, 0x5d7b, 0x5d7b, 0x5d7b, 0x5d7b, 0x5d7b, 
  0x5d7b, 0x5d7b, 0x5d7b, 0x5d7b, 0x5d7b, 0x5d7b, 0x5d7b, 0x5d7b, 0x5d7b, 0x5d7b, 0x5d7b, 0x5d7b, 
  0x5d7b, 0x5d7b, 0x5d7b, 0x5d7b, 0x5d7b, 0x5d7b, 0x5d7b, 0x5d7b, 0x5d7b, 0x5d7b, 0x5d7b, 0x5d7b, 
  0x5d7b, 0x5d7b, 0x5d7b, 0x5d7b, 0x5d7b, 0x5d7b, 0x5d7b, 0x5d7b, 0x5d7b, 0x5d7b, 0x5d7b, 0x5d7b, 
  0x5d7b, 0x5d7b, 0x5d7b, 0x5d7b, 0x5d7b, 0x5d7b, 0x5d7b, 0xf462, 0x8c4a, 0x8c4a, 0x8c4a, 0x6a62, 
  0x6a62, 0x8c4a, 0x8c4a, 0x8c4a, 0x8c4a, 0x8c4a, 0x8c4a, 0x8c4a, 0x8c4a, 0x8c4a, 0x8c4a, 0x8c4a, 
  0x8c4a, 0x8c4a, 0x8c4a, 0x8c4a, 0x8c4a, 0x8c4a, 0x8c4a, 0x8c4a, 0x8c4a, 0x8c4a, 0x8c4a, 0x8c4a, 
  0x8c4a, 0x8c4a, 0x8c4a, 0x8c4a, 0x8c4a, 0x8c4a, 0x8c4a, 0x8c4a, 0x8c4a, 0x8c4a, 0x8c4a, 0x8c4a, 
  0x8c4a, 0x8c4a, 0x8c4a, 0x8c4a, 0x8c4a, 0x8c4a, 0x8c4a, 0x8c4a, 0x8c4a, 0x8c4a, 0x8c4a, 0x8c4a, 
  0x8c4a, 0x8c4a, 0x8c4a, 0x8c4a, 0x8c4a, 0x8c4a, 0x8c4a, 0x8c4a, 0x8c4a, 0x8c4a, 0x8c4a, 0x8c4a, 
  0x8c4a, 0x8c4a, 0x8c4a, 0x8c4a, 0x8c4a, 0x8c4a, 0x8c4a, 0x8c4a, 0x8c4a, 0x8c4a, 0x8c4a, 0x8c4a, 
  0x8c4a, 0x8c4a, 0x8c4a, 0x8c4a, 0x8c4a, 0x8c4a, 0x8c4a, 0x8c4a, 0x8c4a, 0x8c4a, 0x8c4a, 0x8c4a, 
  0x8c4a, 0x8c4a, 0x8c4a, 0x8c4a, 0x8c4a, 0x8c4a, 0x8c4a, 0x8c4a, 0x8c4a, 0x8c4a, 0x8c4a, 0x8c4a, 
  0x8c4a, 0x8c4a, 0x8c4a, 0x8c4a, 0x8c4a, 0x8c4a, 0x8c4a, 0x8c4a, 0x8c4a, 0x8c4a, 0x8c4a, 0x8c4a, 
  0x8c4a, 0x8c4a, 0x8c4a, 0x8c4a, 0x8c4a, 0x8c4a, 0x8c4a, 0x8c4a, 0x8c4a, 0x8c4a, 0x8c4a, 0x8c4a, 
  0x8c4a, 0x8c4a, 0x8c4a, 0x8c4a, 0x8c4a, 0x8c4a, 0x8c4a, 0x8c4a, 0x8c4a, 0x8c4a, 0x8c4a, 0x8c4a, 
  0x8c4a, 0x8c4a, 0x8c4a, 0x8c4a, 0x8c4a, 0x8c4a, 0x8c4a, 0x8c4a, 0x8c4a, 0x8c4a, 0x8c4a, 0x8c4a, 
  0x8c4a, 0x8c4a, 0x8c4a, 0x8c4a, 0x8c4a, 0x8c4a, 0x8c4a, 0x8c4a, 0x8c4a, 0x8c4a, 0x8c4a, 0x8c4a, 
  0x8c4a, 0x8c4a, 0x8c4a, 0x8c4a, 0x8c4a, 0x8c4a, 0x8c4a, 0x8c4a, 0x8c4a, 0x8c4a, 0x8c4a, 0x8c4a, 
  0x8c4a, 0x8c4a, 0x8c4a, 0x8c4a, 0xd262, 0x1973, 0x5d7b, 0x5d7b, 0x5d7b, 0x5d7b, 0x5d7b, 0x5d7b, 
  0x5d7b, 0x5d7b, 0x5d7b, 0x5d7b, 0x5d7b, 0x5d7b, 0x5d7b, 0x5d7b, 0x5d7b, 0x5d7b, 0x5d7b, 0x5d7b, 
  0x5d7b, 0x5d7b, 0x5d7b, 0x5d7b, 0x5d7b, 0x5d7b, 0x5d7b, 0x5d7b, 0x5d7b, 0x5d7b, 0x5d7b, 0x5d7b, 
  0x5d7b, 0x5d7b, 0x5d7b, 0x5d7b, 0x5d7b, 0x5d7b, 0x5d7b, 0x5d7b, 0x5d7b, 0x5d7b, 0x5d7b, 0x5d7b, 
  0x5d7b, 0x5d7b, 0x5d7b, 0x5d7b, 0x5d7b, 0x5d7b, 0x5d7b, 0x5d7b, 0x5d7b, 0x5d7b, 0x5d7b, 0x5d7b, 
  0x5d7b, 0x5d7b, 0x5d7b, 0x5d7b, 0x5d7b, 0x5d7b, 0x5d7b, 0x5d7b, 0x5d7b, 0x5d7b, 0x5d7b, 0x5d7b, 
  0x5d7b, 0x5d7b, 0x5d7b, 0x5d7b, 0x5d7b, 0x5d7b, 0x5d7b, 0x5d7b, 0x5d7b, 0x5d7b, 0x5d7b, 0x5d7b, 
  0x5d7b, 0x5d7b, 0x5d7b, 0x5d7b, 0x5d7b, 0x5d7b, 0x5d7b, 0x5d7b, 0x5d7b, 0x5d7b, 0x5d7b, 0x5d7b, 
  0x5d7b, 0x5d7b, 0x5d7b, 0x5d7b, 0x5d7b, 0x5d7b, 0x5d7b, 0x5d7b, 0x5d7b, 0x5d7b, 0x5d7b, 0x5d7b, 
  0x5d7b, 0x5d7b, 0x5d7b, 0x5d7b, 0x5d7b, 0x5d7b, 0x5d7b, 0x5d7b, 0x5d7b, 0x5d7b, 0x5d7b, 0x5d7b, 
  0x5d7b, 0x5d7b, 0x5d7b, 0x5d7b, 0x5d7b, 0x5d7b, 0x5d7b, 0x5d7b, 0x5d7b, 0x5d7b, 0x5d7b, 0x5d7b, 
  0x5d7b, 0x5d7b, 0x5d7b, 0x5d7b, 0x5d7b, 0x5d7b, 0x5d7b, 0x5d7b, 0x5d7b, 0x5d7b, 0x5d7b, 0x5d7b, 
  0x5c7b, 0x1973, 0xb05a, 0x8c4a, 0x8c4a, 0x8c4a, 0x8c4a, 0x6a62, 0x6a62, 0x8c4a, 0x8c4a, 0x8c4a, 
  0x8c4a, 0x8c4a, 0x8c4a, 0x8c4a, 0x8c4a, 0x8c4a, 0x8c4a, 0x8c4a, 0x8c4a, 0x8c4a, 0x8c4a, 0x8c4a, 
  0x8c4a, 0x8c4a, 0x8c4a, 0x8c4a, 0x8c4a, 0x8c4a, 0x8c4a, 0x8c4a, 0x8c4a, 0x8c4a, 0x8c4a, 0x8c4a, 
  0x8c4a, 0x8c4a, 0x8c4a, 0x8c4a, 0x8c4a, 0x8c4a, 0x8c4a, 0x8c4a, 0x8c4a, 0x8c4a, 0x8c4a, 0x8c4a, 
  0x8c4a, 0x8c4a, 0x8c4a, 0x8c4a, 0x8c4a, 0x8c4a, 0x8c4a, 0x8c4a, 0x8c4a, 0x8c4a, 0x8c4a, 0x8c4a, 
  0x8c4a, 0x8c4a, 0x8c4a, 0x8c4a, 0x8c4a, 0x8c4a, 0x8c4a, 0x8c4a, 0x8c4a, 0x8c4a, 0x8c4a, 0x8c4a, 
  0x8c4a, 0x8c4a, 0x8c4a, 0x8c4a, 0x8c4a, 0x8c4a, 0x8c4a, 0x8c4a, 0x8c4a, 0x8c4a, 0x8c4a, 0x8c4a, 
  0x8c4a, 0x8c4a, 0x8c4a, 0x8c4a, 0x8c4a, 0x8c4a, 0x8c4a, 0x8c4a, 0x8c4a, 0x8c4a, 0x8c4a, 0x8c4a, 
  0x8c4a, 0x8c4a, 0x8c4a, 0x8c4a, 0x8c4a, 0x8c4a, 0x8c4a, 0x8c4a, 0x8c4a, 0x8c4a, 0x8c4a, 0x8c4a, 
  0x8c4a, 0x8c4a, 0x8c4a, 0x8c4a, 0x8c4a, 0x8c4a, 0x8c4a, 0x8c4a, 0x8c4a, 0x8c4a, 0x8c4a, 0x8c4a, 
  0x8c4a, 0x8c4a, 0x8c4a, 0x8c4a, 0x8c4a, 0x8c4a, 0x8c4a, 0x8c4a, 0x8c4a, 0x8c4a, 0x8c4a, 0x8c4a, 
  0x8c4a, 0x8c4a, 0x8c4a, 0x8c4a, 0x8c4a, 0x8c4a, 0x8c4a, 0x8c4a, 0x8c4a, 0x8c4a, 0x8c4a, 0x8c4a, 
  0x8c4a, 0x8c4a, 0x8c4a, 0x8c4a, 0x8c4a, 0x8c4a, 0x8c4a, 0x8c4a, 0x8c4a, 0x8c4a, 0x8c4a, 0x8c4a, 
  0x8c4a, 0x8c4a, 0x8c4a, 0x8c4a, 0x8c4a, 0x8c4a, 0x8c4a, 0x8c4a, 0x8c4a, 0x8c4a, 0x8c4a, 0x8c4a, 
  0x8c4a, 0x8c4a, 0x8c4a, 0x8c4a, 0x8c4a, 0x8c4a, 0x8c4a, 0x8c4a, 0x8c4a, 0x8c4a, 0x8c4a, 0x8c4a, 
  0x8c4a, 0x8c4a, 0x8c4a, 0x8c4a, 0x8c4a, 0x8c4a, 0x8c4a, 0x8c4a, 0x8c4a, 0x8c4a, 0x8c4a, 0x8c4a, 
  0x8c4a, 0x8c4a, 0x8c4a, 0x8c4a, 0x8c4a, 0x8c4a, 0x8c4a, 0x8c4a, 0x8c4a, 0x8c4a, 0x8c4a, 0x8c4a, 
  0x8c4a, 0x8c4a, 0x8c4a, 0x8c4a, 0x8c4a, 0x8c4a, 0x8c4a, 0x8c4a, 0x8c4a, 0x8c4a, 0x8c4a, 0x8c4a, 
  0x8c4a, 0x8c4a, 0x8c4a, 0x8c4a, 0x8c4a, 0x8c4a, 0x8c4a, 0x8c4a, 0x8c4a, 0x8c4a, 0x8c4a, 0x8c4a, 
  0x8c4a, 0x8c4a, 0x8c4a, 0x8c4a, 0x8c4a, 0x8c4a, 0x8c4a, 0x8c4a, 0x8c4a, 0x8c4a, 0x8c4a, 0x8c4a, 
  0x8c4a, 0x8c4a, 0x8c4a, 0x8c4a, 0x8c4a, 0x8c4a, 0x8c4a, 0x8c4a, 0x8c4a, 0x8c4a, 0x8c4a, 0x8c4a, 
  0x8c4a, 0x8c4a, 0x8c4a, 0x8c4a, 0x8c4a, 0x8c4a, 0x8c4a, 0x8c4a, 0x8c4a, 0x8c4a, 0x8c4a, 0x8c4a, 
  0x8c4a, 0x8c4a, 0x8c4a, 0x8c4a, 0x8c4a, 0x8c4a, 0x8c4a, 0x8c4a, 0x8c4a, 0x8c4a, 0x8c4a, 0x8c4a, 
  0x8c4a, 0x8c4a, 0x8c4a, 0x8c4a, 0x8c4a, 0x8c4a, 0x8c4a, 0x8c4a, 0x8c4a, 0x8c4a, 0x8c4a, 0x8c4a, 
  0x8c4a, 0x8c4a, 0x8c4a, 0x8c4a, 0x8c4a, 0x8c4a, 0x8c4a, 0x8c4a, 0x8c4a, 0x8c4a, 0x8c4a, 0x8c4a, 
  0x8c4a, 0x8c4a, 0x8c4a, 0x8c4a, 0x8c4a, 0x8c4a, 0x8c4a, 0x8c4a, 0x8c4a, 0x8c4a, 0x8c4a, 0x8c4a, 
  0x8c4a, 0x8c4a, 0x8c4a, 0x8c4a, 0x8c4a, 0x8c4a, 0x8c4a, 0x8c4a, 0x8c4a, 0x8c4a, 0x8c4a, 0x8c4a, 
  0x8c4a, 0x8c4a, 0x8c4a, 0x6a62, 0x6a62, 0x8c4a, 0x8c4a, 0x8c4a, 0x8c4a, 0x8c4a, 0x8c4a, 0x8c4a, 
  0x8c4a, 0x8c4a, 0x8c4a, 0x8c4a, 0x8c4a, 0x8c4a, 0x8c4a, 0x8c4a, 0x8c4a, 0x8c4a, 0x8c4a, 0x8c4a, 
  0x8c4a, 0x8c4a, 0x8c4a, 0x8c4a, 0x8c4a, 0x8c4a, 0x8c4a, 0x8c4a, 0x8c4a, 0x8c4a, 0x8c4a, 0x8c4a, 
  0x8c4a, 0x8c4a, 0x8c4a, 0x8c4a, 0x8c4a, 0x8c4a, 0x8c4a, 0x8c4a, 0x8c4a, 0x8c4a, 0x8c4a, 0x8c4a, 
  0x8c4a, 0x8c4a, 0x8c4a, 0x8c4a, 0x8c4a, 0x8c4a, 0x8c4a, 0x8c4a, 0x8c4a, 0x8c4a, 0x8c4a, 0x8c4a, 
  0x8c4a, 0x8c4a, 0x8c4a, 0x8c4a, 0x8c4a, 0x8c4a, 0x8c4a, 0x8c4a, 0x8c4a, 0x8c4a, 0x8c4a, 0x8c4a, 
  0x8c4a, 0x8c4a, 0x8c4a, 0x8c4a, 0x8c4a, 0x8c4a, 0x8c4a, 0x8c4a, 0x8c4a, 0x8c4a, 0x8c4a, 0x8c4a, 
  0x8c4a, 0x8c4a, 0x8c4a, 0x8c4a, 0x8c4a, 0x8c4a, 0x8c4a, 0x8c4a, 0x8c4a, 0x8c4a, 0x8c4a, 0x8c4a, 
  0x8c4a, 0x8c4a, 0x8c4a, 0x8c4a, 0x8c4a, 0x8c4a, 0x8c4a, 0x8c4a, 0x8c4a, 0x8c4a, 0x8c4a, 0x8c4a, 
  0x8c4a, 0x8c4a, 0x8c4a, 0x8c4a, 0x8c4a, 0x8c4a, 0x8c4a, 0x8c4a, 0x8c4a, 0x8c4a, 0x8c4a, 0x8c4a, 
  0x8c4a, 0x8c4a, 0x8c4a, 0x8c4a, 0x8c4a, 0x8c4a, 0x8c4a, 0x8c4a, 0x8c4a, 0x8c4a, 0x8c4a, 0x8c4a, 
  0x8c4a, 0x8c4a, 0x8c4a, 0x8c4a, 0x8c4a, 0x8c4a, 0x8c4a, 0x8c4a, 0x8c4a, 0x8c4a, 0x8c4a, 0x8c4a, 
  0x8c4a, 0x8c4a, 0x8c4a, 0x8c4a, 0x8c4a, 0x8c4a, 0x8c4a, 0x8c4a, 0x8c4a, 0x8c4a, 0x8c4a, 0x8c4a, 
  0x8c4a, 0x8c4a, 0x8c4a, 0x8c4a, 0x8c4a, 0x8c4a, 0x8c4a, 0x8c4a, 0x8c4a, 0x8c4a, 0x8c4a, 0x8c4a, 
  0x8c4a, 0x8c4a, 0x8c4a, 0x8c4a, 0x8c4a, 0x8c4a, 0x8c4a, 0x8c4a, 0x8c4a, 0x8c4a, 0x8c4a, 0x8c4a, 
  0x8c4a, 0x8c4a, 0x8c4a, 0x8c4a, 0x8c4a, 0x8c4a, 0x8c4a, 0x8c4a, 0x8c4a, 0x8c4a, 0x8c4a, 0x8c4a, 
  0x8c4a, 0x8c4a, 0x8c4a, 0x8c4a, 0x8c4a, 0x8c4a, 0x8c4a, 0x8c4a, 0x8c4a, 0x8c4a, 0x8c4a, 0x8c4a, 
  0x8c4a, 0x8c4a, 0x8c4a, 0x8c4a, 0x8c4a, 0x8c4a, 0x8c4a, 0x8c4a, 0x8c4a, 0x8c4a, 0x8c4a, 0x8c4a, 
  0x8c4a, 0x8c4a, 0x8c4a, 0x8c4a, 0x8c4a, 0x8c4a, 0x8c4a, 0x8c4a, 0x8c4a, 0x8c4a, 0x8c4a, 0x8c4a, 
  0x8c4a, 0x8c4a, 0x8c4a, 0x8c4a, 0x8c4a, 0x8c4a, 0x8c4a, 0x8c4a, 0x8c4a, 0x8c4a, 0x8c4a, 0x8c4a, 
  0x8c4a, 0x8c4a, 0x8c4a, 0x8c4a, 0x8c4a, 0x8c4a, 0x8c4a, 0x8c4a, 0x8c4a, 0x8c4a, 0x8c4a, 0x8c4a, 
  0x8c4a, 0x8c4a, 0x8c4a, 0x8c4a, 0x8c4a, 0x8c4a, 0x8c4a, 0x8c4a, 0x8c4a, 0x8c4a, 0x8c4a, 0x8c4a, 
  0x8c4a, 0x8c4a, 0x8c4a, 0x8c4a, 0x8c4a, 0x8c4a, 0x8c4a, 0x8c4a, 0x8c4a, 0x8c4a, 0x8c4a, 0x8c4a, 
  0x8c4a, 0x8c4a, 0x8c4a, 0x8c4a, 0x8c4a, 0x8c4a, 0x8c4a, 0x8c4a, 0x8c4a, 0x8c4a, 0x8c4a, 0x8c4a, 
  0x8c4a, 0x8c4a, 0x8c4a, 0x8c4a, 0x8c4a, 0x8c4a, 0x8c4a, 0x8c4a, 0x8c4a, 0x8c4a, 0x8c4a, 0x8c4a, 
  0x8c4a, 0x8c4a, 0x8c4a, 0x8c4a, 0x8c4a, 0x8c4a, 0x8c4a, 0x8c4a, 0x8c4a, 0x8c4a, 0x8c4a, 0x8c4a, 
  0x8c4a, 0x8c4a, 0x8c4a, 0x8c4a, 0x8c4a, 0x8c4a, 0x8c4a, 0x8c4a, 0x8c4a, 0x8c4a, 0x8c4a, 0x6a62, 
  0x6a62, 0x8c4a, 0x8c4a, 0x8c4a, 0x8c4a, 0x8c4a, 0x8c4a, 0x8c4a, 0x8c4a, 0x8c4a, 0x8c4a, 0x8c4a, 
  0x8c4a, 0x8c4a, 0x8c4a, 0x8c4a, 0x8c4a, 0x8c4a, 0x8c4a, 0x8c4a, 0x8c4a, 0x8c4a, 0x8c4a, 0x8c4a, 
  0x8c4a, 0x8c4a, 0x8c4a, 0x8c4a, 0x8c4a, 0x8c4a, 0x8c4a, 0x8c4a, 0x8c4a, 0x8c4a, 0x8c4a, 0x8c4a, 
  0x8c4a, 0x8c4a, 0x8c4a, 0x8c4a, 0x8c4a, 0x8c4a, 0x8c4a, 0x8c4a, 0x8c4a, 0x8c4a, 0x8c4a, 0x8c4a, 
  0x8c4a, 0x8c4a, 0x8c4a, 0x8c4a, 0x8c4a, 0x8c4a, 0x8c4a, 0x8c4a, 0x8c4a, 0x8c4a, 0x8c4a, 0x8c4a, 
  0x8c4a, 0x8c4a, 0x8c4a, 0x8c4a, 0x8c4a, 0x8c4a, 0x8c4a, 0x8c4a, 0x8c4a, 0x8c4a, 0x8c4a, 0x8c4a, 
  0x8c4a, 0x8c4a, 0x8c4a, 0x8c4a, 0x8c4a, 0x8c4a, 0x8c4a, 0x8c4a, 0x8c4a, 0x8c4a, 0x8c4a, 0x8c4a, 
  0x8c4a, 0x8c4a, 0x8c4a, 0x8c4a, 0x8c4a, 0x8c4a, 0x8c4a, 0x8c4a, 0x8c4a, 0x8c4a, 0x8c4a, 0x8c4a, 
  0x8c4a, 0x8c4a, 0x8c4a, 0x8c4a, 0x8c4a, 0x8c4a, 0x8c4a, 0x8c4a, 0x8c4a, 0x8c4a, 0x8c4a, 0x8c4a, 
  0x8c4a, 0x8c4a, 0x8c4a, 0x8c4a, 0x8c4a, 0x8c4a, 0x8c4a, 0x8c4a, 0x8c4a, 0x8c4a, 0x8c4a, 0x8c4a, 
  0x8c4a, 0x8c4a, 0x8c4a, 0x8c4a, 0x8c4a, 0x8c4a, 0x8c4a, 0x8c4a, 0x8c4a, 0x8c4a, 0x8c4a, 0x8c4a, 
  0x8c4a, 0x8c4a, 0x8c4a, 0x8c4a, 0x8c4a, 0x8c4a, 0x8c4a, 0x8c4a, 0x8c4a, 0x8c4a, 0x8c4a, 0x8c4a, 
  0x8c4a, 0x8c4a, 0x8c4a, 0x8c4a, 0x8c4a, 0x8c4a, 0x8c4a, 0x8c4a, 0x8c4a, 0x8c4a, 0x8c4a, 0x8c4a, 
  0x8c4a, 0x8c4a, 0x8c4a, 0x8c4a, 0x8c4a, 0x8c4a, 0x8c4a, 0x8c4a, 0x8c4a, 0x8c4a, 0x8c4a, 0x8c4a, 
  0x8c4a, 0x8c4a, 0x8c4a, 0x8c4a, 0x8c4a, 0x8c4a, 0x8c4a, 0x8c4a, 0x8c4a, 0x8c4a, 0x8c4a, 0x8c4a, 
  0x8c4a, 0x8c4a, 0x8c4a, 0x8c4a, 0x8c4a, 0x8c4a, 0x8c4a, 0x8c4a, 0x8c4a, 0x8c4a, 0x8c4a, 0x8c4a, 
  0x8c4a, 0x8c4a, 0x8c4a, 0x8c4a, 0x8c4a, 0x8c4a, 0x8c4a, 0x8c4a, 0x8c4a, 0x8c4a, 0x8c4a, 0x8c4a, 
  0x8c4a, 0x8c4a, 0x8c4a, 0x8c4a, 0x8c4a, 0x8c4a, 0x8c4a, 0x8c4a, 0x8c4a, 0x8c4a, 0x8c4a, 0x8c4a, 
  0x8c4a, 0x8c4a, 0x8c4a, 0x8c4a, 0x8c4a, 0x8c4a, 0x8c4a, 0x8c4a, 0x8c4a, 0x8c4a, 0x8c4a, 0x8c4a, 
  0x8c4a, 0x8c4a, 0x8c4a, 0x8c4a, 0x8c4a, 0x8c4a, 0x8c4a, 0x8c4a, 0x8c4a, 0x8c4a, 0x8c4a, 0x8c4a, 
  0x8c4a, 0x8c4a, 0x8c4a, 0x8c4a, 0x8c4a, 0x8c4a, 0x8c4a, 0x8c4a, 0x8c4a, 0x8c4a, 0x8c4a, 0x8c4a, 
  0x8c4a, 0x8c4a, 0x8c4a, 0x8c4a, 0x8c4a, 0x8c4a, 0x8c4a, 0x8c4a, 0x8c4a, 0x8c4a, 0x8c4a, 0x8c4a, 
  0x8c4a, 0x8c4a, 0x8c4a, 0x8c4a, 0x8c4a, 0x8c4a, 0x8c4a, 0x8c4a, 0x8c4a, 0x8c4a, 0x8c4a, 0x8c4a, 
  0x8c4a, 0x8c4a, 0x8c4a, 0x8c4a, 0x8c4a, 0x8c4a, 0x8c4a, 0x8c4a, 0x8c4a, 0x8c4a, 0x8c4a, 0x8c4a, 
  0x8c4a, 0x8c4a, 0x8c4a, 0x8c4a, 0x8c4a, 0x8c4a, 0x8c4a, 0x8c4a, 0x8c4a, 0x8c4a, 0x8c4a, 0x8c4a, 
  0x8c4a, 0x8c4a, 0x8c4a, 0x8c4a, 0x8c4a, 0x8c4a, 0x8c4a, 0x8c4a, 0x8c4a, 0x8c4a, 0x8c4a, 0x8c4a, 
  0x8c4a, 0x8c4a, 0x8c4a, 0x8c4a, 0x8c4a, 0x8c4a, 0x8c4a, 0x6a62, 0x6a62, 0x8c4a, 0x8c4a, 0x8c4a, 
  0x8c4a, 0x8c4a, 0x8c4a, 0x8c4a, 0x8c4a, 0x8c4a, 0x8c4a, 0x8c4a, 0x8c4a, 0x8c4a, 0x8c4a, 0x8c4a, 
  0x8c4a, 0x8c4a, 0x8c4a, 0x8c4a, 0x8c4a, 0x8c4a, 0x8c4a, 0x8c4a, 0x8c4a, 0x8c4a, 0x8c4a, 0x8c4a, 
  0x8c4a, 0x8c4a, 0x8c4a, 0x8c4a, 0x8c4a, 0x8c4a, 0x8c4a, 0x8c4a, 0x8c4a, 0x8c4a, 0x8c4a, 0x8c4a, 
  0x8c4a, 0x8c4a, 0x8c4a, 0x8c4a, 0x8c4a, 0x8c4a, 0x8c4a, 0x8c4a, 0x8c4a, 0x8c4a, 0x8c4a, 0x8c4a, 
  0x8c4a, 0x8c4a, 0x8c4a, 0x8c4a, 0x8c4a, 0x8c4a, 0x8c4a, 0x8c4a, 0x8c4a, 0x8c4a, 0x8c4a, 0x8c4a, 
  0x8c4a, 0x8c4a, 0x8c4a, 0x8c4a, 0x8c4a, 0x8c4a, 0x8c4a, 0x8c4a, 0x8c4a, 0x8c4a, 0x8c4a, 0x8c4a, 
  0x8c4a, 0x8c4a, 0x8c4a, 0x8c4a, 0x8c4a, 0x8c4a, 0x8c4a, 0x8c4a, 0x8c4a, 0x8c4a, 0x8c4a, 0x8c4a, 
  0x8c4a, 0x8c4a, 0x8c4a, 0x8c4a, 0x8c4a, 0x8c4a, 0x8c4a, 0x8c4a, 0x8c4a, 0x8c4a, 0x8c4a, 0x8c4a, 
  0x8c4a, 0x8c4a, 0x8c4a, 0x8c4a, 0x8c4a, 0x8c4a, 0x8c4a, 0x8c4a, 0x8c4a, 0x8c4a, 0x8c4a, 0x8c4a, 
  0x8c4a, 0x8c4a, 0x8c4a, 0x8c4a, 0x8c4a, 0x8c4a, 0x8c4a, 0x8c4a, 0x8c4a, 0x8c4a, 0x8c4a, 0x8c4a, 
  0x8c4a, 0x8c4a, 0x8c4a, 0x8c4a, 0x8c4a, 0x8c4a, 0x8c4a, 0x8c4a, 0x8c4a, 0x8c4a, 0x8c4a, 0x8c4a, 
  0x8c4a, 0x8c4a, 0x8c4a, 0x8c4a, 0x8c4a, 0x8c4a, 0x8c4a, 0x8c4a, 0x8c4a, 0x8c4a, 0x8c4a, 0x8c4a, 
  0x8c4a, 0x8c4a, 0x8c4a, 0x8c4a, 0x8c4a, 0x8c4a, 0x8c4a, 0x8c4a, 0x8c4a, 0x8c4a, 0x8c4a, 0x8c4a, 
  0x8c4a, 0x8c4a, 0x8c4a, 0x8c4a, 0x8c4a, 0x8c4a, 0x8c4a, 0x8c4a, 0x8c4a, 0x8c4a, 0x8c4a, 0x8c4a, 
  0x8c4a, 0x8c4a, 0x8c4a, 0x8c4a, 0x8c4a, 0x8c4a, 0x8c4a, 0x8c4a, 0x8c4a, 0x8c4a, 0x8c4a, 0x8c4a, 
  0x8c4a, 0x8c4a, 0x8c4a, 0x8c4a, 0x8c4a, 0x8c4a, 0x8c4a, 0x8c4a, 0x8c4a, 0x8c4a, 0x8c4a, 0x8c4a, 
  0x8c4a, 0x8c4a, 0x8c4a, 0x8c4a, 0x8c4a, 0x8c4a, 0x8c4a, 0x8c4a, 0x8c4a, 0x8c4a, 0x8c4a, 0x8c4a, 
  0x8c4a, 0x8c4a, 0x8c4a, 0x8c4a, 0x8c4a, 0x8c4a, 0x8c4a, 0x8c4a, 0x8c4a, 0x8c4a, 0x8c4a, 0x8c4a, 
  0x8c4a, 0x8c4a, 0x8c4a, 0x8c4a, 0x8c4a, 0x8c4a, 0x8c4a, 0x8c4a, 0x8c4a, 0x8c4a, 0x8c4a, 0x8c4a, 
  0x8c4a, 0x8c4a, 0x8c4a, 0x8c4a, 0x8c4a, 0x8c4a, 0x8c4a, 0x8c4a, 0x8c4a, 0x8c4a, 0x8c4a, 0x8c4a, 
  0x8c4a, 0x8c4a, 0x8c4a, 0x8c4a, 0x8c4a, 0x8c4a, 0x8c4a, 0x8c4a, 0x8c4a, 0x8c4a, 0x8c4a, 0x8c4a, 
  0x8c4a, 0x8c4a, 0x8c4a, 0x8c4a, 0x8c4a, 0x8c4a, 0x8c4a, 0x8c4a, 0x8c4a, 0x8c4a, 0x8c4a, 0x8c4a, 
  0x8c4a, 0x8c4a, 0x8c4a, 0x8c4a, 0x8c4a, 0x8c4a, 0x8c4a, 0x8c4a, 0x8c4a, 0x8c4a, 0x8c4a, 0x8c4a, 
  0x8c4a, 0x8c4a, 0x8c4a, 0x8c4a, 0x8c4a, 0x8c4a, 0x8c4a, 0x8c4a, 0x8c4a, 0x8c4a, 0x8c4a, 0x8c4a, 
  0x8c4a, 0x8c4a, 0x8c4a, 0x8c4a, 0x8c4a, 0x8c4a, 0x8c4a, 0x8c4a, 0x8c4a, 0x8c4a, 0x8c4a, 0x8c4a, 
  0x8c4a, 0x8c4a, 0x8c4a, 0x8c4a, 0x8c4a, 0x8c4a, 0x8c4a, 0x8c4a, 0x8c4a, 0x8c4a, 0x8c4a, 0x8c4a, 
  0x8c4a, 0x8c4a, 0x8c4a, 0x6a62, 0x6a62, 0x8c4a, 0x8c4a, 0x8c4a, 0x8c4a, 0x8c4a, 0x8c4a, 0x8c4a, 
  0x8c4a, 0x8c4a, 0x8c4a, 0x8c4a, 0x8c4a, 0x8c4a, 0x8c4a, 0x8c4a, 0x8c4a, 0x8c4a, 0x8c4a, 0x8c4a, 
  0x8c4a, 0x8c4a, 0x8c4a, 0x8c4a, 0x8c4a, 0x8c4a, 0x8c4a, 0x8c4a, 0x8c4a, 0x8c4a, 0x8c4a, 0x8c4a, 
  0x8c4a, 0x8c4a, 0x8c4a, 0x8c4a, 0x8c4a, 0x8c4a, 0x8c4a, 0x8c4a, 0x8c4a, 0x8c4a, 0x8c4a, 0x8c4a, 
  0x8c4a, 0x8c4a, 0x8c4a, 0x8c4a, 0x8c4a, 0x8c4a, 0x8c4a, 0x8c4a, 0x8c4a, 0x8c4a, 0x8c4a, 0x8c4a, 
  0x8c4a, 0x8c4a, 0x8c4a, 0x8c4a, 0x8c4a, 0x8c4a, 0x8c4a, 0x8c4a, 0x8c4a, 0x8c4a, 0x8c4a, 0x8c4a, 
  0x8c4a, 0x8c4a, 0x8c4a, 0x8c4a, 0x8c4a, 0x8c4a, 0x8c4a, 0x8c4a, 0x8c4a, 0x8c4a, 0x8c4a, 0x8c4a, 
  0x8c4a, 0x8c4a, 0x8c4a, 0x8c4a, 0x8c4a, 0x8c4a, 0x8c4a, 0x8c4a, 0x8c4a, 0x8c4a, 0x8c4a, 0x8c4a, 
  0x8c4a, 0x8c4a, 0x8c4a, 0x8c4a, 0x8c4a, 0x8c4a, 0x8c4a, 0x8c4a, 0x8c4a, 0x8c4a, 0x8c4a, 0x8c4a, 
  0x8c4a, 0x8c4a, 0x8c4a, 0x8c4a, 0x8c4a, 0x8c4a, 0x8c4a, 0x8c4a, 0x8c4a, 0x8c4a, 0x8c4a, 0x8c4a, 
  0x8c4a, 0x8c4a, 0x8c4a, 0x8c4a, 0x8c4a, 0x8c4a, 0x8c4a, 0x8c4a, 0x8c4a, 0x8c4a, 0x8c4a, 0x8c4a, 
  0x8c4a, 0x8c4a, 0x8c4a, 0x8c4a, 0x8c4a, 0x8c4a, 0x8c4a, 0x8c4a, 0x8c4a, 0x8c4a, 0x8c4a, 0x8c4a, 
  0x8c4a, 0x8c4a, 0x8c4a, 0x8c4a, 0x8c4a, 0x8c4a, 0x8c4a, 0x8c4a, 0x8c4a, 0x8c4a, 0x8c4a, 0x8c4a, 
  0x8c4a, 0x8c4a, 0x8c4a, 0x8c4a, 0x8c4a, 0x8c4a, 0x8c4a, 0x8c4a, 0x8c4a, 0x8c4a, 0x8c4a, 0x8c4a, 
  0x8c4a, 0x8c4a, 0x8c4a, 0x8c4a, 0x8c4a, 0x8c4a, 0x8c4a, 0x8c4a, 0x8c4a, 0x8c4a, 0x8c4a, 0x8c4a, 
  0x8c4a, 0x8c4a, 0x8c4a, 0x8c4a, 0x8c4a, 0x8c4a, 0x8c4a, 0x8c4a, 0x8c4a, 0x8c4a, 0x8c4a, 0x8c4a, 
  0x8c4a, 0x8c4a, 0x8c4a, 0x8c4a, 0x8c4a, 0x8c4a, 0x8c4a, 0x8c4a, 0x8c4a, 0x8c4a, 0x8c4a, 0x8c4a, 
  0x8c4a, 0x8c4a, 0x8c4a, 0x8c4a, 0x8c4a, 0x8c4a, 0x8c4a, 0x8c4a, 0x8c4a, 0x8c4a, 0x8c4a, 0x8c4a, 
  0x8c4a, 0x8c4a, 0x8c4a, 0x8c4a, 0x8c4a, 0x8c4a, 0x8c4a, 0x8c4a, 0x8c4a, 0x8c4a, 0x8c4a, 0x8c4a, 
  0x8c4a, 0x8c4a, 0x8c4a, 0x8c4a, 0x8c4a, 0x8c4a, 0x8c4a, 0x8c4a, 0x8c4a, 0x8c4a, 0x8c4a, 0x8c4a, 
  0x8c4a, 0x8c4a, 0x8c4a, 0x8c4a, 0x8c4a, 0x8c4a, 0x8c4a, 0x8c4a, 0x8c4a, 0x8c4a, 0x8c4a, 0x8c4a, 
  0x8c4a, 0x8c4a, 0x8c4a, 0x8c4a, 0x8c4a, 0x8c4a, 0x8c4a, 0x8c4a, 0x8c4a, 0x8c4a, 0x8c4a, 0x8c4a, 
  0x8c4a, 0x8c4a, 0x8c4a, 0x8c4a, 0x8c4a, 0x8c4a, 0x8c4a, 0x8c4a, 0x8c4a, 0x8c4a, 0x8c4a, 0x8c4a, 
  0x8c4a, 0x8c4a, 0x8c4a, 0x8c4a, 0x8c4a, 0x8c4a, 0x8c4a, 0x8c4a, 0x8c4a, 0x8c4a, 0x8c4a, 0x8c4a, 
  0x8c4a, 0x8c4a, 0x8c4a, 0x8c4a, 0x8c4a, 0x8c4a, 0x8c4a, 0x8c4a, 0x8c4a, 0x8c4a, 0x8c4a, 0x8c4a, 
  0x8c4a, 0x8c4a, 0x8c4a, 0x8c4a, 0x8c4a, 0x8c4a, 0x8c4a, 0x8c4a, 0x8c4a, 0x8c4a, 0x8c4a, 0x8c4a, 
  0x8c4a, 0x8c4a, 0x8c4a, 0x8c4a, 0x8c4a, 0x8c4a, 0x8c4a, 0x8c4a, 0x8c4a, 0x8c4a, 0x8c4a, 0x6a62, 
  0x6a62, 0x8c4a, 0x8c4a, 0x8c4a, 0x8c4a, 0x8c4a, 0x8c4a, 0x8c4a, 0x8c4a, 0x8c4a, 0x8c4a, 0x8c4a, 
  0x8c4a, 0x8c4a, 0x8c4a, 0x8c4a, 0x8c4a, 0x8c4a, 0x8c4a, 0x8c4a, 0x8c4a, 0x8c4a, 0x8c4a, 0x8c4a, 
  0x8c4a, 0x8c4a, 0x8c4a, 0x8c4a, 0x8c4a, 0x8c4a, 0x8c4a, 0x8c4a, 0x8c4a, 0x8c4a, 0x8c4a, 0x8c4a, 
  0x8c4a, 0x8c4a, 0x8c4a, 0x8c4a, 0x8c4a, 0x8c4a, 0x8c4a, 0x8c4a, 0x8c4a, 0x8c4a, 0x8c4a, 0x8c4a, 
  0x8c4a, 0x8c4a, 0x8c4a, 0x8c4a, 0x8c4a, 0x8c4a, 0x8c4a, 0x8c4a, 0x8c4a, 0x8c4a, 0x8c4a, 0x8c4a, 
  0x8c4a, 0x8c4a, 0x8c4a, 0x8c4a, 0x8c4a, 0x8c4a, 0x8c4a, 0x8c4a, 0x8c4a, 0x8c4a, 0x8c4a, 0x8c4a, 
  0x8c4a, 0x8c4a, 0x8c4a, 0x8c4a, 0x8c4a, 0x8c4a, 0x8c4a, 0x8c4a, 0x8c4a, 0x8c4a, 0x8c4a, 0x8c4a, 
  0x8c4a, 0x8c4a, 0x8c4a, 0x8c4a, 0x8c4a, 0x8c4a, 0x8c4a, 0x8c4a, 0x8c4a, 0x8c4a, 0x8c4a, 0x8c4a, 
  0x8c4a, 0x8c4a, 0x8c4a, 0x8c4a, 0x8c4a, 0x8c4a, 0x8c4a, 0x8c4a, 0x8c4a, 0x8c4a, 0x8c4a, 0x8c4a, 
  0x8c4a, 0x8c4a, 0x8c4a, 0x8c4a, 0x8c4a, 0x8c4a, 0x8c4a, 0x8c4a, 0x8c4a, 0x8c4a, 0x8c4a, 0x8c4a, 
  0x8c4a, 0x8c4a, 0x8c4a, 0x8c4a, 0x8c4a, 0x8c4a, 0x8c4a, 0x8c4a, 0x8c4a, 0x8c4a, 0x8c4a, 0x8c4a, 
  0x8c4a, 0x8c4a, 0x8c4a, 0x8c4a, 0x8c4a, 0x8c4a, 0x8c4a, 0x8c4a, 0x8c4a, 0x8c4a, 0x8c4a, 0x8c4a, 
  0x8c4a, 0x8c4a, 0x8c4a, 0x8c4a, 0x8c4a, 0x8c4a, 0x8c4a, 0x8c4a, 0x8c4a, 0x8c4a, 0x8c4a, 0x8c4a, 
  0x8c4a, 0x8c4a, 0x8c4a, 0x8c4a, 0x8c4a, 0x8c4a, 0x8c4a, 0x8c4a, 0x8c4a, 0x8c4a, 0x8c4a, 0x8c4a, 
  0x8c4a, 0x8c4a, 0x8c4a, 0x8c4a, 0x8c4a, 0x8c4a, 0x8c4a, 0x8c4a, 0x8c4a, 0x8c4a, 0x8c4a, 0x8c4a, 
  0x8c4a, 0x8c4a, 0x8c4a, 0x8c4a, 0x8c4a, 0x8c4a, 0x8c4a, 0x8c4a, 0x8c4a, 0x8c4a, 0x8c4a, 0x8c4a, 
  0x8c4a, 0x8c4a, 0x8c4a, 0x8c4a, 0x8c4a, 0x8c4a, 0x8c4a, 0x8c4a, 0x8c4a, 0x8c4a, 0x8c4a, 0x8c4a, 
  0x8c4a, 0x8c4a, 0x8c4a, 0x8c4a, 0x8c4a, 0x8c4a, 0x8c4a, 0x8c4a, 0x8c4a, 0x8c4a, 0x8c4a, 0x8c4a, 
  0x8c4a, 0x8c4a, 0x8c4a, 0x8c4a, 0x8c4a, 0x8c4a, 0x8c4a, 0x8c4a, 0x8c4a, 0x8c4a, 0x8c4a, 0x8c4a, 
  0x8c4a, 0x8c4a, 0x8c4a, 0x8c4a, 0x8c4a, 0x8c4a, 0x8c4a, 0x8c4a, 0x8c4a, 0x8c4a, 0x8c4a, 0x8c4a, 
  0x8c4a, 0x8c4a, 0x8c4a, 0x8c4a, 0x8c4a, 0x8c4a, 0x8c4a, 0x8c4a, 0x8c4a, 0x8c4a, 0x8c4a, 0x8c4a, 
  0x8c4a, 0x8c4a, 0x8c4a, 0x8c4a, 0x8c4a, 0x8c4a, 0x8c4a, 0x8c4a, 0x8c4a, 0x8c4a, 0x8c4a, 0x8c4a, 
  0x8c4a, 0x8c4a, 0x8c4a, 0x8c4a, 0x8c4a, 0x8c4a, 0x8c4a, 0x8c4a, 0x8c4a, 0x8c4a, 0x8c4a, 0x8c4a, 
  0x8c4a, 0x8c4a, 0x8c4a, 0x8c4a, 0x8c4a, 0x8c4a, 0x8c4a, 0x8c4a, 0x8c4a, 0x8c4a, 0x8c4a, 0x8c4a, 
  0x8c4a, 0x8c4a, 0x8c4a, 0x8c4a, 0x8c4a, 0x8c4a, 0x8c4a, 0x8c4a, 0x8c4a, 0x8c4a, 0x8c4a, 0x8c4a, 
  0x8c4a, 0x8c4a, 0x8c4a, 0x8c4a, 0x8c4a, 0x8c4a, 0x8c4a, 0x8c4a, 0x8c4a, 0x8c4a, 0x8c4a, 0x8c4a, 
  0x8c4a, 0x8c4a, 0x8c4a, 0x8c4a, 0x8c4a, 0x8c4a, 0x8c4a, 0x6a62, 0x6a62, 0x8c4a, 0x8c4a, 0x8c4a, 
  0x8c4a, 0x8c4a, 0x8c4a, 0x8c4a, 0x8c4a, 0xb05a, 0x1973, 0x5c7b, 0x5d7b, 0x5d7b, 0x5d7b, 0x5d7b, 
  0x5d7b, 0x5d7b, 0x5d7b, 0x5d7b, 0x5d7b, 0x5d7b, 0x5d7b, 0x5d7b, 0x5d7b, 0x5d7b, 0x5d7b, 0x5d7b, 
  0x5d7b, 0x5d7b, 0x5d7b, 0x5d7b, 0x5d7b, 0x5d7b, 0x5d7b, 0x5d7b, 0x5d7b, 0x5d7b, 0x5d7b, 0x5d7b, 
  0x5d7b, 0x5d7b, 0x5d7b, 0x5d7b, 0x5d7b, 0x5d7b, 0x5d7b, 0x5d7b, 0x5d7b, 0x5d7b, 0x5d7b, 0x5d7b, 
  0x5d7b, 0x5d7b, 0x5d7b, 0x5d7b, 0x5d7b, 0x5d7b, 0x5d7b, 0x5d7b, 0x5d7b, 0x5d7b, 0x5d7b, 0x5d7b, 
  0x5d7b, 0x5d7b, 0x5d7b, 0x5d7b, 0x5d7b, 0x5d7b, 0x5d7b, 0x5d7b, 0x5d7b, 0x5d7b, 0x5d7b, 0x5d7b, 
  0x5d7b, 0x5d7b, 0x5d7b, 0x5d7b, 0x5d7b, 0x5d7b, 0x5d7b, 0x5d7b, 0x5d7b, 0x5d7b, 0x5d7b, 0x5d7b, 
  0x5d7b, 0x5d7b, 0x5d7b, 0x5d7b, 0x5d7b, 0x5d7b, 0x5d7b, 0x5d7b, 0x5d7b, 0x5d7b, 0x5d7b, 0x5d7b, 
  0x5d7b, 0x5d7b, 0x5d7b, 0x5d7b, 0x5d7b, 0x5d7b, 0x1973, 0xd25a, 0x8c4a, 0x8c4a, 0x8c4a, 0x8c4a, 
  0x8c4a, 0x8c4a, 0x8c4a, 0x8c4a, 0x8c4a, 0x8c4a, 0x8c4a, 0x8c4a, 0x8c4a, 0x8c4a, 0x8c4a, 0x8c4a, 
  0x8c4a, 0x8c4a, 0x8c4a, 0x8c4a, 0x8c4a, 0x8c4a, 0x8c4a, 0x8c4a, 0x8c4a, 0x8c4a, 0x8c4a, 0x8c4a, 
  0x8c4a, 0x8c4a, 0x8c4a, 0x8c4a, 0x8c4a, 0x8c4a, 0x8c4a, 0x8c4a, 0x8c4a, 0x8c4a, 0x8c4a, 0x8c4a, 
  0x8c4a, 0x8c4a, 0x8c4a, 0x8c4a, 0x8c4a, 0x8c4a, 0x8c4a, 0x8c4a, 0x8c4a, 0x8c4a, 0x8c4a, 0x8c4a, 
  0x8c4a, 0x8c4a, 0x8c4a, 0x8c4a, 0x8c4a, 0x8c4a, 0x8c4a, 0x8c4a, 0x8c4a, 0x8c4a, 0x8c4a, 0x8c4a, 
  0x8c4a, 0x8c4a, 0x8c4a, 0x8c4a, 0x8c4a, 0x8c4a, 0x8c4a, 0x8c4a, 0x8c4a, 0x8c4a, 0x8c4a, 0x8c4a, 
  0x8c4a, 0x8c4a, 0x8c4a, 0x8c4a, 0x8c4a, 0x8c4a, 0x8c4a, 0x8c4a, 0x8c4a, 0x8c4a, 0x8c4a, 0x8c4a, 
  0x8c4a, 0x8c4a, 0x8c4a, 0x8c4a, 0x8c4a, 0x8c4a, 0x8c4a, 0x8c4a, 0x8c4a, 0x8c4a, 0x8c4a, 0x8c4a, 
  0x8c4a, 0x8c4a, 0x8c4a, 0x8c4a, 0x8c4a, 0x8c4a, 0x8c4a, 0x8c4a, 0x8c4a, 0x8c4a, 0x8c4a, 0x8c4a, 
  0x8c4a, 0x8c4a, 0x8c4a, 0x8c4a, 0x8c4a, 0x8c4a, 0x8c4a, 0x8c4a, 0x8c4a, 0x8c4a, 0x8c4a, 0x8c4a, 
  0x8c4a, 0x8c4a, 0x8c4a, 0x8c4a, 0x8c4a, 0x8c4a, 0x8c4a, 0x8c4a, 0x8c4a, 0x8c4a, 0x8c4a, 0x8c4a, 
  0x8c4a, 0x8c4a, 0x8c4a, 0x8c4a, 0x8c4a, 0x8c4a, 0x8c4a, 0x8c4a, 0x8c4a, 0x8c4a, 0x8c4a, 0x8c4a, 
  0x8c4a, 0x8c4a, 0x8c4a, 0x8c4a, 0x8c4a, 0x8c4a, 0x8c4a, 0x8c4a, 0x8c4a, 0x8c4a, 0x8c4a, 0x8c4a, 
  0x8c4a, 0x8c4a, 0x8c4a, 0x8c4a, 0x8c4a, 0x8c4a, 0x8c4a, 0x8c4a, 0x8c4a, 0x8c4a, 0x8c4a, 0x8c4a, 
  0x8c4a, 0x8c4a, 0x8c4a, 0x8c4a, 0x8c4a, 0x8c4a, 0x8c4a, 0x8c4a, 0x8c4a, 0x8c4a, 0x8c4a, 0x8c4a, 
  0x8c4a, 0x8c4a, 0x8c4a, 0x8c4a, 0x8c4a, 0x8c4a, 0x8c4a, 0x8c4a, 0x8c4a, 0x8c4a, 0x8c4a, 0x8c4a, 
  0x8c4a, 0x8c4a, 0x8c4a, 0x8c4a, 0x8c4a, 0x8c4a, 0x8c4a, 0x8c4a, 0x8c4a, 0x8c4a, 0x8c4a, 0x8c4a, 
  0x8c4a, 0x8c4a, 0x8c4a, 0x6a62, 0x6a62, 0x8c4a, 0x8c4a, 0x8c4a, 0x8c4a, 0x8c4a, 0x8c4a, 0x8c4a, 
  0xf462, 0x5d7b, 0x5d7b, 0x5d7b, 0x5d7b, 0x5d7b, 0x5d7b, 0x5d7b, 0x5d7b, 0x5d7b, 0x5d7b, 0x5d7b, 
  0x5d7b, 0x5d7b, 0x5d7b, 0x5d7b, 0x5d7b, 0x5d7b, 0x5d7b, 0x5d7b, 0x5d7b, 0x5d7b, 0x5d7b, 0x5d7b, 
  0x5d7b, 0x5d7b, 0x5d7b, 0x5d7b, 0x5d7b, 0x5d7b, 0x5d7b, 0x5d7b, 0x5d7b, 0x5d7b, 0x5d7b, 0x5d7b, 
  0x5d7b, 0x5d7b, 0x5d7b, 0x5d7b, 0x5d7b, 0x5d7b, 0x5d7b, 0x5d7b, 0x5d7b, 0x5d7b, 0x5d7b, 0x5d7b, 
  0x5d7b, 0x5d7b, 0x5d7b, 0x5d7b, 0x5d7b, 0x5d7b, 0x5d7b, 0x5d7b, 0x5d7b, 0x5d7b, 0x5d7b, 0x5d7b, 
  0x5d7b, 0x5d7b, 0x5d7b, 0x5d7b, 0x5d7b, 0x5d7b, 0x5d7b, 0x5d7b, 0x5d7b, 0x5d7b, 0x5d7b, 0x5d7b, 
  0x5d7b, 0x5d7b, 0x5d7b, 0x5d7b, 0x5d7b, 0x5d7b, 0x5d7b, 0x5d7b, 0x5d7b, 0x5d7b, 0x5d7b, 0x5d7b, 
  0x5d7b, 0x5d7b, 0x5d7b, 0x5d7b, 0x5d7b, 0x5d7b, 0x5d7b, 0x5d7b, 0x5d7b, 0x5d7b, 0x5d7b, 0x5d7b, 
  0x5d7b, 0x5d7b, 0x5d7b, 0x5d7b, 0xf462, 0x8c4a, 0x8c4a, 0x8c4a, 0x8c4a, 0x8c4a, 0x8c4a, 0x8c4a, 
  0x8c4a, 0x8c4a, 0x8c4a, 0x8c4a, 0x8c4a, 0x8c4a, 0xb05a, 0x1973, 0x5c7b, 0x5d7b, 0x5d7b, 0x5d7b, 
  0x5d7b, 0x5d7b, 0x5d7b, 0x5d7b, 0x5d7b, 0x5d7b, 0x5d7b, 0x5d7b, 0x5d7b, 0x5d7b, 0x5d7b, 0x5d7b, 
  0x5d7b, 0x5d7b, 0x5d7b, 0x5d7b, 0x5d7b, 0x5d7b, 0x5d7b, 0x5d7b, 0x5d7b, 0x5d7b, 0x5d7b, 0x5d7b, 
  0x5d7b, 0x5d7b, 0x5d7b, 0x5d7b, 0x5d7b, 0x5d7b, 0x5d7b, 0x5d7b, 0x5d7b, 0x5d7b, 0x5d7b, 0x5d7b, 
  0x5d7b, 0x5d7b, 0x5d7b, 0x5d7b, 0x5d7b, 0x5d7b, 0x5d7b, 0x5d7b, 0x5d7b, 0x5d7b, 0x5d7b, 0x5d7b, 
  0x5d7b, 0x5d7b, 0x5d7b, 0x5d7b, 0x5d7b, 0x5d7b, 0x5d7b, 0x5d7b, 0x5d7b, 0x5d7b, 0x5d7b, 0x5d7b, 
  0x5d7b, 0x5d7b, 0x5d7b, 0x5d7b, 0x5d7b, 0x5d7b, 0x5d7b, 0x5d7b, 0x5d7b, 0x5d7b, 0x5d7b, 0x5d7b, 
  0x5d7b, 0x5d7b, 0x5d7b, 0x5d7b, 0x5d7b, 0x5d7b, 0x5d7b, 0x5d7b, 0x5d7b, 0x5d7b, 0x5d7b, 0x5d7b, 
  0x5d7b, 0x5d7b, 0x5d7b, 0x5d7b, 0x5d7b, 0x5d7b, 0x5d7b, 0x5d7b, 0x5d7b, 0x5d7b, 0x5d7b, 0x5d7b, 
  0x5d7b, 0x5d7b, 0x5d7b, 0x5d7b, 0x5d7b, 0x5d7b, 0x5d7b, 0x5d7b, 0x5d7b, 0x5d7b, 0x5d7b, 0x5d7b, 
  0x5d7b, 0x5d7b, 0x5d7b, 0x5d7b, 0x5d7b, 0x5d7b, 0x5d7b, 0x5d7b, 0x5d7b, 0x5d7b, 0x5d7b, 0x5d7b, 
  0x5d7b, 0x5d7b, 0x5d7b, 0x5d7b, 0x5d7b, 0x5d7b, 0x5d7b, 0x5d7b, 0x5d7b, 0x5d7b, 0x5d7b, 0x5d7b, 
  0x5d7b, 0x5d7b, 0x5d7b, 0x5d7b, 0x5d7b, 0x5d7b, 0x5d7b, 0x5d7b, 0x5d7b, 0x5d7b, 0x5d7b, 0x5d7b, 
  0x5d7b, 0x5d7b, 0x5d7b, 0x5d7b, 0x5d7b, 0x5d7b, 0x5d7b, 0x5d7b, 0x5d7b, 0x5d7b, 0x5d7b, 0x5d7b, 
  0x5d7b, 0x5d7b, 0x5d7b, 0x5d7b, 0x5d7b, 0x5d7b, 0x5d7b, 0x5d7b, 0x5d7b, 0x5d7b, 0x5d7b, 0x5d7b, 
  0x5d7b, 0x5d7b, 0x5d7b, 0x5d7b, 0x5d7b, 0x5d7b, 0x5d7b, 0x5d7b, 0x5d7b, 0x5d7b, 0x5d7b, 0x5d7b, 
  0x5d7b, 0x1973, 0xd25a, 0x8c4a, 0x8c4a, 0x8c4a, 0x8c4a, 0x8c4a, 0x8c4a, 0x8c4a, 0x8c4a, 0x6a62, 
  0x6a62, 0x8c4a, 0x8c4a, 0x8c4a, 0x8c4a, 0x8c4a, 0x8c4a, 0xd25a, 0x5d7b, 0x5d7b, 0x5d7b, 0x5d7b, 
  0x5d7b, 0x5d7b, 0x5d7b, 0x5d7b, 0x5d7b, 0x5d7b, 0x5d7b, 0x5d7b, 0x5d7b, 0x5d7b, 0x5d7b, 0x5d7b, 
  0x5d7b, 0x5d7b, 0x5d7b, 0x5d7b, 0x5d7b, 0x5d7b, 0x5d7b, 0x5d7b, 0x5d7b, 0x5d7b, 0x5d7b, 0x5d7b, 
  0x5d7b, 0x5d7b, 0x5d7b, 0x5d7b, 0x5d7b, 0x5d7b, 0x5d7b, 0x5d7b, 0x5d7b, 0x5d7b, 0x5d7b, 0x5d7b, 
  0x5d7b, 0x5d7b, 0x5d7b, 0x5d7b, 0x5d7b, 0x5d7b, 0x5d7b, 0x5d7b, 0x5d7b, 0x5d7b, 0x5d7b, 0x5d7b, 
  0x5d7b, 0x5d7b, 0x5d7b, 0x5d7b, 0x5d7b, 0x5d7b, 0x5d7b, 0x5d7b, 0x5d7b, 0x5d7b, 0x5d7b, 0x5d7b, 
  0x5d7b, 0x5d7b, 0x5d7b, 0x5d7b, 0x5d7b, 0x5d7b, 0x5d7b, 0x5d7b, 0x5d7b, 0x5d7b, 0x5d7b, 0x5d7b, 
  0x5d7b, 0x5d7b, 0x5d7b, 0x5d7b, 0x5d7b, 0x5d7b, 0x5d7b, 0x5d7b, 0x5d7b, 0x5d7b, 0x5d7b, 0x5d7b, 
  0x5d7b, 0x5d7b, 0x5d7b, 0x5d7b, 0x5d7b, 0x5d7b, 0x5d7b, 0x5d7b, 0x5d7b, 0x5d7b, 0x5d7b, 0x5d7b, 
  0x5d7b, 0xb05a, 0x8c4a, 0x8c4a, 0x8c4a, 0x8c4a, 0x8c4a, 0x8c4a, 0x8c4a, 0x8c4a, 0x8c4a, 0x8c4a, 
  0x8c4a, 0xf462, 0x5d7b, 0x5d7b, 0x5d7b, 0x5d7b, 0x5d7b, 0x5d7b, 0x5d7b, 0x5d7b, 0x5d7b, 0x5d7b, 
  0x5d7b, 0x5d7b, 0x5d7b, 0x5d7b, 0x5d7b, 0x5d7b, 0x5d7b, 0x5d7b, 0x5d7b, 0x5d7b, 0x5d7b, 0x5d7b, 
  0x5d7b, 0x5d7b, 0x5d7b, 0x5d7b, 0x5d7b, 0x5d7b, 0x5d7b, 0x5d7b, 0x5d7b, 0x5d7b, 0x5d7b, 0x5d7b, 
  0x5d7b, 0x5d7b, 0x5d7b, 0x5d7b, 0x5d7b, 0x5d7b, 0x5d7b, 0x5d7b, 0x5d7b, 0x5d7b, 0x5d7b, 0x5d7b, 
  0x5d7b, 0x5d7b, 0x5d7b, 0x5d7b, 0x5d7b, 0x5d7b, 0x5d7b, 0x5d7b, 0x5d7b, 0x5d7b, 0x5d7b, 0x5d7b, 
  0x5d7b, 0x5d7b, 0x5d7b, 0x5d7b, 0x5d7b, 0x5d7b, 0x5d7b, 0x5d7b, 0x5d7b, 0x5d7b, 0x5d7b, 0x5d7b, 
  0x5d7b, 0x5d7b, 0x5d7b, 0x5d7b, 0x5d7b, 0x5d7b, 0x5d7b, 0x5d7b, 0x5d7b, 0x5d7b, 0x5d7b, 0x5d7b, 
  0x5d7b, 0x5d7b, 0x5d7b, 0x5d7b, 0x5d7b, 0x5d7b, 0x5d7b, 0x5d7b, 0x5d7b, 0x5d7b, 0x5d7b, 0x5d7b, 
  0x5d7b, 0x5d7b, 0x5d7b, 0x5d7b, 0x5d7b, 0x5d7b, 0x5d7b, 0x5d7b, 0x5d7b, 0x5d7b, 0x5d7b, 0x5d7b, 
  0x5d7b, 0x5d7b, 0x5d7b, 0x5d7b, 0x5d7b, 0x5d7b, 0x5d7b, 0x5d7b, 0x5d7b, 0x5d7b, 0x5d7b, 0x5d7b, 
  0x5d7b, 0x5d7b, 0x5d7b, 0x5d7b, 0x5d7b, 0x5d7b, 0x5d7b, 0x5d7b, 0x5d7b, 0x5d7b, 0x5d7b, 0x5d7b, 
  0x5d7b, 0x5d7b, 0x5d7b, 0x5d7b, 0x5d7b, 0x5d7b, 0x5d7b, 0x5d7b, 0x5d7b, 0x5d7b, 0x5d7b, 0x5d7b, 
  0x5d7b, 0x5d7b, 0x5d7b, 0x5d7b, 0x5d7b, 0x5d7b, 0x5d7b, 0x5d7b, 0x5d7b, 0x5d7b, 0x5d7b, 0x5d7b, 
  0x5d7b, 0x5d7b, 0x5d7b, 0x5d7b, 0x5d7b, 0x5d7b, 0x5d7b, 0x5d7b, 0x5d7b, 0x5d7b, 0x5d7b, 0x5d7b, 
  0x5d7b, 0x5d7b, 0x5d7b, 0x5d7b, 0x5d7b, 0x5d7b, 0x5d7b, 0x5d7b, 0x5d7b, 0x5d7b, 0x5d7b, 0x5d7b, 
  0x5d7b, 0x5d7b, 0x5d7b, 0x5d7b, 0x5d7b, 0x5d7b, 0x5d7b, 0x5d7b, 0x5d7b, 0x5d7b, 0x5d7b, 0xf462, 
  0x8c4a, 0x8c4a, 0x8c4a, 0x8c4a, 0x8c4a, 0x8c4a, 0x8c4a, 0x6a62, 0x6a62, 0x8c4a, 0x8c4a, 0x8c4a, 
  0x8c4a, 0x8c4a, 0x8c4a, 0x1973, 0x5d7b, 0x5d7b, 0x5d7b, 0x5d7b, 0x5d7b, 0x5d7b, 0x5d7b, 0x5d7b, 
  0x5d7b, 0x5d7b, 0x5d7b, 0x5d7b, 0x5d7b, 0x5d7b, 0x5d7b, 0x5d7b, 0x5d7b, 0x5d7b, 0x5d7b, 0x5d7b, 
  0x5d7b, 0x5d7b, 0x5d7b, 0x5d7b, 0x5d7b, 0x5d7b, 0x5d7b, 0x5d7b, 0x5d7b, 0x5d7b, 0x5d7b, 0x5d7b, 
  0x5d7b, 0x5d7b, 0x5d7b, 0x5d7b, 0x5d7b, 0x5d7b, 0x5d7b, 0x5d7b, 0x5d7b, 0x5d7b, 0x5d7b, 0x5d7b, 
  0x5d7b, 0x5d7b, 0x5d7b, 0x5d7b, 0x5d7b, 0x5d7b, 0x5d7b, 0x5d7b, 0x5d7b, 0x5d7b, 0x5d7b, 0x5d7b, 
  0x5d7b, 0x5d7b, 0x5d7b, 0x5d7b, 0x5d7b, 0x5d7b, 0x5d7b, 0x5d7b, 0x5d7b, 0x5d7b, 0x5d7b, 0x5d7b, 
  0x5d7b, 0x5d7b, 0x5d7b, 0x5d7b, 0x5d7b, 0x5d7b, 0x5d7b, 0x5d7b, 0x5d7b, 0x5d7b, 0x5d7b, 0x5d7b, 
  0x5d7b, 0x5d7b, 0x5d7b, 0x5d7b, 0x5d7b, 0x5d7b, 0x5d7b, 0x5d7b, 0x5d7b, 0x5d7b, 0x5d7b, 0x5d7b, 
  0x5d7b, 0x5d7b, 0x5d7b, 0x5d7b, 0x5d7b, 0x5d7b, 0x5d7b, 0x5d7b, 0x5d7b, 0x1973, 0x8c4a, 0x8c4a, 
  0x8c4a, 0x8c4a, 0x8c4a, 0x8c4a, 0x8c4a, 0x8c4a, 0x8c4a, 0x8c4a, 0xd25a, 0x5d7b, 0x5d7b, 0x5d7b, 
  0x5d7b, 0x5d7b, 0x5d7b, 0x5d7b, 0x5d7b, 0x5d7b, 0x5d7b, 0x5d7b, 0x5d7b, 0x5d7b, 0x5d7b, 0x5d7b, 
  0x5d7b, 0x5d7b, 0x5d7b, 0x5d7b, 0x5d7b, 0x5d7b, 0x5d7b, 0x5d7b, 0x5d7b, 0x5d7b, 0x5d7b, 0x5d7b, 
  0x5d7b, 0x5d7b, 0x5d7b, 0x5d7b, 0x5d7b, 0x5d7b, 0x5d7b, 0x5d7b, 0x5d7b, 0x5d7b, 0x5d7b, 0x5d7b, 
  0x5d7b, 0x5d7b, 0x5d7b, 0x5d7b, 0x5d7b, 0x5d7b, 0x5d7b, 0x5d7b, 0x5d7b, 0x5d7b, 0x5d7b, 0x5d7b, 
  0x5d7b, 0x5d7b, 0x5d7b, 0x5d7b, 0x5d7b, 0x5d7b, 0x5d7b, 0x5d7b, 0x5d7b, 0x5d7b, 0x5d7b, 0x5d7b, 
  0x5d7b, 0x5d7b, 0x5d7b, 0x5d7b, 0x5d7b, 0x5d7b, 0x5d7b, 0x5d7b, 0x5d7b, 0x5d7b, 0x5d7b, 0x5d7b, 
  0x5d7b, 0x5d7b, 0x5d7b, 0x5d7b, 0x5d7b, 0x5d7b, 0x5d7b, 0x5d7b, 0x5d7b, 0x5d7b, 0x5d7b, 0x5d7b, 
  0x5d7b, 0x5d7b, 0x5d7b, 0x5d7b, 0x5d7b, 0x5d7b, 0x5d7b, 0x5d7b, 0x5d7b, 0x5d7b, 0x5d7b, 0x5d7b, 
  0x5d7b, 0x5d7b, 0x5d7b, 0x5d7b, 0x5d7b, 0x5d7b, 0x5d7b, 0x5d7b, 0x5d7b, 0x5d7b, 0x5d7b, 0x5d7b, 
  0x5d7b, 0x5d7b, 0x5d7b, 0x5d7b, 0x5d7b, 0x5d7b, 0x5d7b, 0x5d7b, 0x5d7b, 0x5d7b, 0x5d7b, 0x5d7b, 
  0x5d7b, 0x5d7b, 0x5d7b, 0x5d7b, 0x5d7b, 0x5d7b, 0x5d7b, 0x5d7b, 0x5d7b, 0x5d7b, 0x5d7b, 0x5d7b, 
  0x5d7b, 0x5d7b, 0x5d7b, 0x5d7b, 0x5d7b, 0x5d7b, 0x5d7b, 0x5d7b, 0x5d7b, 0x5d7b, 0x5d7b, 0x5d7b, 
  0x5d7b, 0x5d7b, 0x5d7b, 0x5d7b, 0x5d7b, 0x5d7b, 0x5d7b, 0x5d7b, 0x5d7b, 0x5d7b, 0x5d7b, 0x5d7b, 
  0x5d7b, 0x5d7b, 0x5d7b, 0x5d7b, 0x5d7b, 0x5d7b, 0x5d7b, 0x5d7b, 0x5d7b, 0x5d7b, 0x5d7b, 0x5d7b, 
  0x5d7b, 0x5d7b, 0x5d7b, 0x5d7b, 0x5d7b, 0x5d7b, 0x5d7b, 0x5d7b, 0x5d7b, 0x5d7b, 0x5d7b, 0x5d7b, 
  0x5d7b, 0x5d7b, 0x5d7b, 0x5d7b, 0x5d7b, 0x5d7b, 0x5d7b, 0x5d7b, 0xb05a, 0x8c4a, 0x8c4a, 0x8c4a, 
  0x8c4a, 0x8c4a, 0x8c4a, 0x6a62, 0x6a62, 0x8c4a, 0x8c4a, 0x8c4a, 0x8c4a, 0x8c4a, 0x8c4a, 0x5d7b, 
  0x5d7b, 0x5d7b, 0x5d7b, 0x5bce, 0xdbde, 0xdbde, 0xdbde, 0xdbde, 0xdbde, 0xdbde, 0xdbde, 0xdbde, 
  0xdbde, 0xdbde, 0xdbde, 0xdbde, 0xdbde, 0xdbde, 0xdbde, 0xdbde, 0xdbde, 0xdbde, 0xdbde, 0xdbde, 
  0xdbde, 0xdbde, 0xdbde, 0xdbde, 0xdbde, 0xdbde, 0xdbde, 0xdbde, 0xdbde, 0xdbde, 0xdbde, 0xdbde, 
  0xdbde, 0xdbde, 0xdbde, 0xdbde, 0xdbde, 0xdbde, 0xdbde, 0xdbde, 0xdbde, 0xdbde, 0xdbde, 0xdbde, 
  0xdbde, 0xdbde, 0xdbde, 0xdbde, 0xdbde, 0xdbde, 0xdbde, 0xdbde, 0xdbde, 0xdbde, 0xdbde, 0xdbde, 
  0xdbde, 0xdbde, 0xdbde, 0xdbde, 0xdbde, 0xdbde, 0xdbde, 0xdbde, 0xdbde, 0xdbde, 0xdbde, 0xdbde, 
  0xdbde, 0xdbde, 0xdbde, 0xdbde, 0xdbde, 0xdbde, 0xdbde, 0xdbde, 0xdbde, 0xdbde, 0xdbde, 0xdbde, 
  0xdbde, 0xdbde, 0xdbde, 0xdbde, 0xdbde, 0xdbde, 0xdbde, 0xdbde, 0xdbde, 0xdbde, 0xdbde, 0xdbde, 
  0xdbde, 0x5bce, 0x5d7b, 0x5d7b, 0x5d7b, 0x3c7b, 0x8c4a, 0x8c4a, 0x8c4a, 0x8c4a, 0x8c4a, 0x8c4a, 
  0x8c4a, 0x8c4a, 0x8c4a, 0x8c4a, 0x1973, 0x5d7b, 0x5d7b, 0x5d7b, 0x5d7b, 0x5d7b, 0x5d7b, 0x5d7b, 
  0x5d7b, 0x5d7b, 0x5d7b, 0x5d7b, 0x5d7b, 0x5d7b, 0x5d7b, 0x5d7b, 0x5d7b, 0x5d7b, 0x5d7b, 0x5d7b, 
  0x5d7b, 0x5d7b, 0x5d7b, 0x5d7b, 0x5d7b, 0x5d7b, 0x5d7b, 0x5d7b, 0x5d7b, 0x5d7b, 0x5d7b, 0x5d7b, 
  0x5d7b, 0x5d7b, 0x5d7b, 0x5d7b, 0x5d7b, 0x5d7b, 0x5d7b, 0x5d7b, 0x5d7b, 0x5d7b, 0x5d7b, 0x5d7b, 
  0x5d7b, 0x5d7b, 0x5d7b, 0x5d7b, 0x5d7b, 0x5d7b, 0x5d7b, 0x5d7b, 0x5d7b, 0x5d7b, 0x5d7b, 0x5d7b, 
  0x5d7b, 0x5d7b, 0x5d7b, 0x5d7b, 0x5d7b, 0x5d7b, 0x5d7b, 0x5d7b, 0x5d7b, 0x5d7b, 0x5d7b, 0x5d7b, 
  0x5d7b, 0x5d7b, 0x5d7b, 0x5d7b, 0x5d7b, 0x5d7b, 0x5d7b, 0x5d7b, 0x5d7b, 0x5d7b, 0x5d7b, 0x5d7b, 
  0x5d7b, 0x5d7b, 0x5d7b, 0x5d7b, 0x5d7b, 0x5d7b, 0x5d7b, 0x5d7b, 0x5d7b, 0x5d7b, 0x5d7b, 0x5d7b, 
  0x5d7b, 0x5d7b, 0x5d7b, 0x5d7b, 0x5d7b, 0x5d7b, 0x5d7b, 0x5d7b, 0x5d7b, 0x5d7b, 0x5d7b, 0x5d7b, 
  0x5d7b, 0x5d7b, 0x5d7b, 0x5d7b, 0x5d7b, 0x5d7b, 0x5d7b, 0x5d7b, 0x5d7b, 0x5d7b, 0x5d7b, 0x5d7b, 
  0x5d7b, 0x5d7b, 0x5d7b, 0x5d7b, 0x5d7b, 0x5d7b, 0x5d7b, 0x5d7b, 0x5d7b, 0x5d7b, 0x5d7b, 0x5d7b, 
  0x5d7b, 0x5d7b, 0x5d7b, 0x5d7b, 0x5d7b, 0x5d7b, 0x5d7b, 0x5d7b, 0x5d7b, 0x5d7b, 0x5d7b, 0x5d7b, 
  0x5d7b, 0x5d7b, 0x5d7b, 0x5d7b, 0x5d7b, 0x5d7b, 0x5d7b, 0x5d7b, 0x5d7b, 0x5d7b, 0x5d7b, 0x5d7b, 
  0x5d7b, 0x5d7b, 0x5d7b, 0x5d7b, 0x5d7b, 0x5d7b, 0x5d7b, 0x5d7b, 0x5d7b, 0x5d7b, 0x5d7b, 0x5d7b, 
  0x5d7b, 0x5d7b, 0x5d7b, 0x5d7b, 0x5d7b, 0x5d7b, 0x5d7b, 0x5d7b, 0x5d7b, 0x5d7b, 0x5d7b, 0x5d7b, 
  0x5d7b, 0x5d7b, 0x5d7b, 0x5d7b, 0x5d7b, 0x5d7b, 0x5d7b, 0x5d7b, 0x5d7b, 0x5d7b, 0x5d7b, 0x5d7b, 
  0x5d7b, 0x5d7b, 0x5d7b, 0x5d7b, 0x1973, 0x8c4a, 0x8c4a, 0x8c4a, 0x8c4a, 0x8c4a, 0x8c4a, 0x6a62, 
  0x6a62, 0x8c4a, 0x8c4a, 0x8c4a, 0x8c4a, 0x8c4a, 0x8c4a, 0x5d7b, 0x5d7b, 0x5d7b, 0x5d7b, 0xdbde, 
  0xdbde, 0xdbde, 0xdbde, 0xdbde, 0xdbde, 0xdbde, 0xdbde, 0xdbde, 0xdbde, 0xdbde, 0xdbde, 0xdbde, 
  0xdbde, 0xdbde, 0xdbde, 0xdbde, 0xdbde, 0xdbde, 0xdbde, 0xdbde, 0xdbde, 0xdbde, 0xdbde, 0xdbde, 
  0xdbde, 0xdbde, 0xdbde, 0xdbde, 0xdbde, 0xdbde, 0xdbde, 0xdbde, 0xdbde, 0xdbde, 0xdbde, 0xdbde, 
  0xdbde, 0xdbde, 0xdbde, 0xdbde, 0xdbde, 0xdbde, 0xdbde, 0xdbde, 0xdbde, 0xdbde, 0xdbde, 0xdbde, 
  0xdbde, 0xdbde, 0xdbde, 0xdbde, 0xdbde, 0xdbde, 0xdbde, 0xdbde, 0xdbde, 0xdbde, 0xdbde, 0xdbde, 
  0xdbde, 0xdbde, 0xdbde, 0xdbde, 0xdbde, 0xdbde, 0xdbde, 0xdbde, 0xdbde, 0xdbde, 0xdbde, 0xdbde, 
  0xdbde, 0xdbde, 0xdbde, 0xdbde, 0xdbde, 0xdbde, 0xdbde, 0xdbde, 0xdbde, 0xdbde, 0xdbde, 0xdbde, 
  0xdbde, 0xdbde, 0xdbde, 0xdbde, 0xdbde, 0xdbde, 0xdbde, 0xdbde, 0xdbde, 0xdbde, 0x5d7b, 0x5d7b, 
  0x5d7b, 0x5d7b, 0x8c4a, 0x8c4a, 0x8c4a, 0x8c4a, 0x8c4a, 0x8c4a, 0x8c4a, 0x8c4a, 0x8c4a, 0x8c4a, 
  0x5d7b, 0x5d7b, 0x5d7b, 0x5d7b, 0x5bce, 0xdbde, 0xdbde, 0xdbde, 0xdbde, 0xdbde, 0xdbde, 0xdbde, 
  0xdbde, 0xdbde, 0xdbde, 0xdbde, 0xdbde, 0xdbde, 0xdbde, 0xdbde, 0xdbde, 0xdbde, 0xdbde, 0xdbde, 
  0xdbde, 0xdbde, 0xdbde, 0xdbde, 0xdbde, 0xdbde, 0xdbde, 0xdbde, 0xdbde, 0xdbde, 0xdbde, 0xdbde, 
  0xdbde, 0xdbde, 0xdbde, 0xdbde, 0xdbde, 0xdbde, 0xdbde, 0xdbde, 0xdbde, 0xdbde, 0xdbde, 0xdbde, 
  0xdbde, 0xdbde, 0xdbde, 0xdbde, 0xdbde, 0xdbde, 0xdbde, 0xdbde, 0xdbde, 0xdbde, 0xdbde, 0xdbde, 
  0xdbde, 0xdbde, 0xdbde, 0xdbde, 0xdbde, 0xdbde, 0xdbde, 0xdbde, 0xdbde, 0xdbde, 0xdbde, 0xdbde, 
  0xdbde, 0xdbde, 0xdbde, 0xdbde, 0xdbde, 0xdbde, 0xdbde, 0xdbde, 0xdbde, 0xdbde, 0xdbde, 0xdbde, 
  0xdbde, 0xdbde, 0xdbde, 0xdbde, 0xdbde, 0xdbde, 0xdbde, 0xdbde, 0xdbde, 0xdbde, 0xdbde, 0xdbde, 
  0xdbde, 0xdbde, 0xdbde, 0xdbde, 0xdbde, 0xdbde, 0xdbde, 0xdbde, 0xdbde, 0xdbde, 0xdbde, 0xdbde, 
  0xdbde, 0xdbde, 0xdbde, 0xdbde, 0xdbde, 0xdbde, 0xdbde, 0xdbde, 0xdbde, 0xdbde, 0xdbde, 0xdbde, 
  0xdbde, 0xdbde, 0xdbde, 0xdbde, 0xdbde, 0xdbde, 0xdbde, 0xdbde, 0xdbde, 0xdbde, 0xdbde, 0xdbde, 
  0xdbde, 0xdbde, 0xdbde, 0xdbde, 0xdbde, 0xdbde, 0xdbde, 0xdbde, 0xdbde, 0xdbde, 0xdbde, 0xdbde, 
  0xdbde, 0xdbde, 0xdbde, 0xdbde, 0xdbde, 0xdbde, 0xdbde, 0xdbde, 0xdbde, 0xdbde, 0xdbde, 0xdbde, 
  0xdbde, 0xdbde, 0xdbde, 0xdbde, 0xdbde, 0xdbde, 0xdbde, 0xdbde, 0xdbde, 0xdbde, 0xdbde, 0xdbde, 
  0xdbde, 0xdbde, 0xdbde, 0xdbde, 0xdbde, 0xdbde, 0xdbde, 0xdbde, 0xdbde, 0xdbde, 0xdbde, 0xdbde, 
  0xdbde, 0xdbde, 0xdbde, 0xdbde, 0xdbde, 0xdbde, 0xdbde, 0xdbde, 0x5bce, 0x5d7b, 0x5d7b, 0x5d7b, 
  0x3c7b, 0x8c4a, 0x8c4a, 0x8c4a, 0x8c4a, 0x8c4a, 0x8c4a, 0x6a62, 0x6a62, 0x8c4a, 0x8c4a, 0x8c4a, 
  0x8c4a, 0x8c4a, 0x8c4a, 0x5d7b, 0x5d7b, 0x5d7b, 0x5d7b, 0xdbde, 0xdbde, 0xdbde, 0xdbde, 0xdbde, 
  0xdbde, 0xdbde, 0xdbde, 0xdbde, 0xdbde, 0xdbde, 0xdbde, 0xdbde, 0xdbde, 0xdbde, 0xdbde, 0xdbde, 
  0xdbde, 0xdbde, 0xdbde, 0xdbde, 0xdbde, 0xdbde, 0xdbde, 0xdbde, 0xdbde, 0xdbde, 0xdbde, 0xdbde, 
  0xdbde, 0xdbde, 0xdbde, 0xdbde, 0xdbde, 0xdbde, 0xdbde, 0xdbde, 0xdbde, 0xdbde, 0xdbde, 0xdbde, 
  0xdbde, 0xdbde, 0xdbde, 0xdbde, 0xdbde, 0xdbde, 0xdbde, 0xdbde, 0xdbde, 0xdbde, 0xdbde, 0xdbde, 
  0xdbde, 0xdbde, 0xdbde, 0xdbde, 0xdbde, 0xdbde, 0xdbde, 0xdbde, 0xdbde, 0xdbde, 0xdbde, 0xdbde, 
  0xdbde, 0xdbde, 0xdbde, 0xdbde, 0xdbde, 0xdbde, 0xdbde, 0xdbde, 0xdbde, 0xdbde, 0xdbde, 0xdbde, 
  0xdbde, 0xdbde, 0xdbde, 0xdbde, 0xdbde, 0xdbde, 0xdbde, 0xdbde, 0xdbde, 0xdbde, 0xdbde, 0xdbde, 
  0xdbde, 0xdbde, 0xdbde, 0xdbde, 0xdbde, 0xdbde, 0x5d7b, 0x5d7b, 0x5d7b, 0x5d7b, 0x8c4a, 0x8c4a, 
  0x8c4a, 0x8c4a, 0x8c4a, 0x8c4a, 0x8c4a, 0x8c4a, 0x8c4a, 0x8c4a, 0x5d7b, 0x5d7b, 0x5d7b, 0x5d7b, 
  0xdbde, 0xdbde, 0xdbde, 0xdbde, 0xdbde, 0xdbde, 0xdbde, 0xdbde, 0xdbde, 0xdbde, 0xdbde, 0xdbde, 
  0xdbde, 0xdbde, 0xdbde, 0xdbde, 0xdbde, 0xdbde, 0xdbde, 0xdbde, 0xdbde, 0xdbde, 0xdbde, 0xdbde, 
  0xdbde, 0xdbde, 0xdbde, 0xdbde, 0xdbde, 0xdbde, 0xdbde, 0xdbde, 0xdbde, 0xdbde, 0xdbde, 0xdbde, 
  0xdbde, 0xdbde, 0xdbde, 0xdbde, 0xdbde, 0xdbde, 0xdbde, 0xdbde, 0xdbde, 0xdbde, 0xdbde, 0xdbde, 
  0xdbde, 0xdbde, 0xdbde, 0xdbde, 0xdbde, 0xdbde, 0xdbde, 0xdbde, 0xdbde, 0xdbde, 0xdbde, 0xdbde, 
  0xdbde, 0xdbde, 0xdbde, 0xdbde, 0xdbde, 0xdbde, 0xdbde, 0xdbde, 0xdbde, 0xdbde, 0xdbde, 0xdbde, 
  0xdbde, 0xdbde, 0xdbde, 0xdbde, 0xdbde, 0xdbde, 0xdbde, 0xdbde, 0xdbde, 0xdbde, 0xdbde, 0xdbde, 
  0xdbde, 0xdbde, 0xdbde, 0xdbde, 0xdbde, 0xdbde, 0xdbde, 0xdbde, 0xdbde, 0xdbde, 0xdbde, 0xdbde, 
  0xdbde, 0xdbde, 0xdbde, 0xdbde, 0xdbde, 0xdbde, 0xdbde, 0xdbde, 0xdbde, 0xdbde, 0xdbde, 0xdbde, 
  0xdbde, 0xdbde, 0xdbde, 0xdbde, 0xdbde, 0xdbde, 0xdbde, 0xdbde, 0xdbde, 0xdbde, 0xdbde, 0xdbde, 
  0xdbde, 0xdbde, 0xdbde, 0xdbde, 0xdbde, 0xdbde, 0xdbde, 0xdbde, 0xdbde, 0xdbde, 0xdbde, 0xdbde, 
  0xdbde, 0xdbde, 0xdbde, 0xdbde, 0xdbde, 0xdbde, 0xdbde, 0xdbde, 0xdbde, 0xdbde, 0xdbde, 0xdbde, 
  0xdbde, 0xdbde, 0xdbde, 0xdbde, 0xdbde, 0xdbde, 0xdbde, 0xdbde, 0xdbde, 0xdbde, 0xdbde, 0xdbde, 
  0xdbde, 0xdbde, 0xdbde, 0xdbde, 0xdbde, 0xdbde, 0xdbde, 0xdbde, 0xdbde, 0xdbde, 0xdbde, 0xdbde, 
  0xdbde, 0xdbde, 0xdbde, 0xdbde, 0xdbde, 0xdbde, 0xdbde, 0xdbde, 0xdbde, 0xdbde, 0xdbde, 0xdbde, 
  0xdbde, 0xdbde, 0xdbde, 0xdbde, 0xdbde, 0x5d7b, 0x5d7b, 0x5d7b, 0x5d7b, 0x8c4a, 0x8c4a, 0x8c4a, 
  0x8c4a, 0x8c4a, 0x8c4a, 0x6a62, 0x6a62, 0x8c4a, 0x8c4a, 0x8c4a, 0x8c4a, 0x8c4a, 0x8c4a, 0x5d7b, 
  0x5d7b, 0x5d7b, 0x5d7b, 0xdbde, 0xdbde, 0xdbde, 0xdbde, 0xdbde, 0xdbde, 0xdbde, 0xdbde, 0xdbde, 
  0xdbde, 0xdbde, 0xdbde, 0xdbde, 0xdbde, 0xdbde, 0xdbde, 0xdbde, 0xdbde, 0xdbde, 0xdbde, 0xdbde, 
  0xdbde, 0xdbde, 0xdbde, 0xdbde, 0xdbde, 0xdbde, 0xdbde, 0xdbde, 0xdbde, 0xdbde, 0xdbde, 0xdbde, 
  0xdbde, 0xdbde, 0xdbde, 0xdbde, 0xdbde, 0xdbde, 0xdbde, 0xdbde, 0xdbde, 0xdbde, 0xdbde, 0xdbde, 
  0xdbde, 0xdbde, 0xdbde, 0xdbde, 0xdbde, 0xdbde, 0xdbde, 0xdbde, 0xdbde, 0xdbde, 0xdbde, 0xdbde, 
  0xdbde, 0xdbde, 0xdbde, 0xdbde, 0xdbde, 0xdbde, 0xdbde, 0xdbde, 0xdbde, 0xdbde, 0xdbde, 0xdbde, 
  0xdbde, 0xdbde, 0xdbde, 0xdbde, 0xdbde, 0xdbde, 0xdbde, 0xdbde, 0xdbde, 0xdbde, 0xdbde, 0xdbde, 
  0xdbde, 0xdbde, 0xdbde, 0xdbde, 0xdbde, 0xdbde, 0xdbde, 0xdbde, 0xdbde, 0xdbde, 0xdbde, 0xdbde, 
  0xdbde, 0xdbde, 0x5d7b, 0x5d7b, 0x5d7b, 0x5d7b, 0x8c4a, 0x8c4a, 0x8c4a, 0x8c4a, 0x8c4a, 0x8c4a, 
  0x8c4a, 0x8c4a, 0x8c4a, 0x8c4a, 0x5d7b, 0x5d7b, 0x5d7b, 0x5d7b, 0xdbde, 0xdbde, 0xdbde, 0xdbde, 
  0xdbde, 0xdbde, 0xdbde, 0xdbde, 0xdbde, 0xdbde, 0xdbde, 0xdbde, 0xdbde, 0xdbde, 0xdbde, 0xdbde, 
  0xdbde, 0xdbde, 0xdbde, 0xdbde, 0xdbde, 0xdbde, 0xdbde, 0xdbde, 0xdbde, 0xdbde, 0xdbde, 0xdbde, 
  0xdbde, 0xdbde, 0xdbde, 0xdbde, 0xdbde, 0xdbde, 0xdbde, 0xdbde, 0xdbde, 0xdbde, 0xdbde, 0xdbde, 
  0xdbde, 0xdbde, 0xdbde, 0xdbde, 0xdbde, 0xdbde, 0xdbde, 0xdbde, 0xdbde, 0xdbde, 0xdbde, 0xdbde, 
  0xdbde, 0xdbde, 0xdbde, 0xdbde, 0xdbde, 0xdbde, 0xdbde, 0xdbde, 0xdbde, 0xdbde, 0xdbde, 0xdbde, 
  0xdbde, 0xdbde, 0xdbde, 0xdbde, 0xdbde, 0xdbde, 0xdbde, 0xdbde, 0xdbde, 0xdbde, 0xdbde, 0xdbde, 
  0xdbde, 0xdbde, 0xdbde, 0xdbde, 0xdbde, 0xdbde, 0xdbde, 0xdbde, 0xdbde, 0xdbde, 0xdbde, 0xdbde, 
  0xdbde, 0xdbde, 0xdbde, 0xdbde, 0xdbde, 0xdbde, 0xdbde, 0xdbde, 0xdbde, 0xdbde, 0xdbde, 0xdbde, 
  0xdbde, 0xdbde, 0xdbde, 0xdbde, 0xdbde, 0xdbde, 0xdbde, 0xdbde, 0xdbde, 0xdbde, 0xdbde, 0xdbde, 
  0xdbde, 0xdbde, 0xdbde, 0xdbde, 0xdbde, 0xdbde, 0xdbde, 0xdbde, 0xdbde, 0xdbde, 0xdbde, 0xdbde, 
  0xdbde, 0xdbde, 0xdbde, 0xdbde, 0xdbde, 0xdbde, 0xdbde, 0xdbde, 0xdbde, 0xdbde, 0xdbde, 0xdbde, 
  0xdbde, 0xdbde, 0xdbde, 0xdbde, 0xdbde, 0xdbde, 0xdbde, 0xdbde, 0xdbde, 0xdbde, 0xdbde, 0xdbde, 
  0xdbde, 0xdbde, 0xdbde, 0xdbde, 0xdbde, 0xdbde, 0xdbde, 0xdbde, 0xdbde, 0xdbde, 0xdbde, 0xdbde, 
  0xdbde, 0xdbde, 0xdbde, 0xdbde, 0xdbde, 0xdbde, 0xdbde, 0xdbde, 0xdbde, 0xdbde, 0xdbde, 0xdbde, 
  0xdbde, 0xdbde, 0xdbde, 0xdbde, 0xdbde, 0xdbde, 0xdbde, 0xdbde, 0xdbde, 0xdbde, 0xdbde, 0xdbde, 
  0xdbde, 0x5d7b, 0x5d7b, 0x5d7b, 0x5d7b, 0x8c4a, 0x8c4a, 0x8c4a, 0x8c4a, 0x8c4a, 0x8c4a, 0x6a62, 
  0x6a62, 0x8c4a, 0x8c4a, 0x8c4a, 0x8c4a, 0x8c4a, 0x8c4a, 0x5d7b, 0x5d7b, 0x5d7b, 0x5d7b, 0xdbde, 
  0xdbde, 0xdbde, 0xdbde, 0xdbde, 0xdbde, 0xdbde, 0xdbde, 0x79ce, 0x518c, 0x4d6b, 0xb294, 0x18c6, 
  0xdbde, 0xdbde, 0xb294, 0x4d6b, 0x4d6b, 0x4d6b, 0x1084, 0xb6b5, 0x1084, 0x1084, 0x1084, 0x1084, 
  0x1084, 0x14a5, 0xdbde, 0xdbde, 0xdbde, 0xb294, 0x18c6, 0xdbde, 0xdbde, 0xdbde, 0xb6b5, 0x14a5, 
  0xdbde, 0xdbde, 0x75ad, 0xae73, 0x4d6b, 0xb294, 0x79ce, 0xdbde, 0xdbde, 0xb294, 0x14a5, 0xdbde, 
  0xdbde, 0xdbde, 0x18c6, 0x1084, 0x1084, 0x1084, 0x1084, 0x1084, 0xb294, 0xdbde, 0xdbde, 0xdbde, 
  0x14a5, 0x518c, 0xdbde, 0xdbde, 0xdbde, 0xdbde, 0xdbde, 0x75ad, 0x518c, 0x4d6b, 0x1084, 0x18c6, 
  0xdbde, 0xdbde, 0x18c6, 0xae73, 0x4d6b, 0x4d6b, 0x4d6b, 0xb6b5, 0xdbde, 0xdbde, 0xdbde, 0xdbde, 
  0xdbde, 0xdbde, 0xdbde, 0xdbde, 0xdbde, 0xdbde, 0xdbde, 0xdbde, 0xdbde, 0xdbde, 0x5d7b, 0x5d7b, 
  0x5d7b, 0x5d7b, 0x8c4a, 0x8c4a, 0x8c4a, 0x8c4a, 0x8c4a, 0x8c4a, 0x8c4a, 0x8c4a, 0x8c4a, 0x8c4a, 
  0x5d7b, 0x5d7b, 0x5d7b, 0x5d7b, 0xdbde, 0xdbde, 0xdbde, 0xdbde, 0xdbde, 0xdbde, 0xdbde, 0xdbde, 
  0xdbde, 0xdbde, 0xdbde, 0xdbde, 0xdbde, 0xdbde, 0xdbde, 0xdbde, 0xdbde, 0xdbde, 0xdbde, 0xdbde, 
  0xdbde, 0xdbde, 0xdbde, 0xdbde, 0xdbde, 0xdbde, 0xdbde, 0xdbde, 0xdbde, 0xdbde, 0xdbde, 0xdbde, 
  0xdbde, 0xdbde, 0xdbde, 0xdbde, 0xdbde, 0xdbde, 0xdbde, 0xdbde, 0xdbde, 0xdbde, 0xdbde, 0xdbde, 
  0xdbde, 0xdbde, 0xdbde, 0xdbde, 0xdbde, 0xdbde, 0xdbde, 0xdbde, 0xdbde, 0xdbde, 0xdbde, 0xdbde, 
  0xdbde, 0xdbde, 0xdbde, 0xdbde, 0xdbde, 0xdbde, 0xdbde, 0xdbde, 0xdbde, 0xdbde, 0xdbde, 0xdbde, 
  0xdbde, 0xdbde, 0xdbde, 0xdbde, 0xdbde, 0xdbde, 0xdbde, 0xdbde, 0xdbde, 0xdbde, 0xdbde, 0xdbde, 
  0xdbde, 0xdbde, 0xdbde, 0xdbde, 0xdbde, 0xdbde, 0xdbde, 0xdbde, 0xdbde, 0xdbde, 0xdbde, 0xdbde, 
  0xdbde, 0xdbde, 0xdbde, 0xdbde, 0xdbde, 0xdbde, 0xdbde, 0xdbde, 0xdbde, 0xdbde, 0xdbde, 0xdbde, 
  0xdbde, 0xdbde, 0xdbde, 0xdbde, 0xdbde, 0xdbde, 0xdbde, 0xdbde, 0xdbde, 0xdbde, 0xdbde, 0xdbde, 
  0xdbde, 0xdbde, 0xdbde, 0xdbde, 0xdbde, 0xdbde, 0xdbde, 0xdbde, 0xdbde, 0xdbde, 0xdbde, 0xdbde, 
  0xdbde, 0xdbde, 0xdbde, 0xdbde, 0xdbde, 0xdbde, 0xdbde, 0xdbde, 0xdbde, 0xdbde, 0xdbde, 0xdbde, 
  0xdbde, 0xdbde, 0xdbde, 0xdbde, 0xdbde, 0xdbde, 0xdbde, 0xdbde, 0xdbde, 0xdbde, 0xdbde, 0xdbde, 
  0xdbde, 0xdbde, 0xdbde, 0xdbde, 0xdbde, 0xdbde, 0xdbde, 0xdbde, 0xdbde, 0xdbde, 0xdbde, 0xdbde, 
  0xdbde, 0xdbde, 0xdbde, 0xdbde, 0xdbde, 0xdbde, 0xdbde, 0xdbde, 0xdbde, 0xdbde, 0xdbde, 0xdbde, 
  0xdbde, 0xdbde, 0xdbde, 0xdbde, 0xdbde, 0xdbde, 0xdbde, 0xdbde, 0xdbde, 0x5d7b, 0x5d7b, 0x5d7b, 
  0x5d7b, 0x8c4a, 0x8c4a, 0x8c4a, 0x8c4a, 0x8c4a, 0x8c4a, 0x6a62, 0x6a62, 0x8c4a, 0x8c4a, 0x8c4a, 
  0x8c4a, 0x8c4a, 0x8c4a, 0x5d7b, 0x5d7b, 0x5d7b, 0x5d7b, 0xdbde, 0xdbde, 0xdbde, 0xdbde, 0xdbde, 
  0xdbde, 0xdbde, 0xdbde, 0xe739, 0x8a52, 0x1084, 0x494a, 0xe739, 0xdbde, 0x75ad, 0x2421, 0xae73, 
  0x1084, 0x1084, 0x518c, 0x75ad, 0x8a52, 0x8a52, 0x8631, 0x8a52, 0xeb5a, 0xeb5a, 0xdbde, 0xdbde, 
  0xdbde, 0x8a52, 0xae73, 0xdbde, 0xdbde, 0xdbde, 0x494a, 0x4d6b, 0xdbde, 0x1084, 0x8631, 0x4d6b, 
  0x4d6b, 0xe739, 0xe739, 0x18c6, 0xdbde, 0x4d6b, 0xeb5a, 0xdbde, 0xdbde, 0xdbde, 0x18c6, 0xeb5a, 
  0x8a52, 0x8631, 0x494a, 0xeb5a, 0xeb5a, 0x79ce, 0xdbde, 0xdbde, 0xe739, 0x2421, 0x75ad, 0xdbde, 
  0xdbde, 0xdbde, 0xb294, 0x2421, 0x8a52, 0x1084, 0x8a52, 0xe739, 0xdbde, 0xdbde, 0xeb5a, 0x494a, 
  0x1084, 0x1084, 0xae73, 0x18c6, 0xdbde, 0xdbde, 0xdbde, 0xdbde, 0xdbde, 0xdbde, 0xdbde, 0xdbde, 
  0xdbde, 0xdbde, 0xdbde, 0xdbde, 0xdbde, 0xdbde, 0x5d7b, 0x5d7b, 0x5d7b, 0x5d7b, 0x8c4a, 0x8c4a, 
  0x8c4a, 0x8c4a, 0x8c4a, 0x8c4a, 0x8c4a, 0x8c4a, 0x8c4a, 0x8c4a, 0x5d7b, 0x5d7b, 0x5d7b, 0x5d7b, 
  0xdbde, 0xdbde, 0xdbde, 0xdbde, 0xdbde, 0xdbde, 0xdbde, 0x79ce, 0xd7bd, 0x75ad, 0x75ad, 0xdbde, 
  0xdbde, 0xdbde, 0xdbde, 0xdbde, 0x75ad, 0x75ad, 0x18c6, 0xdbde, 0xdbde, 0xdbde, 0x18c6, 0xdbde, 
  0xdbde, 0xdbde, 0x79ce, 0xdbde, 0xdbde, 0xdbde, 0x79ce, 0x79ce, 0xdbde, 0x79ce, 0x75ad, 0x75ad, 
  0x14a5, 0x75ad, 0xdbde, 0x79ce, 0xd7bd, 0x75ad, 0x75ad, 0x18c6, 0xdbde, 0xdbde, 0xdbde, 0xdbde, 
  0xdbde, 0xdbde, 0xdbde, 0xdbde, 0xdbde, 0xdbde, 0xdbde, 0xdbde, 0xdbde, 0xdbde, 0xdbde, 0xdbde, 
  0xdbde, 0xdbde, 0xdbde, 0xdbde, 0xdbde, 0xdbde, 0xdbde, 0xdbde, 0xdbde, 0xdbde, 0xdbde, 0xdbde, 
  0xdbde, 0xdbde, 0xdbde, 0xdbde, 0xdbde, 0xdbde, 0xdbde, 0xdbde, 0xdbde, 0xdbde, 0xdbde, 0xdbde, 
  0xdbde, 0xdbde, 0xdbde, 0xdbde, 0xdbde, 0xdbde, 0xdbde, 0xdbde, 0xdbde, 0xdbde, 0xdbde, 0xdbde, 
  0xdbde, 0xdbde, 0xdbde, 0xdbde, 0xdbde, 0xdbde, 0xdbde, 0xdbde, 0xdbde, 0xdbde, 0xdbde, 0xdbde, 
  0xdbde, 0xdbde, 0xdbde, 0xdbde, 0xdbde, 0xdbde, 0xdbde, 0xdbde, 0xdbde, 0xdbde, 0xdbde, 0xdbde, 
  0xdbde, 0xdbde, 0xdbde, 0xdbde, 0xdbde, 0xdbde, 0xdbde, 0xdbde, 0xdbde, 0xdbde, 0xdbde, 0xdbde, 
  0xdbde, 0xdbde, 0xdbde, 0xdbde, 0xdbde, 0xdbde, 0xdbde, 0xdbde, 0xdbde, 0xdbde, 0xdbde, 0xdbde, 
  0xdbde, 0xdbde, 0xdbde, 0xdbde, 0xdbde, 0xdbde, 0xdbde, 0xdbde, 0xdbde, 0xdbde, 0xdbde, 0xdbde, 
  0xdbde, 0xdbde, 0xdbde, 0xdbde, 0xdbde, 0xdbde, 0xdbde, 0xdbde, 0xdbde, 0xdbde, 0xdbde, 0xdbde, 
  0xdbde, 0xdbde, 0xdbde, 0xdbde, 0xdbde, 0xdbde, 0xdbde, 0xdbde, 0xdbde, 0xdbde, 0xdbde, 0xdbde, 
  0xdbde, 0xdbde, 0xdbde, 0xdbde, 0xdbde, 0x5d7b, 0x5d7b, 0x5d7b, 0x5d7b, 0x8c4a, 0x8c4a, 0x8c4a, 
  0x8c4a, 0x8c4a, 0x8c4a, 0x6a62, 0x6a62, 0x8c4a, 0x8c4a, 0x8c4a, 0x8c4a, 0x8c4a, 0x8c4a, 0x5d7b, 
  0x5d7b, 0x5d7b, 0x5d7b, 0xdbde, 0xdbde, 0xdbde, 0xdbde, 0xdbde, 0xdbde, 0xdbde, 0xb6b5, 0x2421, 
  0x79ce, 0xdbde, 0xdbde, 0x75ad, 0xdbde, 0x14a5, 0xe739, 0xdbde, 0xdbde, 0xdbde, 0xdbde, 0xdbde, 
  0xdbde, 0xdbde, 0x8631, 0x14a5, 0xdbde, 0xdbde, 0xdbde, 0xdbde, 0xdbde, 0x518c, 0x8631, 0xdbde, 
  0xdbde, 0x75ad, 0x2421, 0x18c6, 0xb6b5, 0x2421, 0xb6b5, 0xdbde, 0xdbde, 0x79ce, 0x494a, 0xae73, 
  0xdbde, 0xae73, 0x8a52, 0xdbde, 0xdbde, 0xdbde, 0xdbde, 0xdbde, 0xdbde, 0x8a52, 0x1084, 0xdbde, 
  0xdbde, 0xdbde, 0xdbde, 0xb294, 0x494a, 0x1084, 0xeb5a, 0xdbde, 0xdbde, 0x79ce, 0xe739, 0x518c, 
  0xdbde, 0xdbde, 0xdbde, 0xb6b5, 0xdbde, 0xdbde, 0x494a, 0xb294, 0xdbde, 0xdbde, 0xdbde, 0xdbde, 
  0xdbde, 0xdbde, 0xdbde, 0xdbde, 0xdbde, 0xdbde, 0xdbde, 0xdbde, 0xdbde, 0xdbde, 0xdbde, 0xdbde, 
  0xdbde, 0xdbde, 0x5d7b, 0x5d7b, 0x5d7b, 0x5d7b, 0x8c4a, 0x8c4a, 0x8c4a, 0x8c4a, 0x8c4a, 0x8c4a, 
  0x8c4a, 0x8c4a, 0x8c4a, 0x8c4a, 0x5d7b, 0x5d7b, 0x5d7b, 0x5d7b, 0xdbde, 0xdbde, 0xdbde, 0xdbde, 
  0xdbde, 0xdbde, 0xdbde, 0x2421, 0xe739, 0x8a52, 0xe739, 0xe739, 0x79ce, 0xdbde, 0xb6b5, 0xe739, 
  0x8631, 0xe739, 0x2421, 0x1084, 0xdbde, 0xdbde, 0x8631, 0xb294, 0xdbde, 0xdbde, 0x8631, 0xb294, 
  0xdbde, 0xdbde, 0x494a, 0x1084, 0x79ce, 0x8631, 0xe739, 0x8a52, 0xe739, 0x494a, 0xdbde, 0x8a52, 
  0x2421, 0x494a, 0x8a52, 0x2421, 0x4d6b, 0x79ce, 0xdbde, 0xdbde, 0xdbde, 0xdbde, 0xdbde, 0xdbde, 
  0xdbde, 0xdbde, 0xdbde, 0xdbde, 0xdbde, 0xdbde, 0xdbde, 0xdbde, 0xdbde, 0xdbde, 0xdbde, 0xdbde, 
  0xdbde, 0xdbde, 0xdbde, 0xdbde, 0xdbde, 0xdbde, 0xdbde, 0xdbde, 0xdbde, 0xdbde, 0xdbde, 0xdbde, 
  0xdbde, 0xdbde, 0xdbde, 0xdbde, 0xdbde, 0xdbde, 0xdbde, 0xdbde, 0xdbde, 0xdbde, 0xdbde, 0xdbde, 
  0xdbde, 0xdbde, 0xdbde, 0xdbde, 0xdbde, 0xdbde, 0xdbde, 0xdbde, 0xdbde, 0xdbde, 0xdbde, 0xdbde, 
  0xdbde, 0xdbde, 0xdbde, 0xdbde, 0xdbde, 0xdbde, 0xdbde, 0xdbde, 0xdbde, 0xdbde, 0xdbde, 0xdbde, 
  0xdbde, 0xdbde, 0xdbde, 0xdbde, 0xdbde, 0xdbde, 0xdbde, 0xdbde, 0xdbde, 0xdbde, 0xdbde, 0xdbde, 
  0xdbde, 0xdbde, 0xdbde, 0xdbde, 0xdbde, 0xdbde, 0xdbde, 0xdbde, 0xdbde, 0xdbde, 0xdbde, 0xdbde, 
  0xdbde, 0xdbde, 0xdbde, 0xdbde, 0xdbde, 0xdbde, 0xdbde, 0xdbde, 0xdbde, 0xdbde, 0xdbde, 0xdbde, 
  0xdbde, 0xdbde, 0xdbde, 0xdbde, 0xdbde, 0xdbde, 0xdbde, 0xdbde, 0xdbde, 0xdbde, 0xdbde, 0xdbde, 
  0xdbde, 0xdbde, 0xdbde, 0xdbde, 0xdbde, 0xdbde, 0xdbde, 0xdbde, 0xdbde, 0xdbde, 0xdbde, 0xdbde, 
  0xdbde, 0xdbde, 0xdbde, 0xdbde, 0xdbde, 0xdbde, 0xdbde, 0xdbde, 0xdbde, 0xdbde, 0xdbde, 0xdbde, 
  0xdbde, 0x5d7b, 0x5d7b, 0x5d7b, 0x5d7b, 0x8c4a, 0x8c4a, 0x8c4a, 0x8c4a, 0x8c4a, 0x8c4a, 0x6a62, 
  0x6a62, 0x8c4a, 0x8c4a, 0x8c4a, 0x8c4a, 0x8c4a, 0x8c4a, 0x5d7b, 0x5d7b, 0x5d7b, 0x5d7b, 0xdbde, 
  0xdbde, 0xdbde, 0xdbde, 0xdbde, 0xdbde, 0xdbde, 0x79ce, 0xe739, 0xe739, 0x4d6b, 0x75ad, 0xdbde, 
  0xdbde, 0x518c, 0xe739, 0xb294, 0xb294, 0x1084, 0x79ce, 0xdbde, 0xdbde, 0xdbde, 0x2421, 0x75ad, 
  0xdbde, 0xdbde, 0xdbde, 0xdbde, 0xdbde, 0x79ce, 0x2421, 0x75ad, 0xdbde, 0x4d6b, 0x8a52, 0xdbde, 
  0x1084, 0x494a, 0xdbde, 0xdbde, 0xdbde, 0xdbde, 0x518c, 0xe739, 0xdbde, 0x1084, 0xe739, 0xdbde, 
  0xdbde, 0xdbde, 0xdbde, 0xdbde, 0xdbde, 0x8a52, 0x1084, 0xdbde, 0xdbde, 0xdbde, 0xdbde, 0xe739, 
  0xb294, 0xb6b5, 0x8631, 0x79ce, 0xdbde, 0x14a5, 0x8631, 0xdbde, 0x79ce, 0x75ad, 0x75ad, 0x75ad, 
  0xdbde, 0xdbde, 0x8631, 0x4d6b, 0xb294, 0x518c, 0x14a5, 0xdbde, 0xdbde, 0xdbde, 0xdbde, 0xdbde, 
  0xdbde, 0xdbde, 0xdbde, 0xdbde, 0xdbde, 0xdbde, 0xdbde, 0xdbde, 0xdbde, 0xdbde, 0x5d7b, 0x5d7b, 
  0x5d7b, 0x5d7b, 0x8c4a, 0x8c4a, 0x8c4a, 0x8c4a, 0x8c4a, 0x8c4a, 0x8c4a, 0x8c4a, 0x8c4a, 0x8c4a, 
  0x5d7b, 0x5d7b, 0x5d7b, 0x5d7b, 0xdbde, 0xdbde, 0xdbde, 0xdbde, 0xdbde, 0xdbde, 0xdbde, 0x2421, 
  0x75ad, 0xdbde, 0xdbde, 0x8a52, 0x1084, 0x79ce, 0xe739, 0x4d6b, 0x79ce, 0xdbde, 0x18c6, 0x8631, 
  0x518c, 0xdbde, 0x8a52, 0xae73, 0xdbde, 0x14a5, 0x2421, 0x4d6b, 0xdbde, 0x79ce, 0x2421, 0x75ad, 
  0xb6b5, 0x2421, 0x79ce, 0xdbde, 0xdbde, 0xdbde, 0xdbde, 0x14a5, 0xe739, 0xdbde, 0xdbde, 0x18c6, 
  0x8631, 0x518c, 0xdbde, 0xdbde, 0xdbde, 0xdbde, 0xdbde, 0xdbde, 0xdbde, 0xdbde, 0xdbde, 0xdbde, 
  0xdbde, 0xdbde, 0xdbde, 0xdbde, 0xdbde, 0xdbde, 0xdbde, 0xdbde, 0xdbde, 0xdbde, 0xdbde, 0xdbde, 
  0xdbde, 0xdbde, 0xdbde, 0xdbde, 0xdbde, 0xdbde, 0xdbde, 0xdbde, 0xdbde, 0xdbde, 0xdbde, 0xdbde, 
  0xdbde, 0xdbde, 0xdbde, 0xdbde, 0xdbde, 0xdbde, 0xdbde, 0xdbde, 0xdbde, 0xdbde, 0xdbde, 0xdbde, 
  0xdbde, 0xdbde, 0xdbde, 0xdbde, 0xdbde, 0xdbde, 0xdbde, 0xdbde, 0xdbde, 0xdbde, 0xdbde, 0xdbde, 
  0xdbde, 0xdbde, 0xdbde, 0xdbde, 0xdbde, 0xdbde, 0xdbde, 0xdbde, 0xdbde, 0xdbde, 0xdbde, 0xdbde, 
  0xdbde, 0xdbde, 0xdbde, 0xdbde, 0xdbde, 0xdbde, 0xdbde, 0xdbde, 0xdbde, 0xdbde, 0xdbde, 0xdbde, 
  0xdbde, 0xdbde, 0xdbde, 0xdbde, 0xdbde, 0xdbde, 0xdbde, 0xdbde, 0xdbde, 0xdbde, 0xdbde, 0xdbde, 
  0xdbde, 0xdbde, 0xdbde, 0xdbde, 0xdbde, 0xdbde, 0xdbde, 0xdbde, 0xdbde, 0xdbde, 0xdbde, 0xdbde, 
  0xdbde, 0xdbde, 0xdbde, 0xdbde, 0xdbde, 0xdbde, 0xdbde, 0xdbde, 0xdbde, 0xdbde, 0xdbde, 0xdbde, 
  0xdbde, 0xdbde, 0xdbde, 0xdbde, 0xdbde, 0xdbde, 0xdbde, 0xdbde, 0xdbde, 0xdbde, 0xdbde, 0xdbde, 
  0xdbde, 0xdbde, 0xdbde, 0xdbde, 0xdbde, 0xdbde, 0xdbde, 0xdbde, 0xdbde, 0x5d7b, 0x5d7b, 0x5d7b, 
  0x5d7b, 0x8c4a, 0x8c4a, 0x8c4a, 0x8c4a, 0x8c4a, 0x8c4a, 0x6a62, 0x6a62, 0x8c4a, 0x8c4a, 0x8c4a, 
  0x8c4a, 0x8c4a, 0x8c4a, 0x5d7b, 0x5d7b, 0x5d7b, 0x5d7b, 0xdbde, 0xdbde, 0xdbde, 0xdbde, 0xdbde, 
  0xdbde, 0xdbde, 0xdbde, 0xdbde, 0xb294, 0x8a52, 0x2421, 0xae73, 0xdbde, 0x1084, 0xe739, 0x4d6b, 
  0x4d6b, 0xef7b, 0xdbde, 0xdbde, 0xdbde, 0xdbde, 0x8631, 0xb294, 0xdbde, 0xdbde, 0xdbde, 0xdbde, 
  0xdbde, 0xdbde, 0x8a52, 0x4d6b, 0x79ce, 0x8631, 0xb294, 0xdbde, 0x1084, 0x8a52, 0xdbde, 0xdbde, 
  0xdbde, 0xdbde, 0xb294, 0x494a, 0xdbde, 0x518c, 0xe739, 0xdbde, 0xdbde, 0xdbde, 0xdbde, 0xdbde, 
  0xdbde, 0x8a52, 0x1084, 0xdbde, 0xdbde, 0xdbde, 0x75ad, 0xe739, 0xdbde, 0xdbde, 0x8a52, 0x1084, 
  0xdbde, 0xb294, 0xe739, 0xdbde, 0x18c6, 0x8a52, 0x8a52, 0xe739, 0xae73, 0xdbde, 0x2421, 0xeb5a, 
  0x4d6b, 0x4d6b, 0x75ad, 0xdbde, 0xdbde, 0xdbde, 0xdbde, 0xdbde, 0xdbde, 0xdbde, 0xdbde, 0xdbde, 
  0xdbde, 0xdbde, 0xdbde, 0xdbde, 0xdbde, 0xdbde, 0x5d7b, 0x5d7b, 0x5d7b, 0x5d7b, 0x8c4a, 0x8c4a, 
  0x8c4a, 0x8c4a, 0x8c4a, 0x8c4a, 0x8c4a, 0x8c4a, 0x8c4a, 0x8c4a, 0x5d7b, 0x5d7b, 0x5d7b, 0x5d7b, 
  0xdbde, 0xdbde, 0xdbde, 0xdbde, 0xdbde, 0xdbde, 0xdbde, 0x2421, 0x75ad, 0xdbde, 0xdbde, 0x8a52, 
  0x1084, 0x14a5, 0x8631, 0x79ce, 0xdbde, 0xdbde, 0xdbde, 0x1084, 0x8a52, 0xdbde, 0xae73, 0x8a52, 
  0xdbde, 0x4d6b, 0x8a52, 0x8631, 0xdbde, 0x14a5, 0x8631, 0xdbde, 0x75ad, 0x2421, 0xdbde, 0x18c6, 
  0x18c6, 0xdbde, 0xdbde, 0xb294, 0xe739, 0xdbde, 0xdbde, 0x18c6, 0xe739, 0xb294, 0xdbde, 0xdbde, 
  0xdbde, 0xdbde, 0xdbde, 0xdbde, 0xdbde, 0xdbde, 0xdbde, 0xdbde, 0xdbde, 0xdbde, 0xdbde, 0xdbde, 
  0xdbde, 0xdbde, 0xdbde, 0xdbde, 0xdbde, 0xdbde, 0xdbde, 0xdbde, 0xdbde, 0xdbde, 0xdbde, 0xdbde, 
  0xdbde, 0xdbde, 0xdbde, 0xdbde, 0xdbde, 0xdbde, 0xdbde, 0xdbde, 0xdbde, 0xdbde, 0xdbde, 0xdbde, 
  0xdbde, 0xdbde, 0xdbde, 0xdbde, 0xdbde, 0xdbde, 0xdbde, 0xdbde, 0xdbde, 0xdbde, 0xdbde, 0xdbde, 
  0xdbde, 0xdbde, 0xdbde, 0xdbde, 0xdbde, 0xdbde, 0xdbde, 0xdbde, 0xdbde, 0xdbde, 0xdbde, 0xdbde, 
  0xdbde, 0xdbde, 0xdbde, 0xdbde, 0xdbde, 0xdbde, 0xdbde, 0xdbde, 0xdbde, 0xdbde, 0xdbde, 0xdbde, 
  0xdbde, 0xdbde, 0xdbde, 0xdbde, 0xdbde, 0xdbde, 0xdbde, 0xdbde, 0xdbde, 0xdbde, 0xdbde, 0xdbde, 
  0xdbde, 0xdbde, 0xdbde, 0xdbde, 0xdbde, 0xdbde, 0xdbde, 0xdbde, 0xdbde, 0xdbde, 0xdbde, 0xdbde, 
  0xdbde, 0xdbde, 0xdbde, 0xdbde, 0xdbde, 0xdbde, 0xdbde, 0xdbde, 0xdbde, 0xdbde, 0xdbde, 0xdbde, 
  0xdbde, 0xdbde, 0xdbde, 0xdbde, 0xdbde, 0xdbde, 0xdbde, 0xdbde, 0xdbde, 0xdbde, 0xdbde, 0xdbde, 
  0xdbde, 0xdbde, 0xdbde, 0xdbde, 0xdbde, 0xdbde, 0xdbde, 0xdbde, 0xdbde, 0xdbde, 0xdbde, 0xdbde, 
  0xdbde, 0xdbde, 0xdbde, 0xdbde, 0xdbde, 0x5d7b, 0x5d7b, 0x5d7b, 0x5d7b, 0x8c4a, 0x8c4a, 0x8c4a, 
  0x8c4a, 0x8c4a, 0x8c4a, 0x6a62, 0x6a62, 0x8c4a, 0x8c4a, 0x8c4a, 0x8c4a, 0x8c4a, 0x8c4a, 0x5d7b, 
  0x5d7b, 0x5d7b, 0x5d7b, 0xdbde, 0xdbde, 0xdbde, 0xdbde, 0xdbde, 0xdbde, 0xdbde, 0xb6b5, 0x14a5, 
  0xdbde, 0xdbde, 0x18c6, 0x2421, 0xb6b5, 0x1084, 0x8a52, 0xdbde, 0xdbde, 0xdbde, 0xdbde, 0xdbde, 
  0xdbde, 0xdbde, 0xe739, 0xb294, 0xdbde, 0xdbde, 0xdbde, 0xdbde, 0xdbde, 0xdbde, 0x75ad, 0x8631, 
  0x518c, 0xe739, 0xdbde, 0xdbde, 0x14a5, 0x8631, 0x79ce, 0xdbde, 0xdbde, 0xdbde, 0x4d6b, 0x4d6b, 
  0xdbde, 0x1084, 0xe739, 0xdbde, 0xdbde, 0xdbde, 0xdbde, 0xdbde, 0xdbde, 0x8a52, 0x1084, 0xdbde, 
  0xdbde, 0xdbde, 0xeb5a, 0x2421, 0x8a52, 0x8a52, 0x8631, 0x494a, 0xdbde, 0x75ad, 0x8631, 0x79ce, 
  0xdbde, 0xdbde, 0xdbde, 0xeb5a, 0xae73, 0xdbde, 0x2421, 0x75ad, 0xdbde, 0xdbde, 0xdbde, 0xdbde, 
  0xdbde, 0xdbde, 0xdbde, 0xdbde, 0xdbde, 0xdbde, 0xdbde, 0xdbde, 0xdbde, 0xdbde, 0xdbde, 0xdbde, 
  0xdbde, 0xdbde, 0x5d7b, 0x5d7b, 0x5d7b, 0x5d7b, 0x8c4a, 0x8c4a, 0x8c4a, 0x8c4a, 0x8c4a, 0x8c4a, 
  0x8c4a, 0x8c4a, 0x8c4a, 0x8c4a, 0x5d7b, 0x5d7b, 0x5d7b, 0x5d7b, 0xdbde, 0xdbde, 0xdbde, 0xdbde, 
  0xdbde, 0xdbde, 0xdbde, 0x2421, 0xeb5a, 0x1084, 0x4d6b, 0x8631, 0x18c6, 0x1084, 0x8a52, 0xdbde, 
  0xdbde, 0xdbde, 0xdbde, 0xb294, 0xe739, 0xdbde, 0x75ad, 0x2421, 0x79ce, 0xe739, 0x75ad, 0x8631, 
  0x75ad, 0xae73, 0xeb5a, 0xdbde, 0x75ad, 0x2421, 0x2421, 0x2421, 0x8631, 0x75ad, 0xdbde, 0xb294, 
  0x8631, 0x518c, 0x8a52, 0x8631, 0xae73, 0xdbde, 0xdbde, 0xdbde, 0xdbde, 0xdbde, 0xdbde, 0xdbde, 
  0xdbde, 0xdbde, 0xdbde, 0xdbde, 0xdbde, 0xdbde, 0xdbde, 0xdbde, 0xdbde, 0xdbde, 0xdbde, 0xdbde, 
  0xdbde, 0xdbde, 0xdbde, 0xdbde, 0xdbde, 0xdbde, 0xdbde, 0xdbde, 0xdbde, 0xdbde, 0xdbde, 0xdbde, 
  0xdbde, 0xdbde, 0xdbde, 0xdbde, 0xdbde, 0xdbde, 0xdbde, 0xdbde, 0xdbde, 0xdbde, 0xdbde, 0xdbde, 
  0xdbde, 0xdbde, 0xdbde, 0xdbde, 0xdbde, 0xdbde, 0xdbde, 0xdbde, 0xdbde, 0xdbde, 0xdbde, 0xdbde, 
  0xdbde, 0xdbde, 0xdbde, 0xdbde, 0xdbde, 0xdbde, 0xdbde, 0xdbde, 0xdbde, 0xdbde, 0xdbde, 0xdbde, 
  0xdbde, 0xdbde, 0xdbde, 0xdbde, 0xdbde, 0xdbde, 0xdbde, 0xdbde, 0xdbde, 0xdbde, 0xdbde, 0xdbde, 
  0xdbde, 0xdbde, 0xdbde, 0xdbde, 0xdbde, 0xdbde, 0xdbde, 0xdbde, 0xdbde, 0xdbde, 0xdbde, 0xdbde, 
  0xdbde, 0xdbde, 0xdbde, 0xdbde, 0xdbde, 0xdbde, 0xdbde, 0xdbde, 0xdbde, 0xdbde, 0xdbde, 0xdbde, 
  0xdbde, 0xdbde, 0xdbde, 0xdbde, 0xdbde, 0xdbde, 0xdbde, 0xdbde, 0xdbde, 0xdbde, 0xdbde, 0xdbde, 
  0xdbde, 0xdbde, 0xdbde, 0xdbde, 0xdbde, 0xdbde, 0xdbde, 0xdbde, 0xdbde, 0xdbde, 0xdbde, 0xdbde, 
  0xdbde, 0xdbde, 0xdbde, 0xdbde, 0xdbde, 0xdbde, 0xdbde, 0xdbde, 0xdbde, 0xdbde, 0xdbde, 0xdbde, 
  0xdbde, 0x5d7b, 0x5d7b, 0x5d7b, 0x5d7b, 0x8c4a, 0x8c4a, 0x8c4a, 0x8c4a, 0x8c4a, 0x8c4a, 0x6a62, 
  0x6a62, 0x8c4a, 0x8c4a, 0x8c4a, 0x8c4a, 0x8c4a, 0x8c4a, 0x5d7b, 0x5d7b, 0x5d7b, 0x5d7b, 0xdbde, 
  0xdbde, 0xdbde, 0xdbde, 0xdbde, 0xdbde, 0xdbde, 0xb294, 0x8631, 0x75ad, 0x18c6, 0x1084, 0x2421, 
  0x18c6, 0x518c, 0xe739, 0xd7bd, 0x18c6, 0xb294, 0x1084, 0xdbde, 0xdbde, 0xdbde, 0xe739, 0xb294, 
  0xdbde, 0xdbde, 0xdbde, 0xdbde, 0xdbde, 0xdbde, 0xdbde, 0x8a52, 0x2421, 0x4d6b, 0xdbde, 0xdbde, 
  0xdbde, 0x494a, 0x494a, 0x75ad, 0x18c6, 0xae73, 0x8631, 0x18c6, 0xdbde, 0x1084, 0x494a, 0xd7bd, 
  0x75ad, 0x75ad, 0xdbde, 0xdbde, 0xdbde, 0x4d6b, 0x4d6b, 0xdbde, 0xdbde, 0x18c6, 0x2421, 0xb6b5, 
  0x75ad, 0x75ad, 0xb6b5, 0x8631, 0x75ad, 0xdbde, 0x8a52, 0x494a, 0xd7bd, 0x79ce, 0x75ad, 0x2421, 
  0x18c6, 0xdbde, 0x8631, 0xae73, 0x18c6, 0x75ad, 0x1084, 0x75ad, 0xdbde, 0xdbde, 0xdbde, 0xdbde, 
  0xdbde, 0xdbde, 0xdbde, 0xdbde, 0xdbde, 0xdbde, 0xdbde, 0xdbde, 0xdbde, 0xdbde, 0x5d7b, 0x5d7b, 
  0x5d7b, 0x5d7b, 0x8c4a, 0x8c4a, 0x8c4a, 0x8c4a, 0x8c4a, 0x8c4a, 0x8c4a, 0x8c4a, 0x8c4a, 0x8c4a, 
  0x5d7b, 0x5d7b, 0x5d7b, 0x5d7b, 0xdbde, 0xdbde, 0xdbde, 0xdbde, 0xdbde, 0xdbde, 0xdbde, 0x2421, 
  0x4d6b, 0x4d6b, 0xae73, 0x18c6, 0xdbde, 0x518c, 0x494a, 0xdbde, 0xdbde, 0xdbde, 0xdbde, 0x518c, 
  0x494a, 0xdbde, 0xdbde, 0x8631, 0xb294, 0x2421, 0xdbde, 0xae73, 0xae73, 0x8a52, 0xb294, 0xdbde, 
  0x75ad, 0x2421, 0xdbde, 0xdbde, 0xdbde, 0xdbde, 0xdbde, 0xb294, 0x8631, 0x4d6b, 0x8a52, 0xeb5a, 
  0xdbde, 0xdbde, 0xdbde, 0xdbde, 0xdbde, 0xdbde, 0xdbde, 0xdbde, 0xdbde, 0xdbde, 0xdbde, 0xdbde, 
  0xdbde, 0xdbde, 0xdbde, 0xdbde, 0xdbde, 0xdbde, 0xdbde, 0xdbde, 0xdbde, 0xdbde, 0xdbde, 0xdbde, 
  0xdbde, 0xdbde, 0xdbde, 0xdbde, 0xdbde, 0xdbde, 0xdbde, 0xdbde, 0xdbde, 0xdbde, 0xdbde, 0xdbde, 
  0xdbde, 0xdbde, 0xdbde, 0xdbde, 0xdbde, 0xdbde, 0xdbde, 0xdbde, 0xdbde, 0xdbde, 0xdbde, 0xdbde, 
  0xdbde, 0xdbde, 0xdbde, 0xdbde, 0xdbde, 0xdbde, 0xdbde, 0xdbde, 0xdbde, 0xdbde, 0xdbde, 0xdbde, 
  0xdbde, 0xdbde, 0xdbde, 0xdbde, 0xdbde, 0xdbde, 0xdbde, 0xdbde, 0xdbde, 0xdbde, 0xdbde, 0xdbde, 
  0xdbde, 0xdbde, 0xdbde, 0xdbde, 0xdbde, 0xdbde, 0xdbde, 0xdbde, 0xdbde, 0xdbde, 0xdbde, 0xdbde, 
  0xdbde, 0xdbde, 0xdbde, 0xdbde, 0xdbde, 0xdbde, 0xdbde, 0xdbde, 0xdbde, 0xdbde, 0xdbde, 0xdbde, 
  0xdbde, 0xdbde, 0xdbde, 0xdbde, 0xdbde, 0xdbde, 0xdbde, 0xdbde, 0xdbde, 0xdbde, 0xdbde, 0xdbde, 
  0xdbde, 0xdbde, 0xdbde, 0xdbde, 0xdbde, 0xdbde, 0xdbde, 0xdbde, 0xdbde, 0xdbde, 0xdbde, 0xdbde, 
  0xdbde, 0xdbde, 0xdbde, 0xdbde, 0xdbde, 0xdbde, 0xdbde, 0xdbde, 0xdbde, 0xdbde, 0xdbde, 0xdbde, 
  0xdbde, 0xdbde, 0xdbde, 0xdbde, 0xdbde, 0xdbde, 0xdbde, 0xdbde, 0xdbde, 0x5d7b, 0x5d7b, 0x5d7b, 
  0x5d7b, 0x8c4a, 0x8c4a, 0x8c4a, 0x8c4a, 0x8c4a, 0x8c4a, 0x6a62, 0x6a62, 0x8c4a, 0x8c4a, 0x8c4a, 
  0x8c4a, 0x8c4a, 0x8c4a, 0x5d7b, 0x5d7b, 0x5d7b, 0x5d7b, 0xdbde, 0xdbde, 0xdbde, 0xdbde, 0xdbde, 
  0xdbde, 0xdbde, 0xdbde, 0xef7b, 0xe739, 0x2421, 0x8a52, 0x75ad, 0xdbde, 0x18c6, 0x494a, 0x2421, 
  0x2421, 0xe739, 0xef7b, 0xdbde, 0xdbde, 0xdbde, 0x494a, 0x14a5, 0xdbde, 0xdbde, 0xdbde, 0xdbde, 
  0xdbde, 0xdbde, 0xdbde, 0xb294, 0x2421, 0x18c6, 0xdbde, 0xdbde, 0xdbde, 0x18c6, 0x4d6b, 0x8631, 
  0x2421, 0x8a52, 0xb6b5, 0xdbde, 0xdbde, 0x518c, 0xe739, 0x8631, 0xe739, 0x8631, 0xb294, 0xdbde, 
  0xdbde, 0x4d6b, 0x4d6b, 0xdbde, 0xdbde, 0x1084, 0x494a, 0xdbde, 0xdbde, 0xdbde, 0xdbde, 0x1084, 
  0xeb5a, 0xdbde, 0x18c6, 0x4d6b, 0x8631, 0x2421, 0xe739, 0x518c, 0xdbde, 0xdbde, 0x518c, 0x8631, 
  0x2421, 0x8631, 0x8a52, 0xb6b5, 0xdbde, 0xdbde, 0xdbde, 0xdbde, 0xdbde, 0xdbde, 0xdbde, 0xdbde, 
  0xdbde, 0xdbde, 0xdbde, 0xdbde, 0xdbde, 0xdbde, 0x5d7b, 0x5d7b, 0x5d7b, 0x5d7b, 0x8c4a, 0x8c4a, 
  0x8c4a, 0x8c4a, 0x8c4a, 0x8c4a, 0x8c4a, 0x8c4a, 0x8c4a, 0x8c4a, 0x5d7b, 0x5d7b, 0x5d7b, 0x5d7b, 
  0xdbde, 0xdbde, 0xdbde, 0xdbde, 0xdbde, 0xdbde, 0x79ce, 0x2421, 0x75ad, 0xdbde, 0xdbde, 0xdbde, 
  0xdbde, 0x79ce, 0x8631, 0x1084, 0xdbde, 0xdbde, 0x75ad, 0xe739, 0xb294, 0xdbde, 0xdbde, 0x4d6b, 
  0x8631, 0xeb5a, 0xdbde, 0x75ad, 0x8631, 0x2421, 0xb6b5, 0xdbde, 0xb6b5, 0x2421, 0x79ce, 0xdbde, 
  0xdbde, 0xdbde, 0xdbde, 0xb294, 0xe739, 0xdbde, 0x18c6, 0x2421, 0x75ad, 0xdbde, 0xdbde, 0xdbde, 
  0xdbde, 0xdbde, 0xdbde, 0xdbde, 0xdbde, 0xdbde, 0xdbde, 0xdbde, 0xdbde, 0xdbde, 0xdbde, 0xdbde, 
  0xdbde, 0xdbde, 0xdbde, 0xdbde, 0xdbde, 0xdbde, 0xdbde, 0xdbde, 0xdbde, 0xdbde, 0xdbde, 0xdbde, 
  0xdbde, 0xdbde, 0xdbde, 0xdbde, 0xdbde, 0xdbde, 0xdbde, 0xdbde, 0xdbde, 0xdbde, 0xdbde, 0xdbde, 
  0xdbde, 0xdbde, 0xdbde, 0xdbde, 0xdbde, 0xdbde, 0xdbde, 0xdbde, 0xdbde, 0xdbde, 0xdbde, 0xdbde, 
  0xdbde, 0xdbde, 0xdbde, 0xdbde, 0xdbde, 0xdbde, 0xdbde, 0xdbde, 0xdbde, 0xdbde, 0xdbde, 0xdbde, 
  0xdbde, 0xdbde, 0xdbde, 0xdbde, 0xdbde, 0xdbde, 0xdbde, 0xdbde, 0xdbde, 0xdbde, 0xdbde, 0xdbde, 
  0xdbde, 0xdbde, 0xdbde, 0xdbde, 0xdbde, 0xdbde, 0xdbde, 0xdbde, 0xdbde, 0xdbde, 0xdbde, 0xdbde, 
  0xdbde, 0xdbde, 0xdbde, 0xdbde, 0xdbde, 0xdbde, 0xdbde, 0xdbde, 0xdbde, 0xdbde, 0xdbde, 0xdbde, 
  0xdbde, 0xdbde, 0xdbde, 0xdbde, 0xdbde, 0xdbde, 0xdbde, 0xdbde, 0xdbde, 0xdbde, 0xdbde, 0xdbde, 
  0xdbde, 0xdbde, 0xdbde, 0xdbde, 0xdbde, 0xdbde, 0xdbde, 0xdbde, 0xdbde, 0xdbde, 0xdbde, 0xdbde, 
  0xdbde, 0xdbde, 0xdbde, 0xdbde, 0xdbde, 0xdbde, 0xdbde, 0xdbde, 0xdbde, 0xdbde, 0xdbde, 0xdbde, 
  0xdbde, 0xdbde, 0xdbde, 0xdbde, 0xdbde, 0x5d7b, 0x5d7b, 0x5d7b, 0x5d7b, 0x8c4a, 0x8c4a, 0x8c4a, 
  0x8c4a, 0x8c4a, 0x8c4a, 0x6a62, 0x6a62, 0x8c4a, 0x8c4a, 0x8c4a, 0x8c4a, 0x8c4a, 0x8c4a, 0x5d7b, 
  0x5d7b, 0x5d7b, 0x5d7b, 0xdbde, 0xdbde, 0xdbde, 0xdbde, 0xdbde, 0xdbde, 0xdbde, 0xdbde, 0xdbde, 
  0xdbde, 0xdbde, 0xdbde, 0xdbde, 0xdbde, 0xdbde, 0xdbde, 0xdbde, 0xdbde, 0xdbde, 0xdbde, 0xdbde, 
  0xdbde, 0xdbde, 0xdbde, 0xdbde, 0xdbde, 0xdbde, 0xdbde, 0xdbde, 0xdbde, 0xdbde, 0xdbde, 0xdbde, 
  0xdbde, 0xdbde, 0xdbde, 0xdbde, 0xdbde, 0xdbde, 0xdbde, 0xdbde, 0xdbde, 0xdbde, 0xdbde, 0xdbde, 
  0xdbde, 0xdbde, 0xdbde, 0xdbde, 0xdbde, 0xdbde, 0xdbde, 0xdbde, 0xdbde, 0xdbde, 0xdbde, 0xdbde, 
  0xdbde, 0xdbde, 0xdbde, 0xdbde, 0xdbde, 0xdbde, 0xdbde, 0xdbde, 0xdbde, 0xdbde, 0xdbde, 0xdbde, 
  0xdbde, 0xdbde, 0xdbde, 0xdbde, 0xdbde, 0xdbde, 0xdbde, 0xdbde, 0xdbde, 0xdbde, 0xdbde, 0xdbde, 
  0xdbde, 0xdbde, 0xdbde, 0xdbde, 0xdbde, 0xdbde, 0xdbde, 0xdbde, 0xdbde, 0xdbde, 0xdbde, 0xdbde, 
  0xdbde, 0xdbde, 0x5d7b, 0x5d7b, 0x5d7b, 0x5d7b, 0x8c4a, 0x8c4a, 0x8c4a, 0x8c4a, 0x8c4a, 0x8c4a, 
  0x8c4a, 0x8c4a, 0x8c4a, 0x8c4a, 0x5d7b, 0x5d7b, 0x5d7b, 0x5d7b, 0xdbde, 0xdbde, 0xdbde, 0xdbde, 
  0xdbde, 0xdbde, 0x18c6, 0x2421, 0x18c6, 0xdbde, 0xdbde, 0xdbde, 0xdbde, 0xdbde, 0x14a5, 0xe739, 
  0x8631, 0xe739, 0x8631, 0xef7b, 0xdbde, 0xdbde, 0xdbde, 0x14a5, 0x2421, 0x14a5, 0xdbde, 0xdbde, 
  0x8a52, 0xe739, 0xdbde, 0xdbde, 0x79ce, 0xe739, 0x8631, 0x8a52, 0x494a, 0x8631, 0x18c6, 0xb294, 
  0xe739, 0xdbde, 0xdbde, 0xae73, 0xe739, 0x18c6, 0xdbde, 0xdbde, 0xdbde, 0xdbde, 0xdbde, 0xdbde, 
  0xdbde, 0xdbde, 0xdbde, 0xdbde, 0xdbde, 0xdbde, 0xdbde, 0xdbde, 0xdbde, 0xdbde, 0xdbde, 0xdbde, 
  0xdbde, 0xdbde, 0xdbde, 0xdbde, 0xdbde, 0xdbde, 0xdbde, 0xdbde, 0xdbde, 0xdbde, 0xdbde, 0xdbde, 
  0xdbde, 0xdbde, 0xdbde, 0xdbde, 0xdbde, 0xdbde, 0xdbde, 0xdbde, 0xdbde, 0xdbde, 0xdbde, 0xdbde, 
  0xdbde, 0xdbde, 0xdbde, 0xdbde, 0xdbde, 0xdbde, 0xdbde, 0xdbde, 0xdbde, 0xdbde, 0xdbde, 0xdbde, 
  0xdbde, 0xdbde, 0xdbde, 0xdbde, 0xdbde, 0xdbde, 0xdbde, 0xdbde, 0xdbde, 0xdbde, 0xdbde, 0xdbde, 
  0xdbde, 0xdbde, 0xdbde, 0xdbde, 0xdbde, 0xdbde, 0xdbde, 0xdbde, 0xdbde, 0xdbde, 0xdbde, 0xdbde, 
  0xdbde, 0xdbde, 0xdbde, 0xdbde, 0xdbde, 0xdbde, 0xdbde, 0xdbde, 0xdbde, 0xdbde, 0xdbde, 0xdbde, 
  0xdbde, 0xdbde, 0xdbde, 0xdbde, 0xdbde, 0xdbde, 0xdbde, 0xdbde, 0xdbde, 0xdbde, 0xdbde, 0xdbde, 
  0xdbde, 0xdbde, 0xdbde, 0xdbde, 0xdbde, 0xdbde, 0xdbde, 0xdbde, 0xdbde, 0xdbde, 0xdbde, 0xdbde, 
  0xdbde, 0xdbde, 0xdbde, 0xdbde, 0xdbde, 0xdbde, 0xdbde, 0xdbde, 0xdbde, 0xdbde, 0xdbde, 0xdbde, 
  0xdbde, 0xdbde, 0xdbde, 0xdbde, 0xdbde, 0xdbde, 0xdbde, 0xdbde, 0xdbde, 0xdbde, 0xdbde, 0xdbde, 
  0xdbde, 0x5d7b, 0x5d7b, 0x5d7b, 0x5d7b, 0x8c4a, 0x8c4a, 0x8c4a, 0x8c4a, 0x8c4a, 0x8c4a, 0x6a62, 
  0x6a62, 0x8c4a, 0x8c4a, 0x8c4a, 0x8c4a, 0x8c4a, 0x8c4a, 0x5d7b, 0x5d7b, 0x5d7b, 0x5d7b, 0xdbde, 
  0xdbde, 0xdbde, 0xdbde, 0xdbde, 0xdbde, 0xdbde, 0xdbde, 0xdbde, 0xdbde, 0xdbde, 0xdbde, 0xdbde, 
  0xdbde, 0xdbde, 0xdbde, 0xdbde, 0xdbde, 0xdbde, 0xdbde, 0xdbde, 0xdbde, 0xdbde, 0xdbde, 0xdbde, 
  0xdbde, 0xdbde, 0xdbde, 0xdbde, 0xdbde, 0xdbde, 0xdbde, 0xdbde, 0xdbde, 0xdbde, 0xdbde, 0xdbde, 
  0xdbde, 0xdbde, 0xdbde, 0xdbde, 0xdbde, 0xdbde, 0xdbde, 0xdbde, 0xdbde, 0xdbde, 0xdbde, 0xdbde, 
  0xdbde, 0xdbde, 0xdbde, 0xdbde, 0xdbde, 0xdbde, 0xdbde, 0xdbde, 0xdbde, 0xdbde, 0xdbde, 0xdbde, 
  0xdbde, 0xdbde, 0xdbde, 0xdbde, 0xdbde, 0xdbde, 0xdbde, 0xdbde, 0xdbde, 0xdbde, 0xdbde, 0xdbde, 
  0xdbde, 0xdbde, 0xdbde, 0xdbde, 0xdbde, 0xdbde, 0xdbde, 0xdbde, 0xdbde, 0xdbde, 0xdbde, 0xdbde, 
  0xdbde, 0xdbde, 0xdbde, 0xdbde, 0xdbde, 0xdbde, 0xdbde, 0xdbde, 0xdbde, 0xdbde, 0x5d7b, 0x5d7b, 
  0x5d7b, 0x5d7b, 0x8c4a, 0x8c4a, 0x8c4a, 0x8c4a, 0x8c4a, 0x8c4a, 0x8c4a, 0x8c4a, 0x8c4a, 0x8c4a, 
  0x5d7b, 0x5d7b, 0x5d7b, 0x5d7b, 0xdbde, 0xdbde, 0xdbde, 0xdbde, 0xdbde, 0xdbde, 0xdbde, 0x75ad, 
  0xdbde, 0xdbde, 0xdbde, 0xdbde, 0xdbde, 0xdbde, 0xdbde, 0xdbde, 0x75ad, 0x75ad, 0x79ce, 0xdbde, 
  0xdbde, 0xdbde, 0xdbde, 0xdbde, 0x14a5, 0xdbde, 0xdbde, 0xdbde, 0x18c6, 0xb6b5, 0xdbde, 0xdbde, 
  0xdbde, 0x18c6, 0x14a5, 0xb294, 0xb294, 0xb6b5, 0xdbde, 0x79ce, 0xb6b5, 0xdbde, 0xdbde, 0xdbde, 
  0xb294, 0xb6b5, 0xdbde, 0xdbde, 0xdbde, 0xdbde, 0xdbde, 0xdbde, 0xdbde, 0xdbde, 0xdbde, 0xdbde, 
  0xdbde, 0xdbde, 0xdbde, 0xdbde, 0xdbde, 0xdbde, 0xdbde, 0xdbde, 0xdbde, 0xdbde, 0xdbde, 0xdbde, 
  0xdbde, 0xdbde, 0xdbde, 0xdbde, 0xdbde, 0xdbde, 0xdbde, 0xdbde, 0xdbde, 0xdbde, 0xdbde, 0xdbde, 
  0xdbde, 0xdbde, 0xdbde, 0xdbde, 0xdbde, 0xdbde, 0xdbde, 0xdbde, 0xdbde, 0xdbde, 0xdbde, 0xdbde, 
  0xdbde, 0xdbde, 0xdbde, 0xdbde, 0xdbde, 0xdbde, 0xdbde, 0xdbde, 0xdbde, 0xdbde, 0xdbde, 0xdbde, 
  0xdbde, 0xdbde, 0xdbde, 0xdbde, 0xdbde, 0xdbde, 0xdbde, 0xdbde, 0xdbde, 0xdbde, 0xdbde, 0xdbde, 
  0xdbde, 0xdbde, 0xdbde, 0xdbde, 0xdbde, 0xdbde, 0xdbde, 0xdbde, 0xdbde, 0xdbde, 0xdbde, 0xdbde, 
  0xdbde, 0xdbde, 0xdbde, 0xdbde, 0xdbde, 0xdbde, 0xdbde, 0xdbde, 0xdbde, 0xdbde, 0xdbde, 0xdbde, 
  0xdbde, 0xdbde, 0xdbde, 0xdbde, 0xdbde, 0xdbde, 0xdbde, 0xdbde, 0xdbde, 0xdbde, 0xdbde, 0xdbde, 
  0xdbde, 0xdbde, 0xdbde, 0xdbde, 0xdbde, 0xdbde, 0xdbde, 0xdbde, 0xdbde, 0xdbde, 0xdbde, 0xdbde, 
  0xdbde, 0xdbde, 0xdbde, 0xdbde, 0xdbde, 0xdbde, 0xdbde, 0xdbde, 0xdbde, 0xdbde, 0xdbde, 0xdbde, 
  0xdbde, 0xdbde, 0xdbde, 0xdbde, 0xdbde, 0xdbde, 0xdbde, 0xdbde, 0xdbde, 0x5d7b, 0x5d7b, 0x5d7b, 
  0x5d7b, 0x8c4a, 0x8c4a, 0x8c4a, 0x8c4a, 0x8c4a, 0x8c4a, 0x6a62, 0x6a62, 0x8c4a, 0x8c4a, 0x8c4a, 
  0x8c4a, 0x8c4a, 0x8c4a, 0x5d7b, 0x5d7b, 0x5d7b, 0x5d7b, 0xdbde, 0xdbde, 0xdbde, 0xdbde, 0xdbde, 
  0xdbde, 0xdbde, 0xdbde, 0xdbde, 0xdbde, 0xdbde, 0xdbde, 0xdbde, 0xdbde, 0xdbde, 0xdbde, 0xdbde, 
  0xdbde, 0xdbde, 0xdbde, 0xdbde, 0xdbde, 0xdbde, 0xdbde, 0xdbde, 0xdbde, 0xdbde, 0xdbde, 0xdbde, 
  0xdbde, 0xdbde, 0xdbde, 0xdbde, 0xdbde, 0xdbde, 0xdbde, 0xdbde, 0xdbde, 0xdbde, 0xdbde, 0xdbde, 
  0xdbde, 0xdbde, 0xdbde, 0xdbde, 0xdbde, 0xdbde, 0xdbde, 0xdbde, 0xdbde, 0xdbde, 0xdbde, 0xdbde, 
  0xdbde, 0xdbde, 0xdbde, 0xdbde, 0xdbde, 0xdbde, 0xdbde, 0xdbde, 0xdbde, 0xdbde, 0xdbde, 0xdbde, 
  0xdbde, 0xdbde, 0xdbde, 0xdbde, 0xdbde, 0xdbde, 0xdbde, 0xdbde, 0xdbde, 0xdbde, 0xdbde, 0xdbde, 
  0xdbde, 0xdbde, 0xdbde, 0xdbde, 0xdbde, 0xdbde, 0xdbde, 0xdbde, 0xdbde, 0xdbde, 0xdbde, 0xdbde, 
  0xdbde, 0xdbde, 0xdbde, 0xdbde, 0xdbde, 0xdbde, 0x5d7b, 0x5d7b, 0x5d7b, 0x5d7b, 0x8c4a, 0x8c4a, 
  0x8c4a, 0x8c4a, 0x8c4a, 0x8c4a, 0x8c4a, 0x8c4a, 0x8c4a, 0x8c4a, 0x5d7b, 0x5d7b, 0x5d7b, 0x5d7b, 
  0xdbde, 0xdbde, 0xdbde, 0xdbde, 0xdbde, 0xdbde, 0xdbde, 0xdbde, 0xdbde, 0xdbde, 0xdbde, 0xdbde, 
  0xdbde, 0xdbde, 0xdbde, 0xdbde, 0xdbde, 0xdbde, 0xdbde, 0xdbde, 0xdbde, 0xdbde, 0xdbde, 0xdbde, 
  0xdbde, 0xdbde, 0xdbde, 0xdbde, 0xdbde, 0xdbde, 0xdbde, 0xdbde, 0xdbde, 0xdbde, 0xdbde, 0xdbde, 
  0xdbde, 0xdbde, 0xdbde, 0xdbde, 0xdbde, 0xdbde, 0xdbde, 0xdbde, 0xdbde, 0xdbde, 0xdbde, 0xdbde, 
  0xdbde, 0xdbde, 0xdbde, 0xdbde, 0xdbde, 0xdbde, 0xdbde, 0xdbde, 0xdbde, 0xdbde, 0xdbde, 0xdbde, 
  0xdbde, 0xdbde, 0xdbde, 0xdbde, 0xdbde, 0xdbde, 0xdbde, 0xdbde, 0xdbde, 0xdbde, 0xdbde, 0xdbde, 
  0xdbde, 0xdbde, 0xdbde, 0xdbde, 0xdbde, 0xdbde, 0xdbde, 0xdbde, 0xdbde, 0xdbde, 0xdbde, 0xdbde, 
  0xdbde, 0xdbde, 0xdbde, 0xdbde, 0xdbde, 0xdbde, 0xdbde, 0xdbde, 0xdbde, 0xdbde, 0xdbde, 0xdbde, 
  0xdbde, 0xdbde, 0xdbde, 0xdbde, 0xdbde, 0xdbde, 0xdbde, 0xdbde, 0xdbde, 0xdbde, 0xdbde, 0xdbde, 
  0xdbde, 0xdbde, 0xdbde, 0xdbde, 0xdbde, 0xdbde, 0xdbde, 0xdbde, 0xdbde, 0xdbde, 0xdbde, 0xdbde, 
  0xdbde, 0xdbde, 0xdbde, 0xdbde, 0xdbde, 0xdbde, 0xdbde, 0xdbde, 0xdbde, 0xdbde, 0xdbde, 0xdbde, 
  0xdbde, 0xdbde, 0xdbde, 0xdbde, 0xdbde, 0xdbde, 0xdbde, 0xdbde, 0xdbde, 0xdbde, 0xdbde, 0xdbde, 
  0xdbde, 0xdbde, 0xdbde, 0xdbde, 0xdbde, 0xdbde, 0xdbde, 0xdbde, 0xdbde, 0xdbde, 0xdbde, 0xdbde, 
  0xdbde, 0xdbde, 0xdbde, 0xdbde, 0xdbde, 0xdbde, 0xdbde, 0xdbde, 0xdbde, 0xdbde, 0xdbde, 0xdbde, 
  0xdbde, 0xdbde, 0xdbde, 0xdbde, 0xdbde, 0xdbde, 0xdbde, 0xdbde, 0xdbde, 0xdbde, 0xdbde, 0xdbde, 
  0xdbde, 0xdbde, 0xdbde, 0xdbde, 0xdbde, 0x5d7b, 0x5d7b, 0x5d7b, 0x5d7b, 0x8c4a, 0x8c4a, 0x8c4a, 
  0x8c4a, 0x8c4a, 0x8c4a, 0x6a62, 0x6a62, 0x8c4a, 0x8c4a, 0x8c4a, 0x8c4a, 0x8c4a, 0x8c4a, 0x5d7b, 
  0x5d7b, 0x5d7b, 0x5d7b, 0xdbde, 0xdbde, 0xdbde, 0xdbde, 0xdbde, 0xdbde, 0xdbde, 0xdbde, 0xdbde, 
  0xdbde, 0xdbde, 0xdbde, 0xdbde, 0xdbde, 0xdbde, 0xdbde, 0xdbde, 0xdbde, 0xdbde, 0xdbde, 0xdbde, 
  0xdbde, 0xdbde, 0xdbde, 0xdbde, 0xdbde, 0xdbde, 0xdbde, 0xdbde, 0xdbde, 0xdbde, 0xdbde, 0xdbde, 
  0xdbde, 0xdbde, 0xdbde, 0xdbde, 0xdbde, 0xdbde, 0xdbde, 0xdbde, 0xdbde, 0xdbde, 0xdbde, 0xdbde, 
  0xdbde, 0xdbde, 0xdbde, 0xdbde, 0xdbde, 0xdbde, 0xdbde, 0xdbde, 0xdbde, 0xdbde, 0xdbde, 0xdbde, 
  0xdbde, 0xdbde, 0xdbde, 0xdbde, 0xdbde, 0xdbde, 0xdbde, 0xdbde, 0xdbde, 0xdbde, 0xdbde, 0xdbde, 
  0xdbde, 0xdbde, 0xdbde, 0xdbde, 0xdbde, 0xdbde, 0xdbde, 0xdbde, 0xdbde, 0xdbde, 0xdbde, 0xdbde, 
  0xdbde, 0xdbde, 0xdbde, 0xdbde, 0xdbde, 0xdbde, 0xdbde, 0xdbde, 0xdbde, 0xdbde, 0xdbde, 0xdbde, 
  0xdbde, 0xdbde, 0x5d7b, 0x5d7b, 0x5d7b, 0x5d7b, 0x8c4a, 0x8c4a, 0x8c4a, 0x8c4a, 0x8c4a, 0x8c4a, 
  0x8c4a, 0x8c4a, 0x8c4a, 0x8c4a, 0x5d7b, 0x5d7b, 0x5d7b, 0x5d7b, 0xdbde, 0xdbde, 0xdbde, 0xdbde, 
  0xdbde, 0xdbde, 0xdbde, 0xdbde, 0xdbde, 0xdbde, 0xdbde, 0xdbde, 0xdbde, 0xdbde, 0xdbde, 0xdbde, 
  0xdbde, 0xdbde, 0xdbde, 0xdbde, 0xdbde, 0xdbde, 0xdbde, 0xdbde, 0xdbde, 0xdbde, 0xdbde, 0xdbde, 
  0xdbde, 0xdbde, 0xdbde, 0xdbde, 0xdbde, 0xdbde, 0xdbde, 0xdbde, 0xdbde, 0xdbde, 0xdbde, 0xdbde, 
  0xdbde, 0xdbde, 0xdbde, 0xdbde, 0xdbde, 0xdbde, 0xdbde, 0xdbde, 0xdbde, 0xdbde, 0xdbde, 0xdbde, 
  0xdbde, 0xdbde, 0xdbde, 0xdbde, 0xdbde, 0xdbde, 0xdbde, 0xdbde, 0xdbde, 0xdbde, 0xdbde, 0xdbde, 
  0xdbde, 0xdbde, 0xdbde, 0xdbde, 0xdbde, 0xdbde, 0xdbde, 0xdbde, 0xdbde, 0xdbde, 0xdbde, 0xdbde, 
  0xdbde, 0xdbde, 0xdbde, 0xdbde, 0xdbde, 0xdbde, 0xdbde, 0xdbde, 0xdbde, 0xdbde, 0xdbde, 0xdbde, 
  0xdbde, 0xdbde, 0xdbde, 0xdbde, 0xdbde, 0xdbde, 0xdbde, 0xdbde, 0xdbde, 0xdbde, 0xdbde, 0xdbde, 
  0xdbde, 0xdbde, 0xdbde, 0xdbde, 0xdbde, 0xdbde, 0xdbde, 0xdbde, 0xdbde, 0xdbde, 0xdbde, 0xdbde, 
  0xdbde, 0xdbde, 0xdbde, 0xdbde, 0xdbde, 0xdbde, 0xdbde, 0xdbde, 0xdbde, 0xdbde, 0xdbde, 0xdbde, 
  0xdbde, 0xdbde, 0xdbde, 0xdbde, 0xdbde, 0xdbde, 0xdbde, 0xdbde, 0xdbde, 0xdbde, 0xdbde, 0xdbde, 
  0xdbde, 0xdbde, 0xdbde, 0xdbde, 0xdbde, 0xdbde, 0xdbde, 0xdbde, 0xdbde, 0xdbde, 0xdbde, 0xdbde, 
  0xdbde, 0xdbde, 0xdbde, 0xdbde, 0xdbde, 0xdbde, 0xdbde, 0xdbde, 0xdbde, 0xdbde, 0xdbde, 0xdbde, 
  0xdbde, 0xdbde, 0xdbde, 0xdbde, 0xdbde, 0xdbde, 0xdbde, 0xdbde, 0xdbde, 0xdbde, 0xdbde, 0xdbde, 
  0xdbde, 0xdbde, 0xdbde, 0xdbde, 0xdbde, 0xdbde, 0xdbde, 0xdbde, 0xdbde, 0xdbde, 0xdbde, 0xdbde, 
  0xdbde, 0x5d7b, 0x5d7b, 0x5d7b, 0x5d7b, 0x8c4a, 0x8c4a, 0x8c4a, 0x8c4a, 0x8c4a, 0x8c4a, 0x6a62, 
  0x6a62, 0x8c4a, 0x8c4a, 0x8c4a, 0x8c4a, 0x8c4a, 0x8c4a, 0x5d7b, 0x5d7b, 0x5d7b, 0x5d7b, 0xdbde, 
  0xdbde, 0xdbde, 0xdbde, 0xdbde, 0xdbde, 0xdbde, 0xdbde, 0xdbde, 0xdbde, 0xdbde, 0xdbde, 0xdbde, 
  0xdbde, 0xdbde, 0xdbde, 0xdbde, 0xdbde, 0xdbde, 0xdbde, 0xdbde, 0xdbde, 0xdbde, 0xdbde, 0xdbde, 
  0xdbde, 0xdbde, 0xdbde, 0xdbde, 0xdbde, 0xdbde, 0xdbde, 0xdbde, 0xdbde, 0xdbde, 0xdbde, 0xdbde, 
  0xdbde, 0xdbde, 0xdbde, 0xdbde, 0xdbde, 0xdbde, 0xdbde, 0xdbde, 0xdbde, 0xdbde, 0xdbde, 0xdbde, 
  0xdbde, 0xdbde, 0xdbde, 0xdbde, 0xdbde, 0xdbde, 0xdbde, 0xdbde, 0xdbde, 0xdbde, 0xdbde, 0xdbde, 
  0xdbde, 0xdbde, 0xdbde, 0xdbde, 0xdbde, 0xdbde, 0xdbde, 0xdbde, 0xdbde, 0xdbde, 0xdbde, 0xdbde, 
  0xdbde, 0xdbde, 0xdbde, 0xdbde, 0xdbde, 0xdbde, 0xdbde, 0xdbde, 0xdbde, 0xdbde, 0xdbde, 0xdbde, 
  0xdbde, 0xdbde, 0xdbde, 0xdbde, 0xdbde, 0xdbde, 0xdbde, 0xdbde, 0xdbde, 0xdbde, 0x5d7b, 0x5d7b, 
  0x5d7b, 0x5d7b, 0x8c4a, 0x8c4a, 0x8c4a, 0x8c4a, 0x8c4a, 0x8c4a, 0x8c4a, 0x8c4a, 0x8c4a, 0x8c4a, 
  0x5d7b, 0x5d7b, 0x5d7b, 0x5d7b, 0xdbde, 0xdbde, 0xdbde, 0xdbde, 0xdbde, 0xdbde, 0xdbde, 0xdbde, 
  0xdbde, 0xdbde, 0xdbde, 0xdbde, 0xdbde, 0xdbde, 0xdbde, 0xdbde, 0xdbde, 0xdbde, 0xdbde, 0xdbde, 
  0xdbde, 0xdbde, 0xdbde, 0xdbde, 0xdbde, 0xdbde, 0xdbde, 0xdbde, 0xdbde, 0xdbde, 0xdbde, 0xdbde, 
  0xdbde, 0xdbde, 0xdbde, 0xdbde, 0xdbde, 0xdbde, 0xdbde, 0xdbde, 0xdbde, 0xdbde, 0xdbde, 0xdbde, 
  0xdbde, 0xdbde, 0xdbde, 0xdbde, 0xdbde, 0xdbde, 0xdbde, 0xdbde, 0xdbde, 0xdbde, 0xdbde, 0xdbde, 
  0xdbde, 0xdbde, 0xdbde, 0xdbde, 0xdbde, 0xdbde, 0xdbde, 0xdbde, 0xdbde, 0xdbde, 0xdbde, 0xdbde, 
  0xdbde, 0xdbde, 0xdbde, 0xdbde, 0xdbde, 0xdbde, 0xdbde, 0xdbde, 0xdbde, 0xdbde, 0xdbde, 0xdbde, 
  0xdbde, 0xdbde, 0xdbde, 0xdbde, 0xdbde, 0xdbde, 0xdbde, 0xdbde, 0xdbde, 0xdbde, 0xdbde, 0xdbde, 
  0xdbde, 0xdbde, 0xdbde, 0xdbde, 0xdbde, 0xdbde, 0xdbde, 0xdbde, 0xdbde, 0xdbde, 0xdbde, 0xdbde, 
  0xdbde, 0xdbde, 0xdbde, 0xdbde, 0xdbde, 0xdbde, 0xdbde, 0xdbde, 0xdbde, 0xdbde, 0xdbde, 0xdbde, 
  0xdbde, 0xdbde, 0xdbde, 0xdbde, 0xdbde, 0xdbde, 0xdbde, 0xdbde, 0xdbde, 0xdbde, 0xdbde, 0xdbde, 
  0xdbde, 0xdbde, 0xdbde, 0xdbde, 0xdbde, 0xdbde, 0xdbde, 0xdbde, 0xdbde, 0xdbde, 0xdbde, 0xdbde, 
  0xdbde, 0xdbde, 0xdbde, 0xdbde, 0xdbde, 0xdbde, 0xdbde, 0xdbde, 0xdbde, 0xdbde, 0xdbde, 0xdbde, 
  0xdbde, 0xdbde, 0xdbde, 0xdbde, 0xdbde, 0xdbde, 0xdbde, 0xdbde, 0xdbde, 0xdbde, 0xdbde, 0xdbde, 
  0xdbde, 0xdbde, 0xdbde, 0xdbde, 0xdbde, 0xdbde, 0xdbde, 0xdbde, 0xdbde, 0xdbde, 0xdbde, 0xdbde, 
  0xdbde, 0xdbde, 0xdbde, 0xdbde, 0xdbde, 0xdbde, 0xdbde, 0xdbde, 0xdbde, 0x5d7b, 0x5d7b, 0x5d7b, 
  0x5d7b, 0x8c4a, 0x8c4a, 0x8c4a, 0x8c4a, 0x8c4a, 0x8c4a, 0x6a62, 0x6a62, 0x8c4a, 0x8c4a, 0x8c4a, 
  0x8c4a, 0x8c4a, 0x8c4a, 0x5d7b, 0x5d7b, 0x5d7b, 0x5d7b, 0xdbde, 0xdbde, 0xdbde, 0xdbde, 0xdbde, 
  0xdbde, 0xdbde, 0xdbde, 0xdbde, 0xdbde, 0xdbde, 0xdbde, 0xdbde, 0xdbde, 0xdbde, 0xdbde, 0xdbde, 
  0xdbde, 0xdbde, 0xdbde, 0xdbde, 0xdbde, 0xdbde, 0xdbde, 0xdbde, 0xdbde, 0xdbde, 0xdbde, 0xdbde, 
  0xdbde, 0xdbde, 0xdbde, 0xdbde, 0xdbde, 0xdbde, 0xdbde, 0xdbde, 0xdbde, 0xdbde, 0xdbde, 0xdbde, 
  0xdbde, 0xdbde, 0xdbde, 0xdbde, 0xdbde, 0xdbde, 0xdbde, 0xdbde, 0xdbde, 0xdbde, 0xdbde, 0xdbde, 
  0xdbde, 0xdbde, 0xdbde, 0xdbde, 0xdbde, 0xdbde, 0xdbde, 0xdbde, 0xdbde, 0xdbde, 0xdbde, 0xdbde, 
  0xdbde, 0xdbde, 0xdbde, 0xdbde, 0xdbde, 0xdbde, 0xdbde, 0xdbde, 0xdbde, 0xdbde, 0xdbde, 0xdbde, 
  0xdbde, 0xdbde, 0xdbde, 0xdbde, 0xdbde, 0xdbde, 0xdbde, 0xdbde, 0xdbde, 0xdbde, 0xdbde, 0xdbde, 
  0xdbde, 0xdbde, 0xdbde, 0xdbde, 0xdbde, 0xdbde, 0x5d7b, 0x5d7b, 0x5d7b, 0x5d7b, 0x8c4a, 0x8c4a, 
  0x8c4a, 0x8c4a, 0x8c4a, 0x8c4a, 0x8c4a, 0x8c4a, 0x8c4a, 0x8c4a, 0x5d7b, 0x5d7b, 0x5d7b, 0x5d7b, 
  0xdbde, 0xdbde, 0xdbde, 0xdbde, 0xdbde, 0xdbde, 0xdbde, 0xdbde, 0xdbde, 0xdbde, 0xdbde, 0xdbde, 
  0xdbde, 0xdbde, 0xdbde, 0xdbde, 0xdbde, 0xdbde, 0xdbde, 0xdbde, 0xdbde, 0xdbde, 0xdbde, 0xdbde, 
  0xdbde, 0xdbde, 0xdbde, 0xdbde, 0xdbde, 0xdbde, 0xdbde, 0xdbde, 0xdbde, 0xdbde, 0xdbde, 0xdbde, 
  0xdbde, 0xdbde, 0xdbde, 0xdbde, 0xdbde, 0xdbde, 0xdbde, 0xdbde, 0xdbde, 0xdbde, 0xdbde, 0xdbde, 
  0xdbde, 0xdbde, 0xdbde, 0xdbde, 0xdbde, 0xdbde, 0xdbde, 0xdbde, 0xdbde, 0xdbde, 0xdbde, 0xdbde, 
  0xdbde, 0xdbde, 0xdbde, 0xdbde, 0xdbde, 0xdbde, 0xdbde, 0xdbde, 0xdbde, 0xdbde, 0xdbde, 0xdbde, 
  0xdbde, 0xdbde, 0xdbde, 0xdbde, 0xdbde, 0xdbde, 0xdbde, 0xdbde, 0xdbde, 0xdbde, 0xdbde, 0xdbde, 
  0xdbde, 0xdbde, 0xdbde, 0xdbde, 0xdbde, 0xdbde, 0xdbde, 0xdbde, 0xdbde, 0xdbde, 0xdbde, 0xdbde, 
  0xdbde, 0xdbde, 0xdbde, 0xdbde, 0xdbde, 0xdbde, 0xdbde, 0xdbde, 0xdbde, 0xdbde, 0xdbde, 0xdbde, 
  0xdbde, 0xdbde, 0xdbde, 0xdbde, 0xdbde, 0xdbde, 0xdbde, 0xdbde, 0xdbde, 0xdbde, 0xdbde, 0xdbde, 
  0xdbde, 0xdbde, 0xdbde, 0xdbde, 0xdbde, 0xdbde, 0xdbde, 0xdbde, 0xdbde, 0xdbde, 0xdbde, 0xdbde, 
  0xdbde, 0xdbde, 0xdbde, 0xdbde, 0xdbde, 0xdbde, 0xdbde, 0xdbde, 0xdbde, 0xdbde, 0xdbde, 0xdbde, 
  0xdbde, 0xdbde, 0xdbde, 0xdbde, 0xdbde, 0xdbde, 0xdbde, 0xdbde, 0xdbde, 0xdbde, 0xdbde, 0xdbde, 
  0xdbde, 0xdbde, 0xdbde, 0xdbde, 0xdbde, 0xdbde, 0xdbde, 0xdbde, 0xdbde, 0xdbde, 0xdbde, 0xdbde, 
  0xdbde, 0xdbde, 0xdbde, 0xdbde, 0xdbde, 0xdbde, 0xdbde, 0xdbde, 0xdbde, 0xdbde, 0xdbde, 0xdbde, 
  0xdbde, 0xdbde, 0xdbde, 0xdbde, 0xdbde, 0x5d7b, 0x5d7b, 0x5d7b, 0x5d7b, 0x8c4a, 0x8c4a, 0x8c4a, 
  0x8c4a, 0x8c4a, 0x8c4a, 0x6a62, 0x6a62, 0x8c4a, 0x8c4a, 0x8c4a, 0x8c4a, 0x8c4a, 0x8c4a, 0x5d7b, 
  0x5d7b, 0x5d7b, 0x5d7b, 0xdbde, 0xdbde, 0xdbde, 0xdbde, 0xdbde, 0xdbde, 0xdbde, 0xdbde, 0xdbde, 
  0xdbde, 0xdbde, 0xdbde, 0xdbde, 0xdbde, 0xdbde, 0xdbde, 0xdbde, 0xdbde, 0xdbde, 0xdbde, 0xdbde, 
  0xdbde, 0xdbde, 0xdbde, 0xdbde, 0xdbde, 0xdbde, 0xdbde, 0xdbde, 0xdbde, 0xdbde, 0xdbde, 0xdbde, 
  0xdbde, 0xdbde, 0xdbde, 0xdbde, 0xdbde, 0xdbde, 0xdbde, 0xdbde, 0xdbde, 0xdbde, 0xdbde, 0xdbde, 
  0xdbde, 0xdbde, 0xdbde, 0xdbde, 0xdbde, 0xdbde, 0xdbde, 0xdbde, 0xdbde, 0xdbde, 0xdbde, 0xdbde, 
  0xdbde, 0xdbde, 0xdbde, 0xdbde, 0xdbde, 0xdbde, 0xdbde, 0xdbde, 0xdbde, 0xdbde, 0xdbde, 0xdbde, 
  0xdbde, 0xdbde, 0xdbde, 0xdbde, 0xdbde, 0xdbde, 0xdbde, 0xdbde, 0xdbde, 0xdbde, 0xdbde, 0xdbde, 
  0xdbde, 0xdbde, 0xdbde, 0xdbde, 0xdbde, 0xdbde, 0xdbde, 0xdbde, 0xdbde, 0xdbde, 0xdbde, 0xdbde, 
  0xdbde, 0xdbde, 0x5d7b, 0x5d7b, 0x5d7b, 0x5d7b, 0x8c4a, 0x8c4a, 0x8c4a, 0x8c4a, 0x8c4a, 0x8c4a, 
  0x8c4a, 0x8c4a, 0x8c4a, 0x8c4a, 0x5d7b, 0x5d7b, 0x5d7b, 0x5d7b, 0xdbde, 0xdbde, 0xdbde, 0xdbde, 
  0xdbde, 0xdbde, 0xdbde, 0xdbde, 0xdbde, 0xdbde, 0xdbde, 0xdbde, 0xdbde, 0xdbde, 0xdbde, 0xdbde, 
  0xdbde, 0xdbde, 0xdbde, 0xdbde, 0xdbde, 0xdbde, 0xdbde, 0xdbde, 0xdbde, 0xdbde, 0xdbde, 0xdbde, 
  0xdbde, 0xdbde, 0xdbde, 0xdbde, 0xdbde, 0xdbde, 0xdbde, 0xdbde, 0xdbde, 0xdbde, 0xdbde, 0xdbde, 
  0xdbde, 0xdbde, 0xdbde, 0xdbde, 0xdbde, 0xdbde, 0xdbde, 0xdbde, 0xdbde, 0xdbde, 0xdbde, 0xdbde, 
  0xdbde, 0xdbde, 0xdbde, 0xdbde, 0xdbde, 0xdbde, 0xdbde, 0xdbde, 0xdbde, 0xdbde, 0xdbde, 0xdbde, 
  0xdbde, 0xdbde, 0xdbde, 0xdbde, 0xdbde, 0xdbde, 0xdbde, 0xdbde, 0xdbde, 0xdbde, 0xdbde, 0xdbde, 
  0xdbde, 0xdbde, 0xdbde, 0xdbde, 0xdbde, 0xdbde, 0xdbde, 0xdbde, 0xdbde, 0xdbde, 0xdbde, 0xdbde, 
  0xdbde, 0xdbde, 0xdbde, 0xdbde, 0xdbde, 0xdbde, 0xdbde, 0xdbde, 0xdbde, 0xdbde, 0xdbde, 0xdbde, 
  0xdbde, 0xdbde, 0xdbde, 0xdbde, 0xdbde, 0xdbde, 0xdbde, 0xdbde, 0xdbde, 0xdbde, 0xdbde, 0xdbde, 
  0xdbde, 0xdbde, 0xdbde, 0xdbde, 0xdbde, 0xdbde, 0xdbde, 0xdbde, 0xdbde, 0xdbde, 0xdbde, 0xdbde, 
  0xdbde, 0xdbde, 0xdbde, 0xdbde, 0xdbde, 0xdbde, 0xdbde, 0xdbde, 0xdbde, 0xdbde, 0xdbde, 0xdbde, 
  0xdbde, 0xdbde, 0xdbde, 0xdbde, 0xdbde, 0xdbde, 0xdbde, 0xdbde, 0xdbde, 0xdbde, 0xdbde, 0xdbde, 
  0xdbde, 0xdbde, 0xdbde, 0xdbde, 0xdbde, 0xdbde, 0xdbde, 0xdbde, 0xdbde, 0xdbde, 0xdbde, 0xdbde, 
  0xdbde, 0xdbde, 0xdbde, 0xdbde, 0xdbde, 0xdbde, 0xdbde, 0xdbde, 0xdbde, 0xdbde, 0xdbde, 0xdbde, 
  0xdbde, 0xdbde, 0xdbde, 0xdbde, 0xdbde, 0xdbde, 0xdbde, 0xdbde, 0xdbde, 0xdbde, 0xdbde, 0xdbde, 
  0xdbde, 0x5d7b, 0x5d7b, 0x5d7b, 0x5d7b, 0x8c4a, 0x8c4a, 0x8c4a, 0x8c4a, 0x8c4a, 0x8c4a, 0x6a62, 
  0x6a62, 0x8c4a, 0x8c4a, 0x8c4a, 0x8c4a, 0x8c4a, 0x8c4a, 0x5d7b, 0x5d7b, 0x5d7b, 0x5d7b, 0xdbde, 
  0xdbde, 0xdbde, 0xdbde, 0xdbde, 0xdbde, 0xdbde, 0xdbde, 0xdbde, 0xdbde, 0xdbde, 0xdbde, 0xdbde, 
  0xdbde, 0xdbde, 0xdbde, 0xdbde, 0xdbde, 0xdbde, 0xdbde, 0xdbde, 0xdbde, 0xdbde, 0xdbde, 0xdbde, 
  0xdbde, 0xdbde, 0xdbde, 0xdbde, 0xdbde, 0xdbde, 0xdbde, 0xdbde, 0xdbde, 0xdbde, 0xdbde, 0xdbde, 
  0xdbde, 0xdbde, 0xdbde, 0xdbde, 0xdbde, 0xdbde, 0xdbde, 0xdbde, 0xdbde, 0xdbde, 0xdbde, 0xdbde, 
  0xdbde, 0xdbde, 0xdbde, 0xdbde, 0xdbde, 0xdbde, 0xdbde, 0xdbde, 0xdbde, 0xdbde, 0xdbde, 0xdbde, 
  0xdbde, 0xdbde, 0xdbde, 0xdbde, 0xdbde, 0xdbde, 0xdbde, 0xdbde, 0xdbde, 0xdbde, 0xdbde, 0xdbde, 
  0xdbde, 0xdbde, 0xdbde, 0xdbde, 0xdbde, 0xdbde, 0xdbde, 0xdbde, 0xdbde, 0xdbde, 0xdbde, 0xdbde, 
  0xdbde, 0xdbde, 0xdbde, 0xdbde, 0xdbde, 0xdbde, 0xdbde, 0xdbde, 0xdbde, 0xdbde, 0x5d7b, 0x5d7b, 
  0x5d7b, 0x5d7b, 0x8c4a, 0x8c4a, 0x8c4a, 0x8c4a, 0x8c4a, 0x8c4a, 0x8c4a, 0x8c4a, 0x8c4a, 0x8c4a, 
  0x5d7b, 0x5d7b, 0x5d7b, 0x5d7b, 0xdbde, 0xdbde, 0xdbde, 0xdbde, 0xdbde, 0xdbde, 0xdbde, 0xdbde, 
  0xdbde, 0xdbde, 0xdbde, 0xdbde, 0xdbde, 0xdbde, 0xdbde, 0xdbde, 0xdbde, 0xdbde, 0xdbde, 0xdbde, 
  0xdbde, 0xdbde, 0xdbde, 0xdbde, 0xdbde, 0xdbde, 0xdbde, 0xdbde, 0xdbde, 0xdbde, 0xdbde, 0xdbde, 
  0xdbde, 0xdbde, 0xdbde, 0xdbde, 0xdbde, 0xdbde, 0xdbde, 0xdbde, 0xdbde, 0xdbde, 0xdbde, 0xdbde, 
  0xdbde, 0xdbde, 0xdbde, 0xdbde, 0xdbde, 0xdbde, 0xdbde, 0xdbde, 0xdbde, 0xdbde, 0xdbde, 0xdbde, 
  0xdbde, 0xdbde, 0xdbde, 0xdbde, 0xdbde, 0xdbde, 0xdbde, 0xdbde, 0xdbde, 0xdbde, 0xdbde, 0xdbde, 
  0xdbde, 0xdbde, 0xdbde, 0xdbde, 0xdbde, 0xdbde, 0xdbde, 0xdbde, 0xdbde, 0xdbde, 0xdbde, 0xdbde, 
  0xdbde, 0xdbde, 0xdbde, 0xdbde, 0xdbde, 0xdbde, 0xdbde, 0xdbde, 0xdbde, 0xdbde, 0xdbde, 0xdbde, 
  0xdbde, 0xdbde, 0xdbde, 0xdbde, 0xdbde, 0xdbde, 0xdbde, 0xdbde, 0xdbde, 0xdbde, 0xdbde, 0xdbde, 
  0xdbde, 0xdbde, 0xdbde, 0xdbde, 0xdbde, 0xdbde, 0xdbde, 0xdbde, 0xdbde, 0xdbde, 0xdbde, 0xdbde, 
  0xdbde, 0xdbde, 0xdbde, 0xdbde, 0xdbde, 0xdbde, 0xdbde, 0xdbde, 0xdbde, 0xdbde, 0xdbde, 0xdbde, 
  0xdbde, 0xdbde, 0xdbde, 0xdbde, 0xdbde, 0xdbde, 0xdbde, 0xdbde, 0xdbde, 0xdbde, 0xdbde, 0xdbde, 
  0xdbde, 0xdbde, 0xdbde, 0xdbde, 0xdbde, 0xdbde, 0xdbde, 0xdbde, 0xdbde, 0xdbde, 0xdbde, 0xdbde, 
  0xdbde, 0xdbde, 0xdbde, 0xdbde, 0xdbde, 0xdbde, 0xdbde, 0xdbde, 0xdbde, 0xdbde, 0xdbde, 0xdbde, 
  0xdbde, 0xdbde, 0xdbde, 0xdbde, 0xdbde, 0xdbde, 0xdbde, 0xdbde, 0xdbde, 0xdbde, 0xdbde, 0xdbde, 
  0xdbde, 0xdbde, 0xdbde, 0xdbde, 0xdbde, 0xdbde, 0xdbde, 0xdbde, 0xdbde, 0x5d7b, 0x5d7b, 0x5d7b, 
  0x5d7b, 0x8c4a, 0x8c4a, 0x8c4a, 0x8c4a, 0x8c4a, 0x8c4a, 0x6a62, 0x6a62, 0x8c4a, 0x8c4a, 0x8c4a, 
  0x8c4a, 0x8c4a, 0x8c4a, 0x5d7b, 0x5d7b, 0x5d7b, 0x5d7b, 0xdbde, 0xdbde, 0xdbde, 0xdbde, 0xdbde, 
  0xdbde, 0xdbde, 0xdbde, 0xdbde, 0xdbde, 0xdbde, 0xdbde, 0xdbde, 0xdbde, 0xdbde, 0xdbde, 0xdbde, 
  0xdbde, 0xdbde, 0xdbde, 0xdbde, 0xdbde, 0xdbde, 0xdbde, 0xdbde, 0xdbde, 0xdbde, 0xdbde, 0xdbde, 
  0xdbde, 0xdbde, 0xdbde, 0xdbde, 0xdbde, 0xdbde, 0xdbde, 0xdbde, 0xdbde, 0xdbde, 0xdbde, 0xdbde, 
  0xdbde, 0xdbde, 0xdbde, 0xdbde, 0xdbde, 0xdbde, 0xdbde, 0xdbde, 0xdbde, 0xdbde, 0xdbde, 0xdbde, 
  0xdbde, 0xdbde, 0xdbde, 0xdbde, 0xdbde, 0xdbde, 0xdbde, 0xdbde, 0xdbde, 0xdbde, 0xdbde, 0xdbde, 
  0xdbde, 0xdbde, 0xdbde, 0xdbde, 0xdbde, 0xdbde, 0xdbde, 0xdbde, 0xdbde, 0xdbde, 0xdbde, 0xdbde, 
  0xdbde, 0xdbde, 0xdbde, 0xdbde, 0xdbde, 0xdbde, 0xdbde, 0xdbde, 0xdbde, 0xdbde, 0xdbde, 0xdbde, 
  0xdbde, 0xdbde, 0xdbde, 0xdbde, 0xdbde, 0xdbde, 0x5d7b, 0x5d7b, 0x5d7b, 0x5d7b, 0x8c4a, 0x8c4a, 
  0x8c4a, 0x8c4a, 0x8c4a, 0x8c4a, 0x8c4a, 0x8c4a, 0x8c4a, 0x8c4a, 0x5d7b, 0x5d7b, 0x5d7b, 0x5d7b, 
  0xdbde, 0xdbde, 0xdbde, 0xdbde, 0xdbde, 0xdbde, 0xdbde, 0xdbde, 0xdbde, 0xdbde, 0xdbde, 0xdbde, 
  0xdbde, 0xdbde, 0xdbde, 0xdbde, 0xdbde, 0xdbde, 0xdbde, 0xdbde, 0xdbde, 0xdbde, 0xdbde, 0xdbde, 
  0xdbde, 0xdbde, 0xdbde, 0xdbde, 0xdbde, 0xdbde, 0xdbde, 0xdbde, 0xdbde, 0xdbde, 0xdbde, 0xdbde, 
  0xdbde, 0xdbde, 0xdbde, 0xdbde, 0xdbde, 0xdbde, 0xdbde, 0xdbde, 0xdbde, 0xdbde, 0xdbde, 0xdbde, 
  0xdbde, 0xdbde, 0xdbde, 0xdbde, 0xdbde, 0xdbde, 0xdbde, 0xdbde, 0xdbde, 0xdbde, 0xdbde, 0xdbde, 
  0xdbde, 0xdbde, 0xdbde, 0xdbde, 0xdbde, 0xdbde, 0xdbde, 0xdbde, 0xdbde, 0xdbde, 0xdbde, 0xdbde, 
  0xdbde, 0xdbde, 0xdbde, 0xdbde, 0xdbde, 0xdbde, 0xdbde, 0xdbde, 0xdbde, 0xdbde, 0xdbde, 0xdbde, 
  0xdbde, 0xdbde, 0xdbde, 0xdbde, 0xdbde, 0xdbde, 0xdbde, 0xdbde, 0xdbde, 0xdbde, 0xdbde, 0xdbde, 
  0xdbde, 0xdbde, 0xdbde, 0xdbde, 0xdbde, 0xdbde, 0xdbde, 0xdbde, 0xdbde, 0xdbde, 0xdbde, 0xdbde, 
  0xdbde, 0xdbde, 0xdbde, 0xdbde, 0xdbde, 0xdbde, 0xdbde, 0xdbde, 0xdbde, 0xdbde, 0xdbde, 0xdbde, 
  0xdbde, 0xdbde, 0xdbde, 0xdbde, 0xdbde, 0xdbde, 0xdbde, 0xdbde, 0xdbde, 0xdbde, 0xdbde, 0xdbde, 
  0xdbde, 0xdbde, 0xdbde, 0xdbde, 0xdbde, 0xdbde, 0xdbde, 0xdbde, 0xdbde, 0xdbde, 0xdbde, 0xdbde, 
  0xdbde, 0xdbde, 0xdbde, 0xdbde, 0xdbde, 0xdbde, 0xdbde, 0xdbde, 0xdbde, 0xdbde, 0xdbde, 0xdbde, 
  0xdbde, 0xdbde, 0xdbde, 0xdbde, 0xdbde, 0xdbde, 0xdbde, 0xdbde, 0xdbde, 0xdbde, 0xdbde, 0xdbde, 
  0xdbde, 0xdbde, 0xdbde, 0xdbde, 0xdbde, 0xdbde, 0xdbde, 0xdbde, 0xdbde, 0xdbde, 0xdbde, 0xdbde, 
  0xdbde, 0xdbde, 0xdbde, 0xdbde, 0xdbde, 0x5d7b, 0x5d7b, 0x5d7b, 0x5d7b, 0x8c4a, 0x8c4a, 0x8c4a, 
  0x8c4a, 0x8c4a, 0x8c4a, 0x6a62, 0x6a62, 0x8c4a, 0x8c4a, 0x8c4a, 0x8c4a, 0x8c4a, 0x8c4a, 0x5d7b, 
  0x5d7b, 0x5d7b, 0x5d7b, 0xdbde, 0xdbde, 0xdbde, 0xdbde, 0xdbde, 0xdbde, 0xdbde, 0xdbde, 0xdbde, 
  0xdbde, 0xdbde, 0xdbde, 0xdbde, 0xdbde, 0xdbde, 0xdbde, 0xdbde, 0xdbde, 0xdbde, 0xdbde, 0xdbde, 
  0xdbde, 0xdbde, 0xdbde, 0xdbde, 0xdbde, 0xdbde, 0xdbde, 0xdbde, 0xdbde, 0xdbde, 0xdbde, 0xdbde, 
  0xdbde, 0xdbde, 0xdbde, 0xdbde, 0xdbde, 0xdbde, 0xdbde, 0xdbde, 0xdbde, 0xdbde, 0xdbde, 0xdbde, 
  0xdbde, 0xdbde, 0xdbde, 0xdbde, 0xdbde, 0xdbde, 0xdbde, 0xdbde, 0xdbde, 0xdbde, 0xdbde, 0xdbde, 
  0xdbde, 0xdbde, 0xdbde, 0xdbde, 0xdbde, 0xdbde, 0xdbde, 0xdbde, 0xdbde, 0xdbde, 0xdbde, 0xdbde, 
  0xdbde, 0xdbde, 0xdbde, 0xdbde, 0xdbde, 0xdbde, 0xdbde, 0xdbde, 0xdbde, 0xdbde, 0xdbde, 0xdbde, 
  0xdbde, 0xdbde, 0xdbde, 0xdbde, 0xdbde, 0xdbde, 0xdbde, 0xdbde, 0xdbde, 0xdbde, 0xdbde, 0xdbde, 
  0xdbde, 0xdbde, 0x5d7b, 0x5d7b, 0x5d7b, 0x5d7b, 0x8c4a, 0x8c4a, 0x8c4a, 0x8c4a, 0x8c4a, 0x8c4a, 
  0x8c4a, 0x8c4a, 0x8c4a, 0x8c4a, 0x5d7b, 0x5d7b, 0x5d7b, 0x5d7b, 0xdbde, 0xdbde, 0xdbde, 0xdbde, 
  0xdbde, 0xdbde, 0xdbde, 0xdbde, 0xdbde, 0xdbde, 0xdbde, 0xdbde, 0xdbde, 0xdbde, 0xdbde, 0xdbde, 
  0xdbde, 0xdbde, 0xdbde, 0xdbde, 0xdbde, 0xdbde, 0xdbde, 0xdbde, 0xdbde, 0xdbde, 0xdbde, 0xdbde, 
  0xdbde, 0xdbde, 0xdbde, 0xdbde, 0xdbde, 0xdbde, 0xdbde, 0xdbde, 0xdbde, 0xdbde, 0xdbde, 0xdbde, 
  0xdbde, 0xdbde, 0xdbde, 0xdbde, 0xdbde, 0xdbde, 0xdbde, 0xdbde, 0xdbde, 0xdbde, 0xdbde, 0xdbde, 
  0xdbde, 0xdbde, 0xdbde, 0xdbde, 0xdbde, 0xdbde, 0xdbde, 0xdbde, 0xdbde, 0xdbde, 0xdbde, 0xdbde, 
  0xdbde, 0xdbde, 0xdbde, 0xdbde, 0xdbde, 0xdbde, 0xdbde, 0xdbde, 0xdbde, 0xdbde, 0xdbde, 0xdbde, 
  0xdbde, 0xdbde, 0xdbde, 0xdbde, 0xdbde, 0xdbde, 0xdbde, 0xdbde, 0xdbde, 0xdbde, 0xdbde, 0xdbde, 
  0xdbde, 0xdbde, 0xdbde, 0xdbde, 0xdbde, 0xdbde, 0xdbde, 0xdbde, 0xdbde, 0xdbde, 0xdbde, 0xdbde, 
  0xdbde, 0xdbde, 0xdbde, 0xdbde, 0xdbde, 0xdbde, 0xdbde, 0xdbde, 0xdbde, 0xdbde, 0xdbde, 0xdbde, 
  0xdbde, 0xdbde, 0xdbde, 0xdbde, 0xdbde, 0xdbde, 0xdbde, 0xdbde, 0xdbde, 0xdbde, 0xdbde, 0xdbde, 
  0xdbde, 0xdbde, 0xdbde, 0xdbde, 0xdbde, 0xdbde, 0xdbde, 0xdbde, 0xdbde, 0xdbde, 0xdbde, 0xdbde, 
  0xdbde, 0xdbde, 0xdbde, 0xdbde, 0xdbde, 0xdbde, 0xdbde, 0xdbde, 0xdbde, 0xdbde, 0xdbde, 0xdbde, 
  0xdbde, 0xdbde, 0xdbde, 0xdbde, 0xdbde, 0xdbde, 0xdbde, 0xdbde, 0xdbde, 0xdbde, 0xdbde, 0xdbde, 
  0xdbde, 0xdbde, 0xdbde, 0xdbde, 0xdbde, 0xdbde, 0xdbde, 0xdbde, 0xdbde, 0xdbde, 0xdbde, 0xdbde, 
  0xdbde, 0xdbde, 0xdbde, 0xdbde, 0xdbde, 0xdbde, 0xdbde, 0xdbde, 0xdbde, 0xdbde, 0xdbde, 0xdbde, 
  0xdbde, 0x5d7b, 0x5d7b, 0x5d7b, 0x5d7b, 0x8c4a, 0x8c4a, 0x8c4a, 0x8c4a, 0x8c4a, 0x8c4a, 0x6a62, 
  0x6a62, 0x8c4a, 0x8c4a, 0x8c4a, 0x8c4a, 0x8c4a, 0x8c4a, 0x5d7b, 0x5d7b, 0x5d7b, 0x5d7b, 0xdbde, 
  0xdbde, 0xdbde, 0xdbde, 0xdbde, 0xdbde, 0xdbde, 0xdbde, 0xdbde, 0xdbde, 0xdbde, 0xdbde, 0xdbde, 
  0xdbde, 0xdbde, 0xdbde, 0xdbde, 0xdbde, 0xdbde, 0xdbde, 0xdbde, 0xdbde, 0xdbde, 0xdbde, 0xdbde, 
  0xdbde, 0xdbde, 0xdbde, 0xdbde, 0xdbde, 0xdbde, 0xdbde, 0xdbde, 0xdbde, 0xdbde, 0xdbde, 0xdbde, 
  0xdbde, 0xdbde, 0xdbde, 0xdbde, 0xdbde, 0xdbde, 0xdbde, 0xdbde, 0xdbde, 0xdbde, 0xdbde, 0xdbde, 
  0xdbde, 0xdbde, 0xdbde, 0xdbde, 0xdbde, 0xdbde, 0xdbde, 0xdbde, 0xdbde, 0xdbde, 0xdbde, 0xdbde, 
  0xdbde, 0xdbde, 0xdbde, 0xdbde, 0xdbde, 0xdbde, 0xdbde, 0xdbde, 0xdbde, 0xdbde, 0xdbde, 0xdbde, 
  0xdbde, 0xdbde, 0xdbde, 0xdbde, 0xdbde, 0xdbde, 0xdbde, 0xdbde, 0xdbde, 0xdbde, 0xdbde, 0xdbde, 
  0xdbde, 0xdbde, 0xdbde, 0xdbde, 0xdbde, 0xdbde, 0xdbde, 0xdbde, 0xdbde, 0xdbde, 0x5d7b, 0x5d7b, 
  0x5d7b, 0x5d7b, 0x8c4a, 0x8c4a, 0x8c4a, 0x8c4a, 0x8c4a, 0x8c4a, 0x8c4a, 0x8c4a, 0x8c4a, 0x8c4a, 
  0x5d7b, 0x5d7b, 0x5d7b, 0x5d7b, 0xdbde, 0xdbde, 0xdbde, 0xdbde, 0xdbde, 0xdbde, 0xdbde, 0xdbde, 
  0xdbde, 0xdbde, 0xdbde, 0xdbde, 0xdbde, 0xdbde, 0xdbde, 0xdbde, 0xdbde, 0xdbde, 0xdbde, 0xdbde, 
  0xdbde, 0xdbde, 0xdbde, 0xdbde, 0xdbde, 0xdbde, 0xdbde, 0xdbde, 0xdbde, 0xdbde, 0xdbde, 0xdbde, 
  0xdbde, 0xdbde, 0xdbde, 0xdbde, 0xdbde, 0xdbde, 0xdbde, 0xdbde, 0xdbde, 0xdbde, 0xdbde, 0xdbde, 
  0xdbde, 0xdbde, 0xdbde, 0xdbde, 0xdbde, 0xdbde, 0xdbde, 0xdbde, 0xdbde, 0xdbde, 0xdbde, 0xdbde, 
  0xdbde, 0xdbde, 0xdbde, 0xdbde, 0xdbde, 0xdbde, 0xdbde, 0xdbde, 0xdbde, 0xdbde, 0xdbde, 0xdbde, 
  0xdbde, 0xdbde, 0xdbde, 0xdbde, 0xdbde, 0xdbde, 0xdbde, 0xdbde, 0xdbde, 0xdbde, 0xdbde, 0xdbde, 
  0xdbde, 0xdbde, 0xdbde, 0xdbde, 0xdbde, 0xdbde, 0xdbde, 0xdbde, 0xdbde, 0xdbde, 0xdbde, 0xdbde, 
  0xdbde, 0xdbde, 0xdbde, 0xdbde, 0xdbde, 0xdbde, 0xdbde, 0xdbde, 0xdbde, 0xdbde, 0xdbde, 0xdbde, 
  0xdbde, 0xdbde, 0xdbde, 0xdbde, 0xdbde, 0xdbde, 0xdbde, 0xdbde, 0xdbde, 0xdbde, 0xdbde, 0xdbde, 
  0xdbde, 0xdbde, 0xdbde, 0xdbde, 0xdbde, 0xdbde, 0xdbde, 0xdbde, 0xdbde, 0xdbde, 0xdbde, 0xdbde, 
  0xdbde, 0xdbde, 0xdbde, 0xdbde, 0xdbde, 0xdbde, 0xdbde, 0xdbde, 0xdbde, 0xdbde, 0xdbde, 0xdbde, 
  0xdbde, 0xdbde, 0xdbde, 0xdbde, 0xdbde, 0xdbde, 0xdbde, 0xdbde, 0xdbde, 0xdbde, 0xdbde, 0xdbde, 
  0xdbde, 0xdbde, 0xdbde, 0xdbde, 0xdbde, 0xdbde, 0xdbde, 0xdbde, 0xdbde, 0xdbde, 0xdbde, 0xdbde, 
  0xdbde, 0xdbde, 0xdbde, 0xdbde, 0xdbde, 0xdbde, 0xdbde, 0xdbde, 0xdbde, 0xdbde, 0xdbde, 0xdbde, 
  0xdbde, 0xdbde, 0xdbde, 0xdbde, 0xdbde, 0xdbde, 0xdbde, 0xdbde, 0xdbde, 0x5d7b, 0x5d7b, 0x5d7b, 
  0x5d7b, 0x8c4a, 0x8c4a, 0x8c4a, 0x8c4a, 0x8c4a, 0x8c4a, 0x6a62, 0x6a62, 0x8c4a, 0x8c4a, 0x8c4a, 
  0x8c4a, 0x8c4a, 0x8c4a, 0x5d7b, 0x5d7b, 0x5d7b, 0x5d7b, 0xdbde, 0xdbde, 0xdbde, 0xdbde, 0xdbde, 
  0xdbde, 0xdbde, 0xdbde, 0xdbde, 0xdbde, 0xdbde, 0xdbde, 0xdbde, 0xdbde, 0xdbde, 0xdbde, 0xdbde, 
  0xdbde, 0xdbde, 0xdbde, 0xdbde, 0xdbde, 0xdbde, 0xdbde, 0xdbde, 0xdbde, 0xdbde, 0xdbde, 0xdbde, 
  0xdbde, 0xdbde, 0xdbde, 0xdbde, 0xdbde, 0xdbde, 0xdbde, 0xdbde, 0xdbde, 0xdbde, 0xdbde, 0xdbde, 
  0xdbde, 0xdbde, 0xdbde, 0xdbde, 0xdbde, 0xdbde, 0xdbde, 0xdbde, 0xdbde, 0xdbde, 0xdbde, 0xdbde, 
  0xdbde, 0xdbde, 0xdbde, 0xdbde, 0xdbde, 0xdbde, 0xdbde, 0xdbde, 0xdbde, 0xdbde, 0xdbde, 0xdbde, 
  0xdbde, 0xdbde, 0xdbde, 0xdbde, 0xdbde, 0xdbde, 0xdbde, 0xdbde, 0xdbde, 0xdbde, 0xdbde, 0xdbde, 
  0xdbde, 0xdbde, 0xdbde, 0xdbde, 0xdbde, 0xdbde, 0xdbde, 0xdbde, 0xdbde, 0xdbde, 0xdbde, 0xdbde, 
  0xdbde, 0xdbde, 0xdbde, 0xdbde, 0xdbde, 0xdbde, 0x5d7b, 0x5d7b, 0x5d7b, 0x5d7b, 0x8c4a, 0x8c4a, 
  0x8c4a, 0x8c4a, 0x8c4a, 0x8c4a, 0x8c4a, 0x8c4a, 0x8c4a, 0x8c4a, 0x5d7b, 0x5d7b, 0x5d7b, 0x5d7b, 
  0xdbde, 0xdbde, 0xdbde, 0xdbde, 0xdbde, 0xdbde, 0xdbde, 0xdbde, 0xdbde, 0xdbde, 0xdbde, 0xdbde, 
  0xdbde, 0xdbde, 0xdbde, 0xdbde, 0xdbde, 0xdbde, 0xdbde, 0xdbde, 0xdbde, 0xdbde, 0xdbde, 0xdbde, 
  0xdbde, 0xdbde, 0xdbde, 0xdbde, 0xdbde, 0xdbde, 0xdbde, 0xdbde, 0xdbde, 0xdbde, 0xdbde, 0xdbde, 
  0xdbde, 0xdbde, 0xdbde, 0xdbde, 0xdbde, 0xdbde, 0xdbde, 0xdbde, 0xdbde, 0xdbde, 0xdbde, 0xdbde, 
  0xdbde, 0xdbde, 0xdbde, 0xdbde, 0xdbde, 0xdbde, 0xdbde, 0xdbde, 0xdbde, 0xdbde, 0xdbde, 0xdbde, 
  0xdbde, 0xdbde, 0xdbde, 0xdbde, 0xdbde, 0xdbde, 0xdbde, 0xdbde, 0xdbde, 0xdbde, 0xdbde, 0xdbde, 
  0xdbde, 0xdbde, 0xdbde, 0xdbde, 0xdbde, 0xdbde, 0xdbde, 0xdbde, 0xdbde, 0xdbde, 0xdbde, 0xdbde, 
  0xdbde, 0xdbde, 0xdbde, 0xdbde, 0xdbde, 0xdbde, 0xdbde, 0xdbde, 0xdbde, 0xdbde, 0xdbde, 0xdbde, 
  0xdbde, 0xdbde, 0xdbde, 0xdbde, 0xdbde, 0xdbde, 0xdbde, 0xdbde, 0xdbde, 0xdbde, 0xdbde, 0xdbde, 
  0xdbde, 0xdbde, 0xdbde, 0xdbde, 0xdbde, 0xdbde, 0xdbde, 0xdbde, 0xdbde, 0xdbde, 0xdbde, 0xdbde, 
  0xdbde, 0xdbde, 0xdbde, 0xdbde, 0xdbde, 0xdbde, 0xdbde, 0xdbde, 0xdbde, 0xdbde, 0xdbde, 0xdbde, 
  0xdbde, 0xdbde, 0xdbde, 0xdbde, 0xdbde, 0xdbde, 0xdbde, 0xdbde, 0xdbde, 0xdbde, 0xdbde, 0xdbde, 
  0xdbde, 0xdbde, 0xdbde, 0xdbde, 0xdbde, 0xdbde, 0xdbde, 0xdbde, 0xdbde, 0xdbde, 0xdbde, 0xdbde, 
  0xdbde, 0xdbde, 0xdbde, 0xdbde, 0xdbde, 0xdbde, 0xdbde, 0xdbde, 0xdbde, 0xdbde, 0xdbde, 0xdbde, 
  0xdbde, 0xdbde, 0xdbde, 0xdbde, 0xdbde, 0xdbde, 0xdbde, 0xdbde, 0xdbde, 0xdbde, 0xdbde, 0xdbde, 
  0xdbde, 0xdbde, 0xdbde, 0xdbde, 0xdbde, 0x5d7b, 0x5d7b, 0x5d7b, 0x5d7b, 0x8c4a, 0x8c4a, 0x8c4a, 
  0x8c4a, 0x8c4a, 0x8c4a, 0x6a62, 0x6a62, 0x8c4a, 0x8c4a, 0x8c4a, 0x8c4a, 0x8c4a, 0x8c4a, 0x5d7b, 
  0x5d7b, 0x5d7b, 0x5d7b, 0xdbde, 0xdbde, 0xdbde, 0xdbde, 0xdbde, 0xdbde, 0xdbde, 0xdbde, 0xdbde, 
  0xdbde, 0xdbde, 0xdbde, 0xdbde, 0xdbde, 0xdbde, 0xdbde, 0xdbde, 0xdbde, 0xdbde, 0xdbde, 0xdbde, 
  0xdbde, 0xdbde, 0xdbde, 0xdbde, 0xdbde, 0xdbde, 0xdbde, 0xdbde, 0xdbde, 0xdbde, 0xdbde, 0xdbde, 
  0xdbde, 0xdbde, 0xdbde, 0xdbde, 0xdbde, 0xdbde, 0xdbde, 0xdbde, 0xdbde, 0xdbde, 0xdbde, 0xdbde, 
  0xdbde, 0xdbde, 0xdbde, 0xdbde, 0xdbde, 0xdbde, 0xdbde, 0xdbde, 0xdbde, 0xdbde, 0xdbde, 0xdbde, 
  0xdbde, 0xdbde, 0xdbde, 0xdbde, 0xdbde, 0xdbde, 0xdbde, 0xdbde, 0xdbde, 0xdbde, 0xdbde, 0xdbde, 
  0xdbde, 0xdbde, 0xdbde, 0xdbde, 0xdbde, 0xdbde, 0xdbde, 0xdbde, 0xdbde, 0xdbde, 0xdbde, 0xdbde, 
  0xdbde, 0xdbde, 0xdbde, 0xdbde, 0xdbde, 0xdbde, 0xdbde, 0xdbde, 0xdbde, 0xdbde, 0xdbde, 0xdbde, 
  0xdbde, 0xdbde, 0x5d7b, 0x5d7b, 0x5d7b, 0x5d7b, 0x8c4a, 0x8c4a, 0x8c4a, 0x8c4a, 0x8c4a, 0x8c4a, 
  0x8c4a, 0x8c4a, 0x8c4a, 0x8c4a, 0x5d7b, 0x5d7b, 0x5d7b, 0x5d7b, 0xdbde, 0xdbde, 0xdbde, 0xdbde, 
  0xdbde, 0xdbde, 0xdbde, 0xdbde, 0xdbde, 0xdbde, 0xdbde, 0xdbde, 0xdbde, 0xdbde, 0xdbde, 0xdbde, 
  0xdbde, 0xdbde, 0xdbde, 0xdbde, 0xdbde, 0xdbde, 0xdbde, 0xdbde, 0xdbde, 0xdbde, 0xdbde, 0xdbde, 
  0xdbde, 0xdbde, 0xdbde, 0xdbde, 0xdbde, 0xdbde, 0xdbde, 0xdbde, 0xdbde, 0xdbde, 0xdbde, 0xdbde, 
  0xdbde, 0xdbde, 0xdbde, 0xdbde, 0xdbde, 0xdbde, 0xdbde, 0xdbde, 0xdbde, 0xdbde, 0xdbde, 0xdbde, 
  0xdbde, 0xdbde, 0xdbde, 0xdbde, 0xdbde, 0xdbde, 0xdbde, 0xdbde, 0xdbde, 0xdbde, 0xdbde, 0xdbde, 
  0xdbde, 0xdbde, 0xdbde, 0xdbde, 0xdbde, 0xdbde, 0xdbde, 0xdbde, 0xdbde, 0xdbde, 0xdbde, 0xdbde, 
  0xdbde, 0xdbde, 0xdbde, 0xdbde, 0xdbde, 0xdbde, 0xdbde, 0xdbde, 0xdbde, 0xdbde, 0xdbde, 0xdbde, 
  0xdbde, 0xdbde, 0xdbde, 0xdbde, 0xdbde, 0xdbde, 0xdbde, 0xdbde, 0xdbde, 0xdbde, 0xdbde, 0xdbde, 
  0xdbde, 0xdbde, 0xdbde, 0xdbde, 0xdbde, 0xdbde, 0xdbde, 0xdbde, 0xdbde, 0xdbde, 0xdbde, 0xdbde, 
  0xdbde, 0xdbde, 0xdbde, 0xdbde, 0xdbde, 0xdbde, 0xdbde, 0xdbde, 0xdbde, 0xdbde, 0xdbde, 0xdbde, 
  0xdbde, 0xdbde, 0xdbde, 0xdbde, 0xdbde, 0xdbde, 0xdbde, 0xdbde, 0xdbde, 0xdbde, 0xdbde, 0xdbde, 
  0xdbde, 0xdbde, 0xdbde, 0xdbde, 0xdbde, 0xdbde, 0xdbde, 0xdbde, 0xdbde, 0xdbde, 0xdbde, 0xdbde, 
  0xdbde, 0xdbde, 0xdbde, 0xdbde, 0xdbde, 0xdbde, 0xdbde, 0xdbde, 0xdbde, 0xdbde, 0xdbde, 0xdbde, 
  0xdbde, 0xdbde, 0xdbde, 0xdbde, 0xdbde, 0xdbde, 0xdbde, 0xdbde, 0xdbde, 0xdbde, 0xdbde, 0xdbde, 
  0xdbde, 0xdbde, 0xdbde, 0xdbde, 0xdbde, 0xdbde, 0xdbde, 0xdbde, 0xdbde, 0xdbde, 0xdbde, 0xdbde, 
  0xdbde, 0x5d7b, 0x5d7b, 0x5d7b, 0x5d7b, 0x8c4a, 0x8c4a, 0x8c4a, 0x8c4a, 0x8c4a, 0x8c4a, 0x6a62, 
  0x6a62, 0x8c4a, 0x8c4a, 0x8c4a, 0x8c4a, 0x8c4a, 0x8c4a, 0x5d7b, 0x5d7b, 0x5d7b, 0x5d7b, 0xdbde, 
  0xdbde, 0xdbde, 0xdbde, 0xdbde, 0xdbde, 0xdbde, 0xdbde, 0xdbde, 0xdbde, 0xdbde, 0xdbde, 0xdbde, 
  0xdbde, 0xdbde, 0xdbde, 0xdbde, 0xdbde, 0xdbde, 0xdbde, 0xdbde, 0xdbde, 0xdbde, 0xdbde, 0xdbde, 
  0xdbde, 0xdbde, 0xdbde, 0xdbde, 0xdbde, 0xdbde, 0xdbde, 0xdbde, 0xdbde, 0xdbde, 0xdbde, 0xdbde, 
  0xdbde, 0xdbde, 0xdbde, 0xdbde, 0xdbde, 0xdbde, 0xdbde, 0xdbde, 0xdbde, 0xdbde, 0xdbde, 0xdbde, 
  0xdbde, 0xdbde, 0xdbde, 0xdbde, 0xdbde, 0xdbde, 0xdbde, 0xdbde, 0xdbde, 0xdbde, 0xdbde, 0xdbde, 
  0xdbde, 0xdbde, 0xdbde, 0xdbde, 0xdbde, 0xdbde, 0xdbde, 0xdbde, 0xdbde, 0xdbde, 0xdbde, 0xdbde, 
  0xdbde, 0xdbde, 0xdbde, 0xdbde, 0xdbde, 0xdbde, 0xdbde, 0xdbde, 0xdbde, 0xdbde, 0xdbde, 0xdbde, 
  0xdbde, 0xdbde, 0xdbde, 0xdbde, 0xdbde, 0xdbde, 0xdbde, 0xdbde, 0xdbde, 0xdbde, 0x5d7b, 0x5d7b, 
  0x5d7b, 0x5d7b, 0x8c4a, 0x8c4a, 0x8c4a, 0x8c4a, 0x8c4a, 0x8c4a, 0x8c4a, 0x8c4a, 0x8c4a, 0x8c4a, 
  0x5d7b, 0x5d7b, 0x5d7b, 0x5d7b, 0xdbde, 0xdbde, 0xdbde, 0xdbde, 0xdbde, 0xdbde, 0xdbde, 0xdbde, 
  0xdbde, 0xdbde, 0xdbde, 0xdbde, 0xdbde, 0xdbde, 0xdbde, 0xdbde, 0xdbde, 0xdbde, 0xdbde, 0xdbde, 
  0xdbde, 0xdbde, 0xdbde, 0xdbde, 0xdbde, 0xdbde, 0xdbde, 0xdbde, 0xdbde, 0xdbde, 0xdbde, 0xdbde, 
  0xdbde, 0xdbde, 0xdbde, 0xdbde, 0xdbde, 0xdbde, 0xdbde, 0xdbde, 0xdbde, 0xdbde, 0xdbde, 0xdbde, 
  0xdbde, 0xdbde, 0xdbde, 0xdbde, 0xdbde, 0xdbde, 0xdbde, 0xdbde, 0xdbde, 0xdbde, 0xdbde, 0xdbde, 
  0xdbde, 0xdbde, 0xdbde, 0xdbde, 0xdbde, 0xdbde, 0xdbde, 0xdbde, 0xdbde, 0xdbde, 0xdbde, 0xdbde, 
  0xdbde, 0xdbde, 0xdbde, 0xdbde, 0xdbde, 0xdbde, 0xdbde, 0xdbde, 0xdbde, 0xdbde, 0xdbde, 0xdbde, 
  0xdbde, 0xdbde, 0xdbde, 0xdbde, 0xdbde, 0xdbde, 0xdbde, 0xdbde, 0xdbde, 0xdbde, 0xdbde, 0xdbde, 
  0xdbde, 0xdbde, 0xdbde, 0xdbde, 0xdbde, 0xdbde, 0xdbde, 0xdbde, 0xdbde, 0xdbde, 0xdbde, 0xdbde, 
  0xdbde, 0xdbde, 0xdbde, 0xdbde, 0xdbde, 0xdbde, 0xdbde, 0xdbde, 0xdbde, 0xdbde, 0xdbde, 0xdbde, 
  0xdbde, 0xdbde, 0xdbde, 0xdbde, 0xdbde, 0xdbde, 0xdbde, 0xdbde, 0xdbde, 0xdbde, 0xdbde, 0xdbde, 
  0xdbde, 0xdbde, 0xdbde, 0xdbde, 0xdbde, 0xdbde, 0xdbde, 0xdbde, 0xdbde, 0xdbde, 0xdbde, 0xdbde, 
  0xdbde, 0xdbde, 0xdbde, 0xdbde, 0xdbde, 0xdbde, 0xdbde, 0xdbde, 0xdbde, 0xdbde, 0xdbde, 0xdbde, 
  0xdbde, 0xdbde, 0xdbde, 0xdbde, 0xdbde, 0xdbde, 0xdbde, 0xdbde, 0xdbde, 0xdbde, 0xdbde, 0xdbde, 
  0xdbde, 0xdbde, 0xdbde, 0xdbde, 0xdbde, 0xdbde, 0xdbde, 0xdbde, 0xdbde, 0xdbde, 0xdbde, 0xdbde, 
  0xdbde, 0xdbde, 0xdbde, 0xdbde, 0xdbde, 0xdbde, 0xdbde, 0xdbde, 0xdbde, 0x5d7b, 0x5d7b, 0x5d7b, 
  0x5d7b, 0x8c4a, 0x8c4a, 0x8c4a, 0x8c4a, 0x8c4a, 0x8c4a, 0x6a62, 0x6a62, 0x8c4a, 0x8c4a, 0x8c4a, 
  0x8c4a, 0x8c4a, 0x8c4a, 0x5d7b, 0x5d7b, 0x5d7b, 0x5d7b, 0xdbde, 0xdbde, 0xdbde, 0xdbde, 0xdbde, 
  0xdbde, 0xdbde, 0xdbde, 0xdbde, 0xdbde, 0xdbde, 0xdbde, 0xdbde, 0xdbde, 0xdbde, 0xdbde, 0xdbde, 
  0xdbde, 0xdbde, 0xdbde, 0xdbde, 0xdbde, 0xdbde, 0xdbde, 0xdbde, 0xdbde, 0xdbde, 0xdbde, 0xdbde, 
  0xdbde, 0xdbde, 0xdbde, 0xdbde, 0xdbde, 0xdbde, 0xdbde, 0xdbde, 0xdbde, 0xdbde, 0xdbde, 0xdbde, 
  0xdbde, 0xdbde, 0xdbde, 0xdbde, 0xdbde, 0xdbde, 0xdbde, 0xdbde, 0xdbde, 0xdbde, 0xdbde, 0xdbde, 
  0xdbde, 0xdbde, 0xdbde, 0xdbde, 0xdbde, 0xdbde, 0xdbde, 0xdbde, 0xdbde, 0xdbde, 0xdbde, 0xdbde, 
  0xdbde, 0xdbde, 0xdbde, 0xdbde, 0xdbde, 0xdbde, 0xdbde, 0xdbde, 0xdbde, 0xdbde, 0xdbde, 0xdbde, 
  0xdbde, 0xdbde, 0xdbde, 0xdbde, 0xdbde, 0xdbde, 0xdbde, 0xdbde, 0xdbde, 0xdbde, 0xdbde, 0xdbde, 
  0xdbde, 0xdbde, 0xdbde, 0xdbde, 0xdbde, 0xdbde, 0x5d7b, 0x5d7b, 0x5d7b, 0x5d7b, 0x8c4a, 0x8c4a, 
  0x8c4a, 0x8c4a, 0x8c4a, 0x8c4a, 0x8c4a, 0x8c4a, 0x8c4a, 0x8c4a, 0x5d7b, 0x5d7b, 0x5d7b, 0x5d7b, 
  0xdbde, 0xdbde, 0xdbde, 0xdbde, 0xdbde, 0xdbde, 0xdbde, 0xdbde, 0xdbde, 0xdbde, 0xdbde, 0xdbde, 
  0xdbde, 0xdbde, 0xdbde, 0xdbde, 0xdbde, 0xdbde, 0xdbde, 0xdbde, 0xdbde, 0xdbde, 0xdbde, 0xdbde, 
  0xdbde, 0xdbde, 0xdbde, 0xdbde, 0xdbde, 0xdbde, 0xdbde, 0xdbde, 0xdbde, 0xdbde, 0xdbde, 0xdbde, 
  0xdbde, 0xdbde, 0xdbde, 0xdbde, 0xdbde, 0xdbde, 0xdbde, 0xdbde, 0xdbde, 0xdbde, 0xdbde, 0xdbde, 
  0xdbde, 0xdbde, 0xdbde, 0xdbde, 0xdbde, 0xdbde, 0xdbde, 0xdbde, 0xdbde, 0xdbde, 0xdbde, 0xdbde, 
  0xdbde, 0xdbde, 0xdbde, 0xdbde, 0xdbde, 0xdbde, 0xdbde, 0xdbde, 0xdbde, 0xdbde, 0xdbde, 0xdbde, 
  0xdbde, 0xdbde, 0xdbde, 0xdbde, 0xdbde, 0xdbde, 0xdbde, 0xdbde, 0xdbde, 0xdbde, 0xdbde, 0xdbde, 
  0xdbde, 0xdbde, 0xdbde, 0xdbde, 0xdbde, 0xdbde, 0xdbde, 0xdbde, 0xdbde, 0xdbde, 0xdbde, 0xdbde, 
  0xdbde, 0xdbde, 0xdbde, 0xdbde, 0xdbde, 0xdbde, 0xdbde, 0xdbde, 0xdbde, 0xdbde, 0xdbde, 0xdbde, 
  0xdbde, 0xdbde, 0xdbde, 0xdbde, 0xdbde, 0xdbde, 0xdbde, 0xdbde, 0xdbde, 0xdbde, 0xdbde, 0xdbde, 
  0xdbde, 0xdbde, 0xdbde, 0xdbde, 0xdbde, 0xdbde, 0xdbde, 0xdbde, 0xdbde, 0xdbde, 0xdbde, 0xdbde, 
  0xdbde, 0xdbde, 0xdbde, 0xdbde, 0xdbde, 0xdbde, 0xdbde, 0xdbde, 0xdbde, 0xdbde, 0xdbde, 0xdbde, 
  0xdbde, 0xdbde, 0xdbde, 0xdbde, 0xdbde, 0xdbde, 0xdbde, 0xdbde, 0xdbde, 0xdbde, 0xdbde, 0xdbde, 
  0xdbde, 0xdbde, 0xdbde, 0xdbde, 0xdbde, 0xdbde, 0xdbde, 0xdbde, 0xdbde, 0xdbde, 0xdbde, 0xdbde, 
  0xdbde, 0xdbde, 0xdbde, 0xdbde, 0xdbde, 0xdbde, 0xdbde, 0xdbde, 0xdbde, 0xdbde, 0xdbde, 0xdbde, 
  0xdbde, 0xdbde, 0xdbde, 0xdbde, 0xdbde, 0x5d7b, 0x5d7b, 0x5d7b, 0x5d7b, 0x8c4a, 0x8c4a, 0x8c4a, 
  0x8c4a, 0x8c4a, 0x8c4a, 0x6a62, 0x6a62, 0x8c4a, 0x8c4a, 0x8c4a, 0x8c4a, 0x8c4a, 0x8c4a, 0x5d7b, 
  0x5d7b, 0x5d7b, 0x5d7b, 0xdbde, 0xdbde, 0xdbde, 0xdbde, 0xdbde, 0xdbde, 0xdbde, 0xdbde, 0xdbde, 
  0xdbde, 0xdbde, 0xdbde, 0xdbde, 0xdbde, 0xdbde, 0xdbde, 0xdbde, 0xdbde, 0xdbde, 0xdbde, 0xdbde, 
  0xdbde, 0xdbde, 0xdbde, 0xdbde, 0xdbde, 0xdbde, 0xdbde, 0xdbde, 0xdbde, 0xdbde, 0xdbde, 0xdbde, 
  0xdbde, 0xdbde, 0xdbde, 0xdbde, 0xdbde, 0xdbde, 0xdbde, 0xdbde, 0xdbde, 0xdbde, 0xdbde, 0xdbde, 
  0xdbde, 0xdbde, 0xdbde, 0xdbde, 0xdbde, 0xdbde, 0xdbde, 0xdbde, 0xdbde, 0xdbde, 0xdbde, 0xdbde, 
  0xdbde, 0xdbde, 0xdbde, 0xdbde, 0xdbde, 0xdbde, 0xdbde, 0xdbde, 0xdbde, 0xdbde, 0xdbde, 0xdbde, 
  0xdbde, 0xdbde, 0xdbde, 0xdbde, 0xdbde, 0xdbde, 0xdbde, 0xdbde, 0xdbde, 0xdbde, 0xdbde, 0xdbde, 
  0xdbde, 0xdbde, 0xdbde, 0xdbde, 0xdbde, 0xdbde, 0xdbde, 0xdbde, 0xdbde, 0xdbde, 0xdbde, 0xdbde, 
  0xdbde, 0xdbde, 0x5d7b, 0x5d7b, 0x5d7b, 0x5d7b, 0x8c4a, 0x8c4a, 0x8c4a, 0x8c4a, 0x8c4a, 0x8c4a, 
  0x8c4a, 0x8c4a, 0x8c4a, 0x8c4a, 0x5d7b, 0x5d7b, 0x5d7b, 0x5d7b, 0xdbde, 0xdbde, 0xdbde, 0xdbde, 
  0xdbde, 0xdbde, 0xdbde, 0xdbde, 0xdbde, 0xdbde, 0xdbde, 0xdbde, 0xdbde, 0xdbde, 0xdbde, 0xdbde, 
  0xdbde, 0xdbde, 0xdbde, 0xdbde, 0xdbde, 0xdbde, 0xdbde, 0xdbde, 0xdbde, 0xdbde, 0xdbde, 0xdbde, 
  0xdbde, 0xdbde, 0xdbde, 0xdbde, 0xdbde, 0xdbde, 0xdbde, 0xdbde, 0xdbde, 0xdbde, 0xdbde, 0xdbde, 
  0xdbde, 0xdbde, 0xdbde, 0xdbde, 0xdbde, 0xdbde, 0xdbde, 0xdbde, 0xdbde, 0xdbde, 0xdbde, 0xdbde, 
  0xdbde, 0xdbde, 0xdbde, 0xdbde, 0xdbde, 0xdbde, 0xdbde, 0xdbde, 0xdbde, 0xdbde, 0xdbde, 0xdbde, 
  0xdbde, 0xdbde, 0xdbde, 0xdbde, 0xdbde, 0xdbde, 0xdbde, 0xdbde, 0xdbde, 0xdbde, 0xdbde, 0xdbde, 
  0xdbde, 0xdbde, 0xdbde, 0xdbde, 0xdbde, 0xdbde, 0xdbde, 0xdbde, 0xdbde, 0xdbde, 0xdbde, 0xdbde, 
  0xdbde, 0xdbde, 0xdbde, 0xdbde, 0xdbde, 0xdbde, 0xdbde, 0xdbde, 0xdbde, 0xdbde, 0xdbde, 0xdbde, 
  0xdbde, 0xdbde, 0xdbde, 0xdbde, 0xdbde, 0xdbde, 0xdbde, 0xdbde, 0xdbde, 0xdbde, 0xdbde, 0xdbde, 
  0xdbde, 0xdbde, 0xdbde, 0xdbde, 0xdbde, 0xdbde, 0xdbde, 0xdbde, 0xdbde, 0xdbde, 0xdbde, 0xdbde, 
  0xdbde, 0xdbde, 0xdbde, 0xdbde, 0xdbde, 0xdbde, 0xdbde, 0xdbde, 0xdbde, 0xdbde, 0xdbde, 0xdbde, 
  0xdbde, 0xdbde, 0xdbde, 0xdbde, 0xdbde, 0xdbde, 0xdbde, 0xdbde, 0xdbde, 0xdbde, 0xdbde, 0xdbde, 
  0xdbde, 0xdbde, 0xdbde, 0xdbde, 0xdbde, 0xdbde, 0xdbde, 0xdbde, 0xdbde, 0xdbde, 0xdbde, 0xdbde, 
  0xdbde, 0xdbde, 0xdbde, 0xdbde, 0xdbde, 0xdbde, 0xdbde, 0xdbde, 0xdbde, 0xdbde, 0xdbde, 0xdbde, 
  0xdbde, 0xdbde, 0xdbde, 0xdbde, 0xdbde, 0xdbde, 0xdbde, 0xdbde, 0xdbde, 0xdbde, 0xdbde, 0xdbde, 
  0xdbde, 0x5d7b, 0x5d7b, 0x5d7b, 0x5d7b, 0x8c4a, 0x8c4a, 0x8c4a, 0x8c4a, 0x8c4a, 0x8c4a, 0x6a62, 
  0x6a62, 0x8c4a, 0x8c4a, 0x8c4a, 0x8c4a, 0x8c4a, 0x8c4a, 0x5d7b, 0x5d7b, 0x5d7b, 0x5d7b, 0xdbde, 
  0xdbde, 0xdbde, 0xdbde, 0xdbde, 0xdbde, 0xdbde, 0xdbde, 0xdbde, 0xdbde, 0xdbde, 0xdbde, 0xdbde, 
  0xdbde, 0xdbde, 0xdbde, 0xdbde, 0xdbde, 0xdbde, 0xdbde, 0xdbde, 0xdbde, 0xdbde, 0xdbde, 0xdbde, 
  0xdbde, 0xdbde, 0xdbde, 0xdbde, 0xdbde, 0xdbde, 0xdbde, 0xdbde, 0xdbde, 0xdbde, 0xdbde, 0xdbde, 
  0xdbde, 0xdbde, 0xdbde, 0xdbde, 0xdbde, 0xdbde, 0xdbde, 0xdbde, 0xdbde, 0xdbde, 0xdbde, 0xdbde, 
  0xdbde, 0xdbde, 0xdbde, 0xdbde, 0xdbde, 0xdbde, 0xdbde, 0xdbde, 0xdbde, 0xdbde, 0xdbde, 0xdbde, 
  0xdbde, 0xdbde, 0xdbde, 0xdbde, 0xdbde, 0xdbde, 0xdbde, 0xdbde, 0xdbde, 0xdbde, 0xdbde, 0xdbde, 
  0xdbde, 0xdbde, 0xdbde, 0xdbde, 0xdbde, 0xdbde, 0xdbde, 0xdbde, 0xdbde, 0xdbde, 0xdbde, 0xdbde, 
  0xdbde, 0xdbde, 0xdbde, 0xdbde, 0xdbde, 0xdbde, 0xdbde, 0xdbde, 0xdbde, 0xdbde, 0x5d7b, 0x5d7b, 
  0x5d7b, 0x5d7b, 0x8c4a, 0x8c4a, 0x8c4a, 0x8c4a, 0x8c4a, 0x8c4a, 0x8c4a, 0x8c4a, 0x8c4a, 0x8c4a, 
  0x5d7b, 0x5d7b, 0x5d7b, 0x5d7b, 0xdbde, 0xdbde, 0xdbde, 0xdbde, 0xdbde, 0xdbde, 0xb294, 0x8631, 
  0x2421, 0xeb5a, 0xdbde, 0x1084, 0x494a, 0x79ce, 0xdbde, 0xdbde, 0xae73, 0xeb5a, 0xdbde, 0x14a5, 
  0xe739, 0x2421, 0x2421, 0x494a, 0x75ad, 0xdbde, 0x8a52, 0x518c, 0xdbde, 0xdbde, 0xdbde, 0x8a52, 
  0xae73, 0xb294, 0xe739, 0xe739, 0xe739, 0xe739, 0xe739, 0x8a52, 0xdbde, 0xdbde, 0xdbde, 0xdbde, 
  0xdbde, 0xdbde, 0xdbde, 0xdbde, 0xdbde, 0xdbde, 0xdbde, 0xdbde, 0xdbde, 0xdbde, 0xdbde, 0xdbde, 
  0xdbde, 0xdbde, 0xdbde, 0xdbde, 0xdbde, 0xdbde, 0xdbde, 0xdbde, 0xdbde, 0xdbde, 0xdbde, 0xdbde, 
  0xdbde, 0xdbde, 0xdbde, 0xdbde, 0xdbde, 0xdbde, 0xdbde, 0xdbde, 0xdbde, 0xdbde, 0xdbde, 0xdbde, 
  0xdbde, 0xdbde, 0xdbde, 0xdbde, 0xdbde, 0xdbde, 0xdbde, 0xdbde, 0xdbde, 0xdbde, 0xdbde, 0xdbde, 
  0xdbde, 0xdbde, 0xdbde, 0xdbde, 0xdbde, 0xdbde, 0xdbde, 0xdbde, 0xdbde, 0xdbde, 0xdbde, 0xdbde, 
  0xdbde, 0xdbde, 0xdbde, 0xdbde, 0xdbde, 0xdbde, 0xdbde, 0xdbde, 0xdbde, 0xdbde, 0xdbde, 0xdbde, 
  0xdbde, 0xdbde, 0xdbde, 0xdbde, 0xdbde, 0xdbde, 0xdbde, 0xdbde, 0xdbde, 0xdbde, 0xdbde, 0xdbde, 
  0xdbde, 0xdbde, 0xdbde, 0xdbde, 0xdbde, 0xdbde, 0xdbde, 0xdbde, 0xdbde, 0xdbde, 0xdbde, 0xdbde, 
  0xdbde, 0xdbde, 0xdbde, 0xdbde, 0xdbde, 0xdbde, 0xdbde, 0xdbde, 0xdbde, 0xdbde, 0xdbde, 0xdbde, 
  0xdbde, 0xdbde, 0xdbde, 0xdbde, 0xdbde, 0xdbde, 0xdbde, 0xdbde, 0xdbde, 0xdbde, 0xdbde, 0xdbde, 
  0xdbde, 0xdbde, 0xdbde, 0xdbde, 0xdbde, 0xdbde, 0xdbde, 0xdbde, 0xdbde, 0xdbde, 0xdbde, 0xdbde, 
  0xdbde, 0xdbde, 0xdbde, 0xdbde, 0xdbde, 0xdbde, 0xdbde, 0xdbde, 0xdbde, 0x5d7b, 0x5d7b, 0x5d7b, 
  0x5d7b, 0x8c4a, 0x8c4a, 0x8c4a, 0x8c4a, 0x8c4a, 0x8c4a, 0x6a62, 0x6a62, 0x8c4a, 0x8c4a, 0x8c4a, 
  0x8c4a, 0x8c4a, 0x8c4a, 0x5d7b, 0x5d7b, 0x5d7b, 0x5d7b, 0xdbde, 0xdbde, 0xdbde, 0xdbde, 0xdbde, 
  0xdbde, 0xdbde, 0xdbde, 0xdbde, 0xdbde, 0xdbde, 0xdbde, 0xdbde, 0xdbde, 0xdbde, 0xdbde, 0xdbde, 
  0xdbde, 0xdbde, 0xdbde, 0xdbde, 0xdbde, 0xdbde, 0xdbde, 0xdbde, 0xdbde, 0xdbde, 0xdbde, 0xdbde, 
  0xdbde, 0xdbde, 0xdbde, 0xdbde, 0xdbde, 0xdbde, 0xdbde, 0xdbde, 0xdbde, 0xdbde, 0xdbde, 0xdbde, 
  0xdbde, 0xdbde, 0xdbde, 0xdbde, 0xdbde, 0xdbde, 0xdbde, 0xdbde, 0xdbde, 0xdbde, 0xdbde, 0xdbde, 
  0xdbde, 0xdbde, 0xdbde, 0xdbde, 0xdbde, 0xdbde, 0xdbde, 0xdbde, 0xdbde, 0xdbde, 0xdbde, 0xdbde, 
  0xdbde, 0xdbde, 0xdbde, 0xdbde, 0xdbde, 0xdbde, 0xdbde, 0xdbde, 0xdbde, 0xdbde, 0xdbde, 0xdbde, 
  0xdbde, 0xdbde, 0xdbde, 0xdbde, 0xdbde, 0xdbde, 0xdbde, 0xdbde, 0xdbde, 0xdbde, 0xdbde, 0xdbde, 
  0xdbde, 0xdbde, 0xdbde, 0xdbde, 0xdbde, 0xdbde, 0x5d7b, 0x5d7b, 0x5d7b, 0x5d7b, 0x8c4a, 0x8c4a, 
  0x8c4a, 0x8c4a, 0x8c4a, 0x8c4a, 0x8c4a, 0x8c4a, 0x8c4a, 0x8c4a, 0x5d7b, 0x5d7b, 0x5d7b, 0x5d7b, 
  0xdbde, 0xdbde, 0xdbde, 0xdbde, 0xdbde, 0xdbde, 0xdbde, 0xb294, 0x8a52, 0xdbde, 0xdbde, 0x4d6b, 
  0x2421, 0xae73, 0xdbde, 0xdbde, 0x4d6b, 0xeb5a, 0xdbde, 0x518c, 0x8a52, 0x79ce, 0xdbde, 0xef7b, 
  0x8631, 0x79ce, 0x8a52, 0x1084, 0xdbde, 0xdbde, 0xdbde, 0x8a52, 0xae73, 0x18c6, 0x75ad, 0x75ad, 
  0xe739, 0xae73, 0x75ad, 0x14a5, 0xdbde, 0xdbde, 0xdbde, 0xdbde, 0xdbde, 0xdbde, 0xdbde, 0xdbde, 
  0xdbde, 0xdbde, 0xdbde, 0xdbde, 0xdbde, 0xdbde, 0xdbde, 0xdbde, 0xdbde, 0xdbde, 0xdbde, 0xdbde, 
  0xdbde, 0xdbde, 0xdbde, 0xdbde, 0xdbde, 0xdbde, 0xdbde, 0xdbde, 0xdbde, 0xdbde, 0xdbde, 0xdbde, 
  0xdbde, 0xdbde, 0xdbde, 0xdbde, 0xdbde, 0xdbde, 0xdbde, 0xdbde, 0xdbde, 0xdbde, 0xdbde, 0xdbde, 
  0xdbde, 0xdbde, 0xdbde, 0xdbde, 0xdbde, 0xdbde, 0xdbde, 0xdbde, 0xdbde, 0xdbde, 0xdbde, 0xdbde, 
  0xdbde, 0xdbde, 0xdbde, 0xdbde, 0xdbde, 0xdbde, 0xdbde, 0xdbde, 0xdbde, 0xdbde, 0xdbde, 0xdbde, 
  0xdbde, 0xdbde, 0xdbde, 0xdbde, 0xdbde, 0xdbde, 0xdbde, 0xdbde, 0xdbde, 0xdbde, 0xdbde, 0xdbde, 
  0xdbde, 0xdbde, 0xdbde, 0xdbde, 0xdbde, 0xdbde, 0xdbde, 0xdbde, 0xdbde, 0xdbde, 0xdbde, 0xdbde, 
  0xdbde, 0xdbde, 0xdbde, 0xdbde, 0xdbde, 0xdbde, 0xdbde, 0xdbde, 0xdbde, 0xdbde, 0xdbde, 0xdbde, 
  0xdbde, 0xdbde, 0xdbde, 0xdbde, 0xdbde, 0xdbde, 0xdbde, 0xdbde, 0xdbde, 0xdbde, 0xdbde, 0xdbde, 
  0xdbde, 0xdbde, 0xdbde, 0xdbde, 0xdbde, 0xdbde, 0xdbde, 0xdbde, 0xdbde, 0xdbde, 0xdbde, 0xdbde, 
  0xdbde, 0xdbde, 0xdbde, 0xdbde, 0xdbde, 0xdbde, 0xdbde, 0xdbde, 0xdbde, 0xdbde, 0xdbde, 0xdbde, 
  0xdbde, 0xdbde, 0xdbde, 0xdbde, 0xdbde, 0x5d7b, 0x5d7b, 0x5d7b, 0x5d7b, 0x8c4a, 0x8c4a, 0x8c4a, 
  0x8c4a, 0x8c4a, 0x8c4a, 0x6a62, 0x6a62, 0x8c4a, 0x8c4a, 0x8c4a, 0x8c4a, 0x8c4a, 0x8c4a, 0x5d7b, 
  0x5d7b, 0x5d7b, 0x5d7b, 0xdbde, 0xdbde, 0xdbde, 0xdbde, 0xdbde, 0xdbde, 0xdbde, 0xdbde, 0xdbde, 
  0xdbde, 0xdbde, 0xdbde, 0xdbde, 0xdbde, 0xdbde, 0xdbde, 0xdbde, 0xdbde, 0xdbde, 0xdbde, 0xdbde, 
  0xdbde, 0xdbde, 0xdbde, 0xdbde, 0xdbde, 0xdbde, 0xdbde, 0xdbde, 0xdbde, 0xdbde, 0xdbde, 0xdbde, 
  0xdbde, 0xdbde, 0xdbde, 0xdbde, 0xdbde, 0xdbde, 0xdbde, 0xdbde, 0xdbde, 0xdbde, 0xdbde, 0xdbde, 
  0xdbde, 0xdbde, 0xdbde, 0xdbde, 0xdbde, 0xdbde, 0xdbde, 0xdbde, 0xdbde, 0xdbde, 0xdbde, 0xdbde, 
  0xdbde, 0xdbde, 0xdbde, 0xdbde, 0xdbde, 0xdbde, 0xdbde, 0xdbde, 0xdbde, 0xdbde, 0xdbde, 0xdbde, 
  0xdbde, 0xdbde, 0xdbde, 0xdbde, 0xdbde, 0xdbde, 0xdbde, 0xdbde, 0xdbde, 0xdbde, 0xdbde, 0xdbde, 
  0xdbde, 0xdbde, 0xdbde, 0xdbde, 0xdbde, 0xdbde, 0xdbde, 0xdbde, 0xdbde, 0xdbde, 0xdbde, 0xdbde, 
  0xdbde, 0xdbde, 0x5d7b, 0x5d7b, 0x5d7b, 0x5d7b, 0x8c4a, 0x8c4a, 0x8c4a, 0x8c4a, 0x8c4a, 0x8c4a, 
  0x8c4a, 0x8c4a, 0x8c4a, 0x8c4a, 0x5d7b, 0x5d7b, 0x5d7b, 0x5d7b, 0xdbde, 0xdbde, 0xdbde, 0xdbde, 
  0xdbde, 0xdbde, 0xdbde, 0xb294, 0x8a52, 0xdbde, 0xdbde, 0xae73, 0x494a, 0x8631, 0x75ad, 0xdbde, 
  0x4d6b, 0x4d6b, 0xdbde, 0xb294, 0xe739, 0xdbde, 0xdbde, 0xb6b5, 0x2421, 0x18c6, 0x8a52, 0x1084, 
  0xdbde, 0xdbde, 0xdbde, 0xeb5a, 0xae73, 0xdbde, 0xdbde, 0xdbde, 0x8631, 0xb294, 0xdbde, 0xdbde, 
  0xdbde, 0xdbde, 0xdbde, 0xdbde, 0xdbde, 0xdbde, 0xdbde, 0xdbde, 0xdbde, 0xdbde, 0xdbde, 0xdbde, 
  0xdbde, 0xdbde, 0xdbde, 0xdbde, 0xdbde, 0xdbde, 0xdbde, 0xdbde, 0xdbde, 0xdbde, 0xdbde, 0xdbde, 
  0xdbde, 0xdbde, 0xdbde, 0xdbde, 0xdbde, 0xdbde, 0xdbde, 0xdbde, 0xdbde, 0xdbde, 0xdbde, 0xdbde, 
  0xdbde, 0xdbde, 0xdbde, 0xdbde, 0xdbde, 0x518c, 0x14a5, 0xdbde, 0xdbde, 0xdbde, 0xdbde, 0xdbde, 
  0xdbde, 0xdbde, 0xdbde, 0xdbde, 0xdbde, 0xdbde, 0xdbde, 0xdbde, 0xdbde, 0xdbde, 0xdbde, 0xdbde, 
  0xdbde, 0xdbde, 0xdbde, 0xdbde, 0xdbde, 0xdbde, 0xdbde, 0xdbde, 0xdbde, 0xdbde, 0xdbde, 0xdbde, 
  0xdbde, 0xdbde, 0xdbde, 0xdbde, 0xdbde, 0xdbde, 0xdbde, 0xdbde, 0xdbde, 0xdbde, 0xdbde, 0xdbde, 
  0xdbde, 0xdbde, 0xdbde, 0xdbde, 0xdbde, 0xdbde, 0xdbde, 0xdbde, 0xdbde, 0xdbde, 0xdbde, 0xdbde, 
  0xdbde, 0xdbde, 0xdbde, 0xdbde, 0xdbde, 0xdbde, 0xdbde, 0xdbde, 0xdbde, 0xdbde, 0xdbde, 0xdbde, 
  0xdbde, 0xdbde, 0xdbde, 0xdbde, 0xdbde, 0xdbde, 0xdbde, 0xdbde, 0xdbde, 0xdbde, 0xdbde, 0xdbde, 
  0xdbde, 0xdbde, 0xdbde, 0xdbde, 0xdbde, 0xdbde, 0xdbde, 0xdbde, 0xdbde, 0xdbde, 0xdbde, 0xdbde, 
  0xdbde, 0xdbde, 0xdbde, 0xdbde, 0xdbde, 0xdbde, 0xdbde, 0xdbde, 0xdbde, 0xdbde, 0xdbde, 0xdbde, 
  0xdbde, 0x5d7b, 0x5d7b, 0x5d7b, 0x5d7b, 0x8c4a, 0x8c4a, 0x8c4a, 0x8c4a, 0x8c4a, 0x8c4a, 0x6a62, 
  0x6a62, 0x8c4a, 0x8c4a, 0x8c4a, 0x8c4a, 0x8c4a, 0x8c4a, 0x5d7b, 0x5d7b, 0x5d7b, 0x5d7b, 0xdbde, 
  0xdbde, 0xdbde, 0xdbde, 0xdbde, 0xdbde, 0xdbde, 0xdbde, 0xdbde, 0xdbde, 0xdbde, 0xdbde, 0xdbde, 
  0xdbde, 0xdbde, 0xdbde, 0xdbde, 0xdbde, 0xdbde, 0xdbde, 0xdbde, 0xdbde, 0xdbde, 0xdbde, 0xdbde, 
  0xdbde, 0xdbde, 0xdbde, 0xdbde, 0xdbde, 0xdbde, 0xdbde, 0xdbde, 0xdbde, 0xdbde, 0xdbde, 0xdbde, 
  0xdbde, 0xdbde, 0xdbde, 0xdbde, 0xdbde, 0xdbde, 0xdbde, 0xdbde, 0xdbde, 0xdbde, 0xdbde, 0xdbde, 
  0xdbde, 0xdbde, 0xdbde, 0xdbde, 0xdbde, 0xdbde, 0xdbde, 0xdbde, 0xdbde, 0xdbde, 0xdbde, 0xdbde, 
  0xdbde, 0xdbde, 0xdbde, 0xdbde, 0xdbde, 0xdbde, 0xdbde, 0xdbde, 0xdbde, 0xdbde, 0xdbde, 0xdbde, 
  0xdbde, 0xdbde, 0xdbde, 0xdbde, 0xdbde, 0xdbde, 0xdbde, 0xdbde, 0xdbde, 0xdbde, 0xdbde, 0xdbde, 
  0xdbde, 0xdbde, 0xdbde, 0xdbde, 0xdbde, 0xdbde, 0xdbde, 0xdbde, 0xdbde, 0xdbde, 0x5d7b, 0x5d7b, 
  0x5d7b, 0x5d7b, 0x8c4a, 0x8c4a, 0x8c4a, 0x8c4a, 0x8c4a, 0x8c4a, 0x8c4a, 0x8c4a, 0x8c4a, 0x8c4a, 
  0x5d7b, 0x5d7b, 0x5d7b, 0x5d7b, 0xdbde, 0xdbde, 0xdbde, 0xdbde, 0xdbde, 0xdbde, 0xdbde, 0x518c, 
  0x494a, 0xdbde, 0xdbde, 0x1084, 0xeb5a, 0x518c, 0x8631, 0x79ce, 0xae73, 0x4d6b, 0xdbde, 0xb294, 
  0xe739, 0x75ad, 0xd7bd, 0xae73, 0xe739, 0xdbde, 0xeb5a, 0xae73, 0xdbde, 0xdbde, 0xdbde, 0x4d6b, 
  0x4d6b, 0xdbde, 0xdbde, 0xdbde, 0x8631, 0xb294, 0xdbde, 0xdbde, 0xdbde, 0xdbde, 0xdbde, 0xdbde, 
  0xdbde, 0xdbde, 0xdbde, 0xdbde, 0xdbde, 0xdbde, 0xdbde, 0xdbde, 0xdbde, 0xdbde, 0xdbde, 0xdbde, 
  0xdbde, 0xdbde, 0xdbde, 0xdbde, 0xdbde, 0xdbde, 0xdbde, 0xdbde, 0xdbde, 0xdbde, 0xdbde, 0xdbde, 
  0xdbde, 0xdbde, 0xdbde, 0xdbde, 0xdbde, 0xdbde, 0xdbde, 0xdbde, 0xdbde, 0xdbde, 0xdbde, 0xdbde, 
  0xdbde, 0xae73, 0x4d6b, 0xdbde, 0xdbde, 0xdbde, 0xdbde, 0xdbde, 0xdbde, 0xdbde, 0xdbde, 0xdbde, 
  0xdbde, 0xdbde, 0xdbde, 0xdbde, 0xdbde, 0xdbde, 0xdbde, 0xdbde, 0xdbde, 0xdbde, 0xdbde, 0xdbde, 
  0xdbde, 0xdbde, 0xdbde, 0xdbde, 0xdbde, 0xdbde, 0xdbde, 0xdbde, 0xdbde, 0xdbde, 0xdbde, 0xdbde, 
  0xdbde, 0xdbde, 0xdbde, 0xdbde, 0xdbde, 0xdbde, 0xdbde, 0xdbde, 0xdbde, 0xdbde, 0xdbde, 0xdbde, 
  0xdbde, 0xdbde, 0xdbde, 0xdbde, 0xdbde, 0xdbde, 0xdbde, 0xdbde, 0xdbde, 0xdbde, 0xdbde, 0xdbde, 
  0xdbde, 0xdbde, 0xdbde, 0xdbde, 0xdbde, 0xdbde, 0xdbde, 0xdbde, 0xdbde, 0xdbde, 0xdbde, 0xdbde, 
  0xdbde, 0xdbde, 0xdbde, 0xdbde, 0xdbde, 0xdbde, 0xdbde, 0xdbde, 0xdbde, 0xdbde, 0xdbde, 0xdbde, 
  0xdbde, 0xdbde, 0xdbde, 0xdbde, 0xdbde, 0xdbde, 0xdbde, 0xdbde, 0xdbde, 0xdbde, 0xdbde, 0xdbde, 
  0xdbde, 0xdbde, 0xdbde, 0xdbde, 0xdbde, 0xdbde, 0xdbde, 0xdbde, 0xdbde, 0x5d7b, 0x5d7b, 0x5d7b, 
  0x5d7b, 0x8c4a, 0x8c4a, 0x8c4a, 0x8c4a, 0x8c4a, 0x8c4a, 0x6a62, 0x6a62, 0x8c4a, 0x8c4a, 0x8c4a, 
  0x8c4a, 0x8c4a, 0x8c4a, 0x5d7b, 0x5d7b, 0x5d7b, 0x5d7b, 0xdbde, 0xdbde, 0xdbde, 0xdbde, 0xdbde, 
  0xdbde, 0xdbde, 0xdbde, 0xdbde, 0xdbde, 0xdbde, 0xdbde, 0xdbde, 0xdbde, 0xdbde, 0xdbde, 0xdbde, 
  0xdbde, 0xdbde, 0xdbde, 0xdbde, 0xdbde, 0xdbde, 0xdbde, 0xdbde, 0xdbde, 0xdbde, 0xdbde, 0xdbde, 
  0xdbde, 0xdbde, 0xdbde, 0xdbde, 0xdbde, 0xdbde, 0xdbde, 0xdbde, 0xdbde, 0xdbde, 0xdbde, 0xdbde, 
  0xdbde, 0xdbde, 0xdbde, 0xdbde, 0xdbde, 0xdbde, 0xdbde, 0xdbde, 0xdbde, 0xdbde, 0xdbde, 0xdbde, 
  0xdbde, 0xdbde, 0xdbde, 0xdbde, 0xdbde, 0xdbde, 0xdbde, 0xdbde, 0xdbde, 0xdbde, 0xdbde, 0xdbde, 
  0xdbde, 0xdbde, 0xdbde, 0xdbde, 0xdbde, 0xdbde, 0xdbde, 0xdbde, 0xdbde, 0xdbde, 0xdbde, 0xdbde, 
  0xdbde, 0xdbde, 0xdbde, 0xdbde, 0xdbde, 0xdbde, 0xdbde, 0xdbde, 0xdbde, 0xdbde, 0xdbde, 0xdbde, 
  0xdbde, 0xdbde, 0xdbde, 0xdbde, 0xdbde, 0xdbde, 0x5d7b, 0x5d7b, 0x5d7b, 0x5d7b, 0x8c4a, 0x8c4a, 
  0x8c4a, 0x8c4a, 0x8c4a, 0x8c4a, 0x8c4a, 0x8c4a, 0x8c4a, 0x8c4a, 0x5d7b, 0x5d7b, 0x5d7b, 0x5d7b, 
  0xdbde, 0xdbde, 0xdbde, 0xdbde, 0xdbde, 0xdbde, 0xdbde, 0xb294, 0xe739, 0xdbde, 0xdbde, 0x1084, 
  0x8a52, 0xdbde, 0x8a52, 0xeb5a, 0x1084, 0x4d6b, 0xdbde, 0xb294, 0x8631, 0x494a, 0xe739, 0x8a52, 
  0x18c6, 0xdbde, 0x4d6b, 0x4d6b, 0xdbde, 0xdbde, 0xdbde, 0xeb5a, 0x4d6b, 0xdbde, 0xdbde, 0xdbde, 
  0xe739, 0xb294, 0xdbde, 0xdbde, 0xdbde, 0xdbde, 0xdbde, 0xdbde, 0xdbde, 0xdbde, 0xdbde, 0xdbde, 
  0xdbde, 0xdbde, 0xdbde, 0xdbde, 0xdbde, 0xdbde, 0xdbde, 0xdbde, 0xdbde, 0xdbde, 0xdbde, 0xdbde, 
  0xdbde, 0xdbde, 0xdbde, 0xdbde, 0xdbde, 0xdbde, 0xdbde, 0xdbde, 0xdbde, 0xdbde, 0xdbde, 0xdbde, 
  0xdbde, 0xdbde, 0xdbde, 0xdbde, 0xdbde, 0xdbde, 0xdbde, 0xdbde, 0xdbde, 0xdbde, 0xdbde, 0xdbde, 
  0xdbde, 0xdbde, 0xdbde, 0xdbde, 0xdbde, 0xdbde, 0xdbde, 0xdbde, 0xdbde, 0xdbde, 0xdbde, 0xdbde, 
  0xdbde, 0xdbde, 0xdbde, 0xdbde, 0xdbde, 0xdbde, 0xdbde, 0xdbde, 0xdbde, 0xdbde, 0xdbde, 0xdbde, 
  0xdbde, 0xdbde, 0xdbde, 0xdbde, 0xdbde, 0xdbde, 0xdbde, 0xdbde, 0xdbde, 0xdbde, 0xdbde, 0xdbde, 
  0xdbde, 0xdbde, 0xdbde, 0xdbde, 0xdbde, 0xdbde, 0xdbde, 0xdbde, 0xdbde, 0xdbde, 0xdbde, 0xdbde, 
  0xdbde, 0xdbde, 0xdbde, 0xdbde, 0xdbde, 0xdbde, 0xdbde, 0xdbde, 0xdbde, 0xdbde, 0xdbde, 0xdbde, 
  0xdbde, 0xdbde, 0xdbde, 0xdbde, 0xdbde, 0xdbde, 0xdbde, 0xdbde, 0xdbde, 0xdbde, 0xdbde, 0xdbde, 
  0xdbde, 0xdbde, 0xdbde, 0xdbde, 0xdbde, 0xdbde, 0xdbde, 0xdbde, 0xdbde, 0xdbde, 0xdbde, 0xdbde, 
  0xdbde, 0xdbde, 0xdbde, 0xdbde, 0xdbde, 0xdbde, 0xdbde, 0xdbde, 0xdbde, 0xdbde, 0xdbde, 0xdbde, 
  0xdbde, 0xdbde, 0xdbde, 0xdbde, 0xdbde, 0x5d7b, 0x5d7b, 0x5d7b, 0x5d7b, 0x8c4a, 0x8c4a, 0x8c4a, 
  0x8c4a, 0x8c4a, 0x8c4a, 0x6a62, 0x6a62, 0x8c4a, 0x8c4a, 0x8c4a, 0x8c4a, 0x8c4a, 0x8c4a, 0x5d7b, 
  0x5d7b, 0x5d7b, 0x5d7b, 0xdbde, 0xdbde, 0xdbde, 0xdbde, 0xdbde, 0xdbde, 0xdbde, 0xdbde, 0xdbde, 
  0xdbde, 0xdbde, 0xdbde, 0xdbde, 0xdbde, 0xdbde, 0xdbde, 0xdbde, 0xdbde, 0xdbde, 0xdbde, 0xdbde, 
  0xdbde, 0xdbde, 0xdbde, 0xdbde, 0xdbde, 0xdbde, 0xdbde, 0xdbde, 0xdbde, 0xdbde, 0xdbde, 0xdbde, 
  0xdbde, 0xdbde, 0xdbde, 0xdbde, 0xdbde, 0xdbde, 0xdbde, 0xdbde, 0xdbde, 0xdbde, 0xdbde, 0xdbde, 
  0xdbde, 0xdbde, 0xdbde, 0xdbde, 0xdbde, 0xdbde, 0xdbde, 0xdbde, 0xdbde, 0xdbde, 0xdbde, 0xdbde, 
  0xdbde, 0xdbde, 0xdbde, 0xdbde, 0xdbde, 0xdbde, 0xdbde, 0xdbde, 0xdbde, 0xdbde, 0xdbde, 0xdbde, 
  0xdbde, 0xdbde, 0xdbde, 0xdbde, 0xdbde, 0xdbde, 0xdbde, 0xdbde, 0xdbde, 0xdbde, 0xdbde, 0xdbde, 
  0xdbde, 0xdbde, 0xdbde, 0xdbde, 0xdbde, 0xdbde, 0xdbde, 0xdbde, 0xdbde, 0xdbde, 0xdbde, 0xdbde, 
  0xdbde, 0xdbde, 0x5d7b, 0x5d7b, 0x5d7b, 0x5d7b, 0x8c4a, 0x8c4a, 0x8c4a, 0x8c4a, 0x8c4a, 0x8c4a, 
  0x8c4a, 0x8c4a, 0x8c4a, 0x8c4a, 0x5d7b, 0x5d7b, 0x5d7b, 0x5d7b, 0xdbde, 0xdbde, 0xdbde, 0xdbde, 
  0xdbde, 0xdbde, 0xdbde, 0xb294, 0xe739, 0xdbde, 0xdbde, 0xae73, 0x8a52, 0xdbde, 0x18c6, 0x8631, 
  0x494a, 0xeb5a, 0xdbde, 0x1084, 0x8a52, 0xdbde, 0xdbde, 0xdbde, 0xdbde, 0xdbde, 0xb294, 0x8631, 
  0x18c6, 0xdbde, 0xdbde, 0xe739, 0xb294, 0xdbde, 0xdbde, 0xdbde, 0xe739, 0xb294, 0xdbde, 0xdbde, 
  0xdbde, 0xdbde, 0xdbde, 0xdbde, 0xdbde, 0xdbde, 0xdbde, 0xdbde, 0xdbde, 0xdbde, 0xdbde, 0xdbde, 
  0xdbde, 0xdbde, 0xdbde, 0xdbde, 0xdbde, 0xdbde, 0xdbde, 0xdbde, 0xdbde, 0xdbde, 0xdbde, 0xdbde, 
  0xdbde, 0xdbde, 0xdbde, 0xdbde, 0xdbde, 0xdbde, 0xdbde, 0xdbde, 0xdbde, 0xdbde, 0xdbde, 0xdbde, 
  0xdbde, 0xdbde, 0xdbde, 0xdbde, 0xdbde, 0xdbde, 0xdbde, 0xdbde, 0xdbde, 0xdbde, 0xdbde, 0xdbde, 
  0xdbde, 0xdbde, 0xdbde, 0xdbde, 0xdbde, 0xdbde, 0xdbde, 0xdbde, 0xdbde, 0xdbde, 0xdbde, 0xdbde, 
  0xdbde, 0xdbde, 0xdbde, 0xdbde, 0xdbde, 0xdbde, 0xdbde, 0xdbde, 0xdbde, 0xdbde, 0xdbde, 0xdbde, 
  0xdbde, 0xdbde, 0xdbde, 0xdbde, 0xdbde, 0xdbde, 0xdbde, 0xdbde, 0xdbde, 0xdbde, 0xdbde, 0xdbde, 
  0xdbde, 0xdbde, 0xdbde, 0xdbde, 0xdbde, 0xdbde, 0xdbde, 0xdbde, 0xdbde, 0xdbde, 0xdbde, 0xdbde, 
  0xdbde, 0xdbde, 0xdbde, 0xdbde, 0xdbde, 0xdbde, 0xdbde, 0xdbde, 0xdbde, 0xdbde, 0xdbde, 0xdbde, 
  0xdbde, 0xdbde, 0xdbde, 0xdbde, 0xdbde, 0xdbde, 0xdbde, 0xdbde, 0xdbde, 0xdbde, 0xdbde, 0xdbde, 
  0xdbde, 0xdbde, 0xdbde, 0xdbde, 0xdbde, 0xdbde, 0xdbde, 0xdbde, 0xdbde, 0xdbde, 0xdbde, 0xdbde, 
  0xdbde, 0xdbde, 0xdbde, 0xdbde, 0xdbde, 0xdbde, 0xdbde, 0xdbde, 0xdbde, 0xdbde, 0xdbde, 0xdbde, 
  0xdbde, 0x5d7b, 0x5d7b, 0x5d7b, 0x5d7b, 0x8c4a, 0x8c4a, 0x8c4a, 0x8c4a, 0x8c4a, 0x8c4a, 0x6a62, 
  0x6a62, 0x8c4a, 0x8c4a, 0x8c4a, 0x8c4a, 0x8c4a, 0x8c4a, 0x5d7b, 0x5d7b, 0x5d7b, 0x5d7b, 0xdbde, 
  0xdbde, 0xdbde, 0xdbde, 0xdbde, 0xdbde, 0xdbde, 0xdbde, 0xdbde, 0xdbde, 0xdbde, 0xdbde, 0xdbde, 
  0xdbde, 0xdbde, 0xdbde, 0xdbde, 0xdbde, 0xdbde, 0xdbde, 0xdbde, 0xdbde, 0xdbde, 0xdbde, 0xdbde, 
  0xdbde, 0xdbde, 0xdbde, 0xdbde, 0xdbde, 0xdbde, 0xdbde, 0xdbde, 0xdbde, 0xdbde, 0xdbde, 0xdbde, 
  0xdbde, 0xdbde, 0xdbde, 0xdbde, 0xdbde, 0xdbde, 0xdbde, 0xdbde, 0xdbde, 0xdbde, 0xdbde, 0xdbde, 
  0xdbde, 0xdbde, 0xdbde, 0xdbde, 0xdbde, 0xdbde, 0xdbde, 0xdbde, 0xdbde, 0xdbde, 0xdbde, 0xdbde, 
  0xdbde, 0xdbde, 0xdbde, 0xdbde, 0xdbde, 0xdbde, 0xdbde, 0xdbde, 0xdbde, 0xdbde, 0xdbde, 0xdbde, 
  0xdbde, 0xdbde, 0xdbde, 0xdbde, 0xdbde, 0xdbde, 0xdbde, 0xdbde, 0xdbde, 0xdbde, 0xdbde, 0xdbde, 
  0xdbde, 0xdbde, 0xdbde, 0xdbde, 0xdbde, 0xdbde, 0xdbde, 0xdbde, 0xdbde, 0xdbde, 0x5d7b, 0x5d7b, 
  0x5d7b, 0x5d7b, 0x8c4a, 0x8c4a, 0x8c4a, 0x8c4a, 0x8c4a, 0x8c4a, 0x8c4a, 0x8c4a, 0x8c4a, 0x8c4a, 
  0x5d7b, 0x5d7b, 0x5d7b, 0x5d7b, 0xdbde, 0xdbde, 0xdbde, 0xdbde, 0xdbde, 0xdbde, 0xb6b5, 0xae73, 
  0x8631, 0x14a5, 0xdbde, 0x4d6b, 0x4d6b, 0xdbde, 0xdbde, 0x518c, 0x2421, 0x8a52, 0xdbde, 0xae73, 
  0x8a52, 0xdbde, 0xdbde, 0xdbde, 0xdbde, 0xdbde, 0x79ce, 0xe739, 0xe739, 0x4d6b, 0x8a52, 0xe739, 
  0x79ce, 0xdbde, 0xdbde, 0xdbde, 0xe739, 0x518c, 0xdbde, 0xdbde, 0xdbde, 0xdbde, 0xdbde, 0xdbde, 
  0xdbde, 0xdbde, 0xdbde, 0xdbde, 0xdbde, 0xdbde, 0xdbde, 0xdbde, 0xdbde, 0xdbde, 0xdbde, 0xdbde, 
  0xdbde, 0xdbde, 0xdbde, 0xdbde, 0xdbde, 0xdbde, 0xdbde, 0xdbde, 0xdbde, 0xdbde, 0xdbde, 0xdbde, 
  0xdbde, 0xdbde, 0xdbde, 0xdbde, 0xdbde, 0xdbde, 0xdbde, 0xdbde, 0xdbde, 0xdbde, 0xdbde, 0xdbde, 
  0xdbde, 0xae73, 0x1084, 0xdbde, 0xdbde, 0xdbde, 0xdbde, 0xdbde, 0xdbde, 0xdbde, 0xdbde, 0xdbde, 
  0xdbde, 0xdbde, 0xdbde, 0xdbde, 0xdbde, 0xdbde, 0xdbde, 0xdbde, 0xdbde, 0xdbde, 0xdbde, 0xdbde, 
  0xdbde, 0xdbde, 0xdbde, 0xdbde, 0xdbde, 0xdbde, 0xdbde, 0xdbde, 0xdbde, 0xdbde, 0xdbde, 0xdbde, 
  0xdbde, 0xdbde, 0xdbde, 0xdbde, 0xdbde, 0xdbde, 0xdbde, 0xdbde, 0xdbde, 0xdbde, 0xdbde, 0xdbde, 
  0xdbde, 0xdbde, 0xdbde, 0xdbde, 0xdbde, 0xdbde, 0xdbde, 0xdbde, 0xdbde, 0xdbde, 0xdbde, 0xdbde, 
  0xdbde, 0xdbde, 0xdbde, 0xdbde, 0xdbde, 0xdbde, 0xdbde, 0xdbde, 0xdbde, 0xdbde, 0xdbde, 0xdbde, 
  0xdbde, 0xdbde, 0xdbde, 0xdbde, 0xdbde, 0xdbde, 0xdbde, 0xdbde, 0xdbde, 0xdbde, 0xdbde, 0xdbde, 
  0xdbde, 0xdbde, 0xdbde, 0xdbde, 0xdbde, 0xdbde, 0xdbde, 0xdbde, 0xdbde, 0xdbde, 0xdbde, 0xdbde, 
  0xdbde, 0xdbde, 0xdbde, 0xdbde, 0xdbde, 0xdbde, 0xdbde, 0xdbde, 0xdbde, 0x5d7b, 0x5d7b, 0x5d7b, 
  0x5d7b, 0x8c4a, 0x8c4a, 0x8c4a, 0x8c4a, 0x8c4a, 0x8c4a, 0x6a62, 0x6a62, 0x8c4a, 0x8c4a, 0x8c4a, 
  0x8c4a, 0x8c4a, 0x8c4a, 0x5c7b, 0x5d7b, 0x5d7b, 0x5d7b, 0x5bce, 0xdbde, 0xdbde, 0xdbde, 0xdbde, 
  0xdbde, 0xdbde, 0xdbde, 0xdbde, 0xdbde, 0xdbde, 0xdbde, 0xdbde, 0xdbde, 0xdbde, 0xdbde, 0xdbde, 
  0xdbde, 0xdbde, 0xdbde, 0xdbde, 0xdbde, 0xdbde, 0xdbde, 0xdbde, 0xdbde, 0xdbde, 0xdbde, 0xdbde, 
  0xdbde, 0xdbde, 0xdbde, 0xdbde, 0xdbde, 0xdbde, 0xdbde, 0xdbde, 0xdbde, 0xdbde, 0xdbde, 0xdbde, 
  0xdbde, 0xdbde, 0xdbde, 0xdbde, 0xdbde, 0xdbde, 0xdbde, 0xdbde, 0xdbde, 0xdbde, 0xdbde, 0xdbde, 
  0xdbde, 0xdbde, 0xdbde, 0xdbde, 0xdbde, 0xdbde, 0xdbde, 0xdbde, 0xdbde, 0xdbde, 0xdbde, 0xdbde, 
  0xdbde, 0xdbde, 0xdbde, 0xdbde, 0xdbde, 0xdbde, 0xdbde, 0xdbde, 0xdbde, 0xdbde, 0xdbde, 0xdbde, 
  0xdbde, 0xdbde, 0xdbde, 0xdbde, 0xdbde, 0xdbde, 0xdbde, 0xdbde, 0xdbde, 0xdbde, 0xdbde, 0xdbde, 
  0xdbde, 0xdbde, 0xdbde, 0xdbde, 0xdbde, 0x5bce, 0x5d7b, 0x5d7b, 0x5d7b, 0x5d7b, 0x8c4a, 0x8c4a, 
  0x8c4a, 0x8c4a, 0x8c4a, 0x8c4a, 0x8c4a, 0x8c4a, 0x8c4a, 0x8c4a, 0x5d7b, 0x5d7b, 0x5d7b, 0x5d7b, 
  0xdbde, 0xdbde, 0xdbde, 0xdbde, 0xdbde, 0xdbde, 0xb6b5, 0xae73, 0x4d6b, 0x518c, 0xdbde, 0xb294, 
  0x14a5, 0xdbde, 0xdbde, 0xdbde, 0x518c, 0xb294, 0xdbde, 0x14a5, 0x518c, 0xdbde, 0xdbde, 0xdbde, 
  0xdbde, 0xdbde, 0xdbde, 0x18c6, 0xb294, 0x4d6b, 0x518c, 0x79ce, 0xdbde, 0xdbde, 0xdbde, 0xdbde, 
  0x518c, 0x75ad, 0xdbde, 0xdbde, 0xdbde, 0xdbde, 0xdbde, 0xdbde, 0xdbde, 0xdbde, 0xdbde, 0xdbde, 
  0xdbde, 0xdbde, 0xdbde, 0xdbde, 0xdbde, 0xdbde, 0xdbde, 0xdbde, 0xdbde, 0xdbde, 0xdbde, 0xdbde, 
  0xdbde, 0xdbde, 0xdbde, 0xdbde, 0xdbde, 0xdbde, 0xdbde, 0xdbde, 0xdbde, 0xdbde, 0xdbde, 0xdbde, 
  0xdbde, 0xdbde, 0xdbde, 0xdbde, 0xdbde, 0xdbde, 0xdbde, 0xdbde, 0xdbde, 0x14a5, 0x518c, 0xdbde, 
  0xdbde, 0xdbde, 0xdbde, 0xdbde, 0xdbde, 0xdbde, 0xdbde, 0xdbde, 0xdbde, 0xdbde, 0xdbde, 0xdbde, 
  0xdbde, 0xdbde, 0xdbde, 0xdbde, 0xdbde, 0xdbde, 0xdbde, 0xdbde, 0xdbde, 0xdbde, 0xdbde, 0xdbde, 
  0xdbde, 0xdbde, 0xdbde, 0xdbde, 0xdbde, 0xdbde, 0xdbde, 0xdbde, 0xdbde, 0xdbde, 0xdbde, 0xdbde, 
  0xdbde, 0xdbde, 0xdbde, 0xdbde, 0xdbde, 0xdbde, 0xdbde, 0xdbde, 0xdbde, 0xdbde, 0xdbde, 0xdbde, 
  0xdbde, 0xdbde, 0xdbde, 0xdbde, 0xdbde, 0xdbde, 0xdbde, 0xdbde, 0xdbde, 0xdbde, 0xdbde, 0xdbde, 
  0xdbde, 0xdbde, 0xdbde, 0xdbde, 0xdbde, 0xdbde, 0xdbde, 0xdbde, 0xdbde, 0xdbde, 0xdbde, 0xdbde, 
  0xdbde, 0xdbde, 0xdbde, 0xdbde, 0xdbde, 0xdbde, 0xdbde, 0xdbde, 0xdbde, 0xdbde, 0xdbde, 0xdbde, 
  0xdbde, 0xdbde, 0xdbde, 0xdbde, 0xdbde, 0xdbde, 0xdbde, 0xdbde, 0xdbde, 0xdbde, 0xdbde, 0xdbde, 
  0xdbde, 0xdbde, 0xdbde, 0xdbde, 0xdbde, 0x5d7b, 0x5d7b, 0x5d7b, 0x5d7b, 0x8c4a, 0x8c4a, 0x8c4a, 
  0x8c4a, 0x8c4a, 0x8c4a, 0x6a62, 0x6a62, 0x8c4a, 0x8c4a, 0x8c4a, 0x8c4a, 0x8c4a, 0x8c4a, 0x1973, 
  0x5d7b, 0x5d7b, 0x5d7b, 0x5d7b, 0x5d7b, 0x5d7b, 0x5d7b, 0x5d7b, 0x5d7b, 0x5d7b, 0x5d7b, 0x5d7b, 
  0x5d7b, 0x5d7b, 0x5d7b, 0x5d7b, 0x5d7b, 0x5d7b, 0x5d7b, 0x5d7b, 0x5d7b, 0x5d7b, 0x5d7b, 0x5d7b, 
  0x5d7b, 0x5d7b, 0x5d7b, 0x5d7b, 0x5d7b, 0x5d7b, 0x5d7b, 0x5d7b, 0x5d7b, 0x5d7b, 0x5d7b, 0x5d7b, 
  0x5d7b, 0x5d7b, 0x5d7b, 0x5d7b, 0x5d7b, 0x5d7b, 0x5d7b, 0x5d7b, 0x5d7b, 0x5d7b, 0x5d7b, 0x5d7b, 
  0x5d7b, 0x5d7b, 0x5d7b, 0x5d7b, 0x5d7b, 0x5d7b, 0x5d7b, 0x5d7b, 0x5d7b, 0x5d7b, 0x5d7b, 0x5d7b, 
  0x5d7b, 0x5d7b, 0x5d7b, 0x5d7b, 0x5d7b, 0x5d7b, 0x5d7b, 0x5d7b, 0x5d7b, 0x5d7b, 0x5d7b, 0x5d7b, 
  0x5d7b, 0x5d7b, 0x5d7b, 0x5d7b, 0x5d7b, 0x5d7b, 0x5d7b, 0x5d7b, 0x5d7b, 0x5d7b, 0x5d7b, 0x5d7b, 
  0x5d7b, 0x5d7b, 0x5d7b, 0x5d7b, 0x5d7b, 0x5d7b, 0x5d7b, 0x5d7b, 0x5d7b, 0x5d7b, 0x5d7b, 0x5d7b, 
  0x5d7b, 0x5d7b, 0x5d7b, 0x5d7b, 0x5d7b, 0x1973, 0x8c4a, 0x8c4a, 0x8c4a, 0x8c4a, 0x8c4a, 0x8c4a, 
  0x8c4a, 0x8c4a, 0x8c4a, 0x8c4a, 0x5d7b, 0x5d7b, 0x5d7b, 0x5d7b, 0xdbde, 0xdbde, 0xdbde, 0xdbde, 
  0xdbde, 0xdbde, 0xdbde, 0xdbde, 0xdbde, 0xdbde, 0xdbde, 0xdbde, 0xdbde, 0xdbde, 0xdbde, 0xdbde, 
  0xdbde, 0xdbde, 0xdbde, 0xdbde, 0xdbde, 0xdbde, 0xdbde, 0xdbde, 0xdbde, 0xdbde, 0xdbde, 0xdbde, 
  0xdbde, 0xdbde, 0xdbde, 0xdbde, 0xdbde, 0xdbde, 0xdbde, 0xdbde, 0xdbde, 0xdbde, 0xdbde, 0xdbde, 
  0xdbde, 0xdbde, 0xdbde, 0xdbde, 0xdbde, 0xdbde, 0xdbde, 0xdbde, 0xdbde, 0xdbde, 0xdbde, 0xdbde, 
  0xdbde, 0xdbde, 0xdbde, 0xdbde, 0xdbde, 0xdbde, 0xdbde, 0xdbde, 0xdbde, 0xdbde, 0xdbde, 0xdbde, 
  0xdbde, 0xdbde, 0xdbde, 0xdbde, 0xdbde, 0xdbde, 0xdbde, 0xdbde, 0xdbde, 0xdbde, 0xdbde, 0xdbde, 
  0xdbde, 0xdbde, 0xdbde, 0xdbde, 0xdbde, 0xdbde, 0xdbde, 0xdbde, 0xdbde, 0xdbde, 0xdbde, 0xdbde, 
  0xdbde, 0xdbde, 0xdbde, 0xdbde, 0xdbde, 0xdbde, 0xdbde, 0xdbde, 0xdbde, 0xdbde, 0xdbde, 0xdbde, 
  0xdbde, 0xdbde, 0xdbde, 0xdbde, 0xdbde, 0xdbde, 0xdbde, 0xdbde, 0xdbde, 0xdbde, 0xdbde, 0xdbde, 
  0xdbde, 0xdbde, 0xdbde, 0xdbde, 0xdbde, 0xdbde, 0xdbde, 0xdbde, 0xdbde, 0xdbde, 0xdbde, 0xdbde, 
  0xdbde, 0xdbde, 0xdbde, 0xdbde, 0xdbde, 0xdbde, 0xdbde, 0xdbde, 0xdbde, 0xdbde, 0xdbde, 0xdbde, 
  0xdbde, 0xdbde, 0xdbde, 0xdbde, 0xdbde, 0xdbde, 0xdbde, 0xdbde, 0xdbde, 0xdbde, 0xdbde, 0xdbde, 
  0xdbde, 0xdbde, 0xdbde, 0xdbde, 0xdbde, 0xdbde, 0xdbde, 0xdbde, 0xdbde, 0xdbde, 0xdbde, 0xdbde, 
  0xdbde, 0xdbde, 0xdbde, 0xdbde, 0xdbde, 0xdbde, 0xdbde, 0xdbde, 0xdbde, 0xdbde, 0xdbde, 0xdbde, 
  0xdbde, 0xdbde, 0xdbde, 0xdbde, 0xdbde, 0xdbde, 0xdbde, 0xdbde, 0xdbde, 0xdbde, 0xdbde, 0xdbde, 
  0xdbde, 0x5d7b, 0x5d7b, 0x5d7b, 0x5d7b, 0x8c4a, 0x8c4a, 0x8c4a, 0x8c4a, 0x8c4a, 0x8c4a, 0x6a62, 
  0x6a62, 0x8c4a, 0x8c4a, 0x8c4a, 0x8c4a, 0x8c4a, 0x8c4a, 0xb05a, 0x5d7b, 0x5d7b, 0x5d7b, 0x5d7b, 
  0x5d7b, 0x5d7b, 0x5d7b, 0x5d7b, 0x5d7b, 0x5d7b, 0x5d7b, 0x5d7b, 0x5d7b, 0x5d7b, 0x5d7b, 0x5d7b, 
  0x5d7b, 0x5d7b, 0x5d7b, 0x5d7b, 0x5d7b, 0x5d7b, 0x5d7b, 0x5d7b, 0x5d7b, 0x5d7b, 0x5d7b, 0x5d7b, 
  0x5d7b, 0x5d7b, 0x5d7b, 0x5d7b, 0x5d7b, 0x5d7b, 0x5d7b, 0x5d7b, 0x5d7b, 0x5d7b, 0x5d7b, 0x5d7b, 
  0x5d7b, 0x5d7b, 0x5d7b, 0x5d7b, 0x5d7b, 0x5d7b, 0x5d7b, 0x5d7b, 0x5d7b, 0x5d7b, 0x5d7b, 0x5d7b, 
  0x5d7b, 0x5d7b, 0x5d7b, 0x5d7b, 0x5d7b, 0x5d7b, 0x5d7b, 0x5d7b, 0x5d7b, 0x5d7b, 0x5d7b, 0x5d7b, 
  0x5d7b, 0x5d7b, 0x5d7b, 0x5d7b, 0x5d7b, 0x5d7b, 0x5d7b, 0x5d7b, 0x5d7b, 0x5d7b, 0x5d7b, 0x5d7b, 
  0x5d7b, 0x5d7b, 0x5d7b, 0x5d7b, 0x5d7b, 0x5d7b, 0x5d7b, 0x5d7b, 0x5d7b, 0x5d7b, 0x5d7b, 0x5d7b, 
  0x5d7b, 0x5d7b, 0x5d7b, 0x5d7b, 0x5d7b, 0x5d7b, 0x5d7b, 0x5d7b, 0x5d7b, 0x5d7b, 0x5d7b, 0x5d7b, 
  0x5d7b, 0xd262, 0x8c4a, 0x8c4a, 0x8c4a, 0x8c4a, 0x8c4a, 0x8c4a, 0x8c4a, 0x8c4a, 0x8c4a, 0x8c4a, 
  0x5d7b, 0x5d7b, 0x5d7b, 0x5d7b, 0xdbde, 0xdbde, 0xdbde, 0xdbde, 0xdbde, 0xdbde, 0xdbde, 0xdbde, 
  0xdbde, 0xdbde, 0xdbde, 0xdbde, 0xdbde, 0xdbde, 0xdbde, 0xdbde, 0xdbde, 0xdbde, 0xdbde, 0xdbde, 
  0xdbde, 0xdbde, 0xdbde, 0xdbde, 0xdbde, 0xdbde, 0xdbde, 0xdbde, 0xdbde, 0xdbde, 0xdbde, 0xdbde, 
  0xdbde, 0xdbde, 0xdbde, 0xdbde, 0xdbde, 0xdbde, 0xdbde, 0xdbde, 0xdbde, 0xdbde, 0xdbde, 0xdbde, 
  0xdbde, 0xdbde, 0xdbde, 0xdbde, 0xdbde, 0xdbde, 0xdbde, 0xdbde, 0xdbde, 0xdbde, 0xdbde, 0xdbde, 
  0xdbde, 0xdbde, 0xdbde, 0xdbde, 0xdbde, 0xdbde, 0xdbde, 0xdbde, 0xdbde, 0xdbde, 0xdbde, 0xdbde, 
  0xdbde, 0xdbde, 0xdbde, 0xdbde, 0xdbde, 0xdbde, 0xdbde, 0xdbde, 0xdbde, 0xdbde, 0xdbde, 0xdbde, 
  0xdbde, 0xdbde, 0xdbde, 0xdbde, 0xdbde, 0xdbde, 0xdbde, 0xdbde, 0xdbde, 0xdbde, 0xdbde, 0xdbde, 
  0xdbde, 0xdbde, 0xdbde, 0xdbde, 0xdbde, 0xdbde, 0xdbde, 0xdbde, 0xdbde, 0xdbde, 0xdbde, 0xdbde, 
  0xdbde, 0xdbde, 0xdbde, 0xdbde, 0xdbde, 0xdbde, 0xdbde, 0xdbde, 0xdbde, 0xdbde, 0xdbde, 0xdbde, 
  0xdbde, 0xdbde, 0xdbde, 0xdbde, 0xdbde, 0xdbde, 0xdbde, 0xdbde, 0xdbde, 0xdbde, 0xdbde, 0xdbde, 
  0xdbde, 0xdbde, 0xdbde, 0xdbde, 0xdbde, 0xdbde, 0xdbde, 0xdbde, 0xdbde, 0xdbde, 0xdbde, 0xdbde, 
  0xdbde, 0xdbde, 0xdbde, 0xdbde, 0xdbde, 0xdbde, 0xdbde, 0xdbde, 0xdbde, 0xdbde, 0xdbde, 0xdbde, 
  0xdbde, 0xdbde, 0xdbde, 0xdbde, 0xdbde, 0xdbde, 0xdbde, 0xdbde, 0xdbde, 0xdbde, 0xdbde, 0xdbde, 
  0xdbde, 0xdbde, 0xdbde, 0xdbde, 0xdbde, 0xdbde, 0xdbde, 0xdbde, 0xdbde, 0xdbde, 0xdbde, 0xdbde, 
  0xdbde, 0xdbde, 0xdbde, 0xdbde, 0xdbde, 0xdbde, 0xdbde, 0xdbde, 0xdbde, 0x5d7b, 0x5d7b, 0x5d7b, 
  0x5d7b, 0x8c4a, 0x8c4a, 0x8c4a, 0x8c4a, 0x8c4a, 0x8c4a, 0x6a62, 0x6a62, 0x8c4a, 0x8c4a, 0x8c4a, 
  0x8c4a, 0x8c4a, 0x8c4a, 0x8c4a, 0xf462, 0x5d7b, 0x5d7b, 0x5d7b, 0x5d7b, 0x5d7b, 0x5d7b, 0x5d7b, 
  0x5d7b, 0x5d7b, 0x5d7b, 0x5d7b, 0x5d7b, 0x5d7b, 0x5d7b, 0x5d7b, 0x5d7b, 0x5d7b, 0x5d7b, 0x5d7b, 
  0x5d7b, 0x5d7b, 0x5d7b, 0x5d7b, 0x5d7b, 0x5d7b, 0x5d7b, 0x5d7b, 0x5d7b, 0x5d7b, 0x5d7b, 0x5d7b, 
  0x5d7b, 0x5d7b, 0x5d7b, 0x5d7b, 0x5d7b, 0x5d7b, 0x5d7b, 0x5d7b, 0x5d7b, 0x5d7b, 0x5d7b, 0x5d7b, 
  0x5d7b, 0x5d7b, 0x5d7b, 0x5d7b, 0x5d7b, 0x5d7b, 0x5d7b, 0x5d7b, 0x5d7b, 0x5d7b, 0x5d7b, 0x5d7b, 
  0x5d7b, 0x5d7b, 0x5d7b, 0x5d7b, 0x5d7b, 0x5d7b, 0x5d7b, 0x5d7b, 0x5d7b, 0x5d7b, 0x5d7b, 0x5d7b, 
  0x5d7b, 0x5d7b, 0x5d7b, 0x5d7b, 0x5d7b, 0x5d7b, 0x5d7b, 0x5d7b, 0x5d7b, 0x5d7b, 0x5d7b, 0x5d7b, 
  0x5d7b, 0x5d7b, 0x5d7b, 0x5d7b, 0x5d7b, 0x5d7b, 0x5d7b, 0x5d7b, 0x5d7b, 0x5d7b, 0x5d7b, 0x5d7b, 
  0x5d7b, 0x5d7b, 0x5d7b, 0x5d7b, 0x5d7b, 0x5d7b, 0x5d7b, 0x5d7b, 0xf462, 0x8c4a, 0x8c4a, 0x8c4a, 
  0x8c4a, 0x8c4a, 0x8c4a, 0x8c4a, 0x8c4a, 0x8c4a, 0x8c4a, 0x8c4a, 0x5d7b, 0x5d7b, 0x5d7b, 0x5d7b, 
  0xdbde, 0xdbde, 0xdbde, 0xdbde, 0xdbde, 0xdbde, 0xdbde, 0xdbde, 0xdbde, 0xdbde, 0xdbde, 0xdbde, 
  0xdbde, 0xdbde, 0xdbde, 0xdbde, 0xdbde, 0xdbde, 0xdbde, 0xdbde, 0xdbde, 0xdbde, 0xdbde, 0xdbde, 
  0xdbde, 0xdbde, 0xdbde, 0xdbde, 0xdbde, 0xdbde, 0xdbde, 0xdbde, 0xdbde, 0xdbde, 0xdbde, 0xdbde, 
  0xdbde, 0xdbde, 0xdbde, 0xdbde, 0xdbde, 0xdbde, 0xdbde, 0xdbde, 0xdbde, 0xdbde, 0xdbde, 0xdbde, 
  0xdbde, 0xdbde, 0xdbde, 0xdbde, 0xdbde, 0xdbde, 0xdbde, 0xdbde, 0xdbde, 0xdbde, 0xdbde, 0xdbde, 
  0xdbde, 0xdbde, 0xdbde, 0xdbde, 0xdbde, 0xdbde, 0xdbde, 0xdbde, 0xdbde, 0xdbde, 0xdbde, 0xdbde, 
  0xdbde, 0xdbde, 0xdbde, 0xdbde, 0xdbde, 0xdbde, 0xdbde, 0xdbde, 0xdbde, 0xdbde, 0xdbde, 0xdbde, 
  0xdbde, 0xdbde, 0xdbde, 0xdbde, 0xdbde, 0xdbde, 0xdbde, 0xdbde, 0xdbde, 0xdbde, 0xdbde, 0xdbde, 
  0xdbde, 0xdbde, 0xdbde, 0xdbde, 0xdbde, 0xdbde, 0xdbde, 0xdbde, 0xdbde, 0xdbde, 0xdbde, 0xdbde, 
  0xdbde, 0xdbde, 0xdbde, 0xdbde, 0xdbde, 0xdbde, 0xdbde, 0xdbde, 0xdbde, 0xdbde, 0xdbde, 0xdbde, 
  0xdbde, 0xdbde, 0xdbde, 0xdbde, 0xdbde, 0xdbde, 0xdbde, 0xdbde, 0xdbde, 0xdbde, 0xdbde, 0xdbde, 
  0xdbde, 0xdbde, 0xdbde, 0xdbde, 0xdbde, 0xdbde, 0xdbde, 0xdbde, 0xdbde, 0xdbde, 0xdbde, 0xdbde, 
  0xdbde, 0xdbde, 0xdbde, 0xdbde, 0xdbde, 0xdbde, 0xdbde, 0xdbde, 0xdbde, 0xdbde, 0xdbde, 0xdbde, 
  0xdbde, 0xdbde, 0xdbde, 0xdbde, 0xdbde, 0xdbde, 0xdbde, 0xdbde, 0xdbde, 0xdbde, 0xdbde, 0xdbde, 
  0xdbde, 0xdbde, 0xdbde, 0xdbde, 0xdbde, 0xdbde, 0xdbde, 0xdbde, 0xdbde, 0xdbde, 0xdbde, 0xdbde, 
  0xdbde, 0xdbde, 0xdbde, 0xdbde, 0xdbde, 0x5d7b, 0x5d7b, 0x5d7b, 0x5d7b, 0x8c4a, 0x8c4a, 0x8c4a, 
  0x8c4a, 0x8c4a, 0x8c4a, 0x6a62, 0x6a62, 0x8c4a, 0x8c4a, 0x8c4a, 0x8c4a, 0x8c4a, 0x8c4a, 0x8c4a, 
  0x8c4a, 0xd262, 0x1973, 0x5d7b, 0x5d7b, 0x5d7b, 0x5d7b, 0x5d7b, 0x5d7b, 0x5d7b, 0x5d7b, 0x5d7b, 
  0x5d7b, 0x5d7b, 0x5d7b, 0x5d7b, 0x5d7b, 0x5d7b, 0x5d7b, 0x5d7b, 0x5d7b, 0x5d7b, 0x5d7b, 0x5d7b, 
  0x5d7b, 0x5d7b, 0x5d7b, 0x5d7b, 0x5d7b, 0x5d7b, 0x5d7b, 0x5d7b, 0x5d7b, 0x5d7b, 0x5d7b, 0x5d7b, 
  0x5d7b, 0x5d7b, 0x5d7b, 0x5d7b, 0x5d7b, 0x5d7b, 0x5d7b, 0x5d7b, 0x5d7b, 0x5d7b, 0x5d7b, 0x5d7b, 
  0x5d7b, 0x5d7b, 0x5d7b, 0x5d7b, 0x5d7b, 0x5d7b, 0x5d7b, 0x5d7b, 0x5d7b, 0x5d7b, 0x5d7b, 0x5d7b, 
  0x5d7b, 0x5d7b, 0x5d7b, 0x5d7b, 0x5d7b, 0x5d7b, 0x5d7b, 0x5d7b, 0x5d7b, 0x5d7b, 0x5d7b, 0x5d7b, 
  0x5d7b, 0x5d7b, 0x5d7b, 0x5d7b, 0x5d7b, 0x5d7b, 0x5d7b, 0x5d7b, 0x5d7b, 0x5d7b, 0x5d7b, 0x5d7b, 
  0x5d7b, 0x5d7b, 0x5d7b, 0x5d7b, 0x5d7b, 0x5d7b, 0x5d7b, 0x5d7b, 0x5d7b, 0x5d7b, 0x5d7b, 0x5d7b, 
  0x5d7b, 0x5c7b, 0x1973, 0xb05a, 0x8c4a, 0x8c4a, 0x8c4a, 0x8c4a, 0x8c4a, 0x8c4a, 0x8c4a, 0x8c4a, 
  0x8c4a, 0x8c4a, 0x8c4a, 0x8c4a, 0x5d7b, 0x5d7b, 0x5d7b, 0x5d7b, 0xdbde, 0xdbde, 0xdbde, 0xdbde, 
  0xdbde, 0xdbde, 0xdbde, 0xdbde, 0xdbde, 0xdbde, 0xdbde, 0xdbde, 0xdbde, 0xdbde, 0xdbde, 0xdbde, 
  0xdbde, 0xdbde, 0xdbde, 0xdbde, 0xdbde, 0xdbde, 0xdbde, 0xdbde, 0xdbde, 0xdbde, 0xdbde, 0xdbde, 
  0xdbde, 0xdbde, 0xdbde, 0xdbde, 0xdbde, 0xdbde, 0xdbde, 0xdbde, 0xdbde, 0xdbde, 0xdbde, 0xdbde, 
  0xdbde, 0xdbde, 0xdbde, 0xdbde, 0xdbde, 0xdbde, 0xdbde, 0xdbde, 0xdbde, 0xdbde, 0xdbde, 0xdbde, 
  0xdbde, 0xdbde, 0xdbde, 0xdbde, 0xdbde, 0xdbde, 0xdbde, 0xdbde, 0xdbde, 0xdbde, 0xdbde, 0xdbde, 
  0xdbde, 0xdbde, 0xdbde, 0xdbde, 0xdbde, 0xdbde, 0xdbde, 0xdbde, 0xdbde, 0xdbde, 0xdbde, 0xdbde, 
  0xdbde, 0xdbde, 0xdbde, 0xdbde, 0xdbde, 0xdbde, 0xdbde, 0xdbde, 0xdbde, 0xdbde, 0xdbde, 0xdbde, 
  0xdbde, 0xdbde, 0xdbde, 0xdbde, 0xdbde, 0xdbde, 0xdbde, 0xdbde, 0xdbde, 0xdbde, 0xdbde, 0xdbde, 
  0xdbde, 0xdbde, 0xdbde, 0xdbde, 0xdbde, 0xdbde, 0xdbde, 0xdbde, 0xdbde, 0xdbde, 0xdbde, 0xdbde, 
  0xdbde, 0xdbde, 0xdbde, 0xdbde, 0xdbde, 0xdbde, 0xdbde, 0xdbde, 0xdbde, 0xdbde, 0xdbde, 0xdbde, 
  0xdbde, 0xdbde, 0xdbde, 0xdbde, 0xdbde, 0xdbde, 0xdbde, 0xdbde, 0xdbde, 0xdbde, 0xdbde, 0xdbde, 
  0xdbde, 0xdbde, 0xdbde, 0xdbde, 0xdbde, 0xdbde, 0xdbde, 0xdbde, 0xdbde, 0xdbde, 0xdbde, 0xdbde, 
  0xdbde, 0xdbde, 0xdbde, 0xdbde, 0xdbde, 0xdbde, 0xdbde, 0xdbde, 0xdbde, 0xdbde, 0xdbde, 0xdbde, 
  0xdbde, 0xdbde, 0xdbde, 0xdbde, 0xdbde, 0xdbde, 0xdbde, 0xdbde, 0xdbde, 0xdbde, 0xdbde, 0xdbde, 
  0xdbde, 0xdbde, 0xdbde, 0xdbde, 0xdbde, 0xdbde, 0xdbde, 0xdbde, 0xdbde, 0xdbde, 0xdbde, 0xdbde, 
  0xdbde, 0x5d7b, 0x5d7b, 0x5d7b, 0x5d7b, 0x8c4a, 0x8c4a, 0x8c4a, 0x8c4a, 0x8c4a, 0x8c4a, 0x6a62, 
  0x6a62, 0x8c4a, 0x8c4a, 0x8c4a, 0x8c4a, 0x8c4a, 0x8c4a, 0x8c4a, 0x8c4a, 0x8c4a, 0x8c4a, 0x8c4a, 
  0x8c4a, 0x8c4a, 0x8c4a, 0x8c4a, 0x8c4a, 0x8c4a, 0x8c4a, 0x8c4a, 0x8c4a, 0x8c4a, 0x8c4a, 0x8c4a, 
  0x8c4a, 0x8c4a, 0x8c4a, 0x8c4a, 0x8c4a, 0x8c4a, 0x8c4a, 0x8c4a, 0x8c4a, 0x8c4a, 0x8c4a, 0x8c4a, 
  0x8c4a, 0x8c4a, 0x8c4a, 0x8c4a, 0x8c4a, 0x8c4a, 0x8c4a, 0x8c4a, 0x8c4a, 0x8c4a, 0x8c4a, 0x8c4a, 
  0x8c4a, 0x8c4a, 0x8c4a, 0x8c4a, 0x8c4a, 0x8c4a, 0x8c4a, 0x8c4a, 0x8c4a, 0x8c4a, 0x8c4a, 0x8c4a, 
  0x8c4a, 0x8c4a, 0x8c4a, 0x8c4a, 0x8c4a, 0x8c4a, 0x8c4a, 0x8c4a, 0x8c4a, 0x8c4a, 0x8c4a, 0x8c4a, 
  0x8c4a, 0x8c4a, 0x8c4a, 0x8c4a, 0x8c4a, 0x8c4a, 0x8c4a, 0x8c4a, 0x8c4a, 0x8c4a, 0x8c4a, 0x8c4a, 
  0x8c4a, 0x8c4a, 0x8c4a, 0x8c4a, 0x8c4a, 0x8c4a, 0x8c4a, 0x8c4a, 0x8c4a, 0x8c4a, 0x8c4a, 0x8c4a, 
  0x8c4a, 0x8c4a, 0x8c4a, 0x8c4a, 0x8c4a, 0x8c4a, 0x8c4a, 0x8c4a, 0x8c4a, 0x8c4a, 0x8c4a, 0x8c4a, 
  0x8c4a, 0x8c4a, 0x8c4a, 0x8c4a, 0x8c4a, 0x8c4a, 0x8c4a, 0x8c4a, 0x8c4a, 0x8c4a, 0x8c4a, 0x8c4a, 
  0x5d7b, 0x5d7b, 0x5d7b, 0x5d7b, 0xdbde, 0xdbde, 0xdbde, 0xdbde, 0xdbde, 0xdbde, 0xdbde, 0xdbde, 
  0xdbde, 0xdbde, 0xdbde, 0xdbde, 0xdbde, 0xdbde, 0xdbde, 0xdbde, 0xdbde, 0xdbde, 0xdbde, 0xdbde, 
  0xdbde, 0xdbde, 0xdbde, 0xdbde, 0xdbde, 0xdbde, 0xdbde, 0xdbde, 0xdbde, 0xdbde, 0xdbde, 0xdbde, 
  0xdbde, 0xdbde, 0xdbde, 0xdbde, 0xdbde, 0xdbde, 0xdbde, 0xdbde, 0xdbde, 0xdbde, 0xdbde, 0xdbde, 
  0xdbde, 0xdbde, 0xdbde, 0xdbde, 0xdbde, 0xdbde, 0xdbde, 0xdbde, 0xdbde, 0xdbde, 0xdbde, 0xdbde, 
  0xdbde, 0xdbde, 0xdbde, 0xdbde, 0xdbde, 0xdbde, 0xdbde, 0xdbde, 0xdbde, 0xdbde, 0xdbde, 0xdbde, 
  0xdbde, 0xdbde, 0xdbde, 0xdbde, 0xdbde, 0xdbde, 0xdbde, 0xdbde, 0xdbde, 0xdbde, 0xdbde, 0xdbde, 
  0xdbde, 0xdbde, 0xdbde, 0xdbde, 0xdbde, 0xdbde, 0xdbde, 0xdbde, 0xdbde, 0xdbde, 0xdbde, 0xdbde, 
  0xdbde, 0xdbde, 0xdbde, 0xdbde, 0xdbde, 0xdbde, 0xdbde, 0xdbde, 0xdbde, 0xdbde, 0xdbde, 0xdbde, 
  0xdbde, 0xdbde, 0xdbde, 0xdbde, 0xdbde, 0xdbde, 0xdbde, 0xdbde, 0xdbde, 0xdbde, 0xdbde, 0xdbde, 
  0xdbde, 0xdbde, 0xdbde, 0xdbde, 0xdbde, 0xdbde, 0xdbde, 0xdbde, 0xdbde, 0xdbde, 0xdbde, 0xdbde, 
  0xdbde, 0xdbde, 0xdbde, 0xdbde, 0xdbde, 0xdbde, 0xdbde, 0xdbde, 0xdbde, 0xdbde, 0xdbde, 0xdbde, 
  0xdbde, 0xdbde, 0xdbde, 0xdbde, 0xdbde, 0xdbde, 0xdbde, 0xdbde, 0xdbde, 0xdbde, 0xdbde, 0xdbde, 
  0xdbde, 0xdbde, 0xdbde, 0xdbde, 0xdbde, 0xdbde, 0xdbde, 0xdbde, 0xdbde, 0xdbde, 0xdbde, 0xdbde, 
  0xdbde, 0xdbde, 0xdbde, 0xdbde, 0xdbde, 0xdbde, 0xdbde, 0xdbde, 0xdbde, 0xdbde, 0xdbde, 0xdbde, 
  0xdbde, 0xdbde, 0xdbde, 0xdbde, 0xdbde, 0xdbde, 0xdbde, 0xdbde, 0xdbde, 0x5d7b, 0x5d7b, 0x5d7b, 
  0x5d7b, 0x8c4a, 0x8c4a, 0x8c4a, 0x8c4a, 0x8c4a, 0x8c4a, 0x6a62, 0x6a62, 0x8c4a, 0x8c4a, 0x8c4a, 
  0x8c4a, 0x8c4a, 0x8c4a, 0x8c4a, 0x8c4a, 0x8c4a, 0x8c4a, 0x8c4a, 0x8c4a, 0x8c4a, 0x8c4a, 0x8c4a, 
  0x8c4a, 0x8c4a, 0x8c4a, 0x8c4a, 0x8c4a, 0x8c4a, 0x8c4a, 0x8c4a, 0x8c4a, 0x8c4a, 0x8c4a, 0x8c4a, 
  0x8c4a, 0x8c4a, 0x8c4a, 0x8c4a, 0x8c4a, 0x8c4a, 0x8c4a, 0x8c4a, 0x8c4a, 0x8c4a, 0x8c4a, 0x8c4a, 
  0x8c4a, 0x8c4a, 0x8c4a, 0x8c4a, 0x8c4a, 0x8c4a, 0x8c4a, 0x8c4a, 0x8c4a, 0x8c4a, 0x8c4a, 0x8c4a, 
  0x8c4a, 0x8c4a, 0x8c4a, 0x8c4a, 0x8c4a, 0x8c4a, 0x8c4a, 0x8c4a, 0x8c4a, 0x8c4a, 0x8c4a, 0x8c4a, 
  0x8c4a, 0x8c4a, 0x8c4a, 0x8c4a, 0x8c4a, 0x8c4a, 0x8c4a, 0x8c4a, 0x8c4a, 0x8c4a, 0x8c4a, 0x8c4a, 
  0x8c4a, 0x8c4a, 0x8c4a, 0x8c4a, 0x8c4a, 0x8c4a, 0x8c4a, 0x8c4a, 0x8c4a, 0x8c4a, 0x8c4a, 0x8c4a, 
  0x8c4a, 0x8c4a, 0x8c4a, 0x8c4a, 0x8c4a, 0x8c4a, 0x8c4a, 0x8c4a, 0x8c4a, 0x8c4a, 0x8c4a, 0x8c4a, 
  0x8c4a, 0x8c4a, 0x8c4a, 0x8c4a, 0x8c4a, 0x8c4a, 0x8c4a, 0x8c4a, 0x8c4a, 0x8c4a, 0x8c4a, 0x8c4a, 
  0x8c4a, 0x8c4a, 0x8c4a, 0x8c4a, 0x8c4a, 0x8c4a, 0x8c4a, 0x8c4a, 0x5d7b, 0x5d7b, 0x5d7b, 0x5d7b, 
  0xdbde, 0xdbde, 0xdbde, 0xdbde, 0xdbde, 0xdbde, 0xdbde, 0xdbde, 0xdbde, 0xdbde, 0xdbde, 0xdbde, 
  0xdbde, 0xdbde, 0xdbde, 0xdbde, 0xdbde, 0xdbde, 0xdbde, 0xdbde, 0xdbde, 0xdbde, 0xdbde, 0xdbde, 
  0xdbde, 0xdbde, 0xdbde, 0xdbde, 0xdbde, 0xdbde, 0xdbde, 0xdbde, 0xdbde, 0xdbde, 0xdbde, 0xdbde, 
  0xdbde, 0xdbde, 0xdbde, 0xdbde, 0xdbde, 0xdbde, 0xdbde, 0xdbde, 0xdbde, 0xdbde, 0xdbde, 0xdbde, 
  0xdbde, 0xdbde, 0xdbde, 0xdbde, 0xdbde, 0xdbde, 0xdbde, 0xdbde, 0xdbde, 0xdbde, 0xdbde, 0xdbde, 
  0xdbde, 0xdbde, 0xdbde, 0xdbde, 0xdbde, 0xdbde, 0xdbde, 0xdbde, 0xdbde, 0xdbde, 0xdbde, 0xdbde, 
  0xdbde, 0xdbde, 0xdbde, 0xdbde, 0xdbde, 0xdbde, 0xdbde, 0xdbde, 0xdbde, 0xdbde, 0xdbde, 0xdbde, 
  0xdbde, 0xdbde, 0xdbde, 0xdbde, 0xdbde, 0xdbde, 0xdbde, 0xdbde, 0xdbde, 0xdbde, 0xdbde, 0xdbde, 
  0xdbde, 0xdbde, 0xdbde, 0xdbde, 0xdbde, 0xdbde, 0xdbde, 0xdbde, 0xdbde, 0xdbde, 0xdbde, 0xdbde, 
  0xdbde, 0xdbde, 0xdbde, 0xdbde, 0xdbde, 0xdbde, 0xdbde, 0xdbde, 0xdbde, 0xdbde, 0xdbde, 0xdbde, 
  0xdbde, 0xdbde, 0xdbde, 0xdbde, 0xdbde, 0xdbde, 0xdbde, 0xdbde, 0xdbde, 0xdbde, 0xdbde, 0xdbde, 
  0xdbde, 0xdbde, 0xdbde, 0xdbde, 0xdbde, 0xdbde, 0xdbde, 0xdbde, 0xdbde, 0xdbde, 0xdbde, 0xdbde, 
  0xdbde, 0xdbde, 0xdbde, 0xdbde, 0xdbde, 0xdbde, 0xdbde, 0xdbde, 0xdbde, 0xdbde, 0xdbde, 0xdbde, 
  0xdbde, 0xdbde, 0xdbde, 0xdbde, 0xdbde, 0xdbde, 0xdbde, 0xdbde, 0xdbde, 0xdbde, 0xdbde, 0xdbde, 
  0xdbde, 0xdbde, 0xdbde, 0xdbde, 0xdbde, 0xdbde, 0xdbde, 0xdbde, 0xdbde, 0xdbde, 0xdbde, 0xdbde, 
  0xdbde, 0xdbde, 0xdbde, 0xdbde, 0xdbde, 0x5d7b, 0x5d7b, 0x5d7b, 0x5d7b, 0x8c4a, 0x8c4a, 0x8c4a, 
  0x8c4a, 0x8c4a, 0x8c4a, 0x6a62, 0x6a62, 0x8c4a, 0x8c4a, 0x8c4a, 0x8c4a, 0x8c4a, 0x8c4a, 0x8c4a, 
  0x8c4a, 0xb05a, 0x1973, 0x5c7b, 0x5d7b, 0x5d7b, 0x5d7b, 0x5d7b, 0x5d7b, 0x5d7b, 0x5d7b, 0x5d7b, 
  0x5d7b, 0x5d7b, 0x5d7b, 0x5d7b, 0x5d7b, 0x5d7b, 0x5d7b, 0x5d7b, 0x5d7b, 0x5d7b, 0x5d7b, 0x5d7b, 
  0x5d7b, 0x5d7b, 0x5d7b, 0x5d7b, 0x5d7b, 0x5d7b, 0x5d7b, 0x5d7b, 0x5d7b, 0x5d7b, 0x5d7b, 0x5d7b, 
  0x5d7b, 0x5d7b, 0x5d7b, 0x5d7b, 0x5d7b, 0x5d7b, 0x5d7b, 0x5d7b, 0x5d7b, 0x5d7b, 0x5d7b, 0x5d7b, 
  0x5d7b, 0x5d7b, 0x5d7b, 0x5d7b, 0x5d7b, 0x5d7b, 0x5d7b, 0x5d7b, 0x5d7b, 0x5d7b, 0x5d7b, 0x5d7b, 
  0x5d7b, 0x5d7b, 0x5d7b, 0x5d7b, 0x5d7b, 0x5d7b, 0x5d7b, 0x5d7b, 0x5d7b, 0x5d7b, 0x5d7b, 0x5d7b, 
  0x5d7b, 0x5d7b, 0x5d7b, 0x5d7b, 0x5d7b, 0x5d7b, 0x5d7b, 0x5d7b, 0x5d7b, 0x5d7b, 0x5d7b, 0x5d7b, 
  0x5d7b, 0x5d7b, 0x5d7b, 0x5d7b, 0x5d7b, 0x5d7b, 0x5d7b, 0x5d7b, 0x5d7b, 0x5d7b, 0x5d7b, 0x5d7b, 
  0x5d7b, 0x5d7b, 0x1973, 0xd25a, 0x8c4a, 0x8c4a, 0x8c4a, 0x8c4a, 0x8c4a, 0x8c4a, 0x8c4a, 0x8c4a, 
  0x8c4a, 0x8c4a, 0x8c4a, 0x8c4a, 0x5d7b, 0x5d7b, 0x5d7b, 0x5d7b, 0xdbde, 0xdbde, 0xdbde, 0xdbde, 
  0xdbde, 0xdbde, 0xdbde, 0xdbde, 0xdbde, 0xdbde, 0xdbde, 0xdbde, 0xdbde, 0xdbde, 0xdbde, 0xdbde, 
  0xdbde, 0xdbde, 0xdbde, 0xdbde, 0xdbde, 0xdbde, 0xdbde, 0xdbde, 0xdbde, 0xdbde, 0xdbde, 0xdbde, 
  0xdbde, 0xdbde, 0xdbde, 0xdbde, 0xdbde, 0xdbde, 0xdbde, 0xdbde, 0xdbde, 0xdbde, 0xdbde, 0xdbde, 
  0xdbde, 0xdbde, 0xdbde, 0xdbde, 0xdbde, 0xdbde, 0xdbde, 0xdbde, 0xdbde, 0xdbde, 0xdbde, 0xdbde, 
  0xdbde, 0xdbde, 0xdbde, 0xdbde, 0xdbde, 0xdbde, 0xdbde, 0xdbde, 0xdbde, 0xdbde, 0xdbde, 0xdbde, 
  0xdbde, 0xdbde, 0xdbde, 0xdbde, 0xdbde, 0xdbde, 0xdbde, 0xdbde, 0xdbde, 0xdbde, 0xdbde, 0xdbde, 
  0xdbde, 0xdbde, 0xdbde, 0xdbde, 0xdbde, 0xdbde, 0xdbde, 0xdbde, 0xdbde, 0xdbde, 0xdbde, 0xdbde, 
  0xdbde, 0xdbde, 0xdbde, 0xdbde, 0xdbde, 0xdbde, 0xdbde, 0xdbde, 0xdbde, 0xdbde, 0xdbde, 0xdbde, 
  0xdbde, 0xdbde, 0xdbde, 0xdbde, 0xdbde, 0xdbde, 0xdbde, 0xdbde, 0xdbde, 0xdbde, 0xdbde, 0xdbde, 
  0xdbde, 0xdbde, 0xdbde, 0xdbde, 0xdbde, 0xdbde, 0xdbde, 0xdbde, 0xdbde, 0xdbde, 0xdbde, 0xdbde, 
  0xdbde, 0xdbde, 0xdbde, 0xdbde, 0xdbde, 0xdbde, 0xdbde, 0xdbde, 0xdbde, 0xdbde, 0xdbde, 0xdbde, 
  0xdbde, 0xdbde, 0xdbde, 0xdbde, 0xdbde, 0xdbde, 0xdbde, 0xdbde, 0xdbde, 0xdbde, 0xdbde, 0xdbde, 
  0xdbde, 0xdbde, 0xdbde, 0xdbde, 0xdbde, 0xdbde, 0xdbde, 0xdbde, 0xdbde, 0xdbde, 0xdbde, 0xdbde, 
  0xdbde, 0xdbde, 0xdbde, 0xdbde, 0xdbde, 0xdbde, 0xdbde, 0xdbde, 0xdbde, 0xdbde, 0xdbde, 0xdbde, 
  0xdbde, 0xdbde, 0xdbde, 0xdbde, 0xdbde, 0xdbde, 0xdbde, 0xdbde, 0xdbde, 0xdbde, 0xdbde, 0xdbde, 
  0xdbde, 0x5d7b, 0x5d7b, 0x5d7b, 0x5d7b, 0x8c4a, 0x8c4a, 0x8c4a, 0x8c4a, 0x8c4a, 0x8c4a, 0x6a62, 
  0x6a62, 0x8c4a, 0x8c4a, 0x8c4a, 0x8c4a, 0x8c4a, 0x8c4a, 0x8c4a, 0xf462, 0x5d7b, 0x5d7b, 0x5d7b, 
  0x5d7b, 0x5d7b, 0x5d7b, 0x5d7b, 0x5d7b, 0x5d7b, 0x5d7b, 0x5d7b, 0x5d7b, 0x5d7b, 0x5d7b, 0x5d7b, 
  0x5d7b, 0x5d7b, 0x5d7b, 0x5d7b, 0x5d7b, 0x5d7b, 0x5d7b, 0x5d7b, 0x5d7b, 0x5d7b, 0x5d7b, 0x5d7b, 
  0x5d7b, 0x5d7b, 0x5d7b, 0x5d7b, 0x5d7b, 0x5d7b, 0x5d7b, 0x5d7b, 0x5d7b, 0x5d7b, 0x5d7b, 0x5d7b, 
  0x5d7b, 0x5d7b, 0x5d7b, 0x5d7b, 0x5d7b, 0x5d7b, 0x5d7b, 0x5d7b, 0x5d7b, 0x5d7b, 0x5d7b, 0x5d7b, 
  0x5d7b, 0x5d7b, 0x5d7b, 0x5d7b, 0x5d7b, 0x5d7b, 0x5d7b, 0x5d7b, 0x5d7b, 0x5d7b, 0x5d7b, 0x5d7b, 
  0x5d7b, 0x5d7b, 0x5d7b, 0x5d7b, 0x5d7b, 0x5d7b, 0x5d7b, 0x5d7b, 0x5d7b, 0x5d7b, 0x5d7b, 0x5d7b, 
  0x5d7b, 0x5d7b, 0x5d7b, 0x5d7b, 0x5d7b, 0x5d7b, 0x5d7b, 0x5d7b, 0x5d7b, 0x5d7b, 0x5d7b, 0x5d7b, 
  0x5d7b, 0x5d7b, 0x5d7b, 0x5d7b, 0x5d7b, 0x5d7b, 0x5d7b, 0x5d7b, 0x5d7b, 0x5d7b, 0x5d7b, 0x5d7b, 
  0xf462, 0x8c4a, 0x8c4a, 0x8c4a, 0x8c4a, 0x8c4a, 0x8c4a, 0x8c4a, 0x8c4a, 0x8c4a, 0x8c4a, 0x8c4a, 
  0x5d7b, 0x5d7b, 0x5d7b, 0x5d7b, 0xdbde, 0xdbde, 0xdbde, 0xdbde, 0xdbde, 0xdbde, 0xdbde, 0xdbde, 
  0xdbde, 0xdbde, 0xdbde, 0xdbde, 0xdbde, 0xdbde, 0xdbde, 0xdbde, 0xdbde, 0xdbde, 0xdbde, 0xdbde, 
  0xdbde, 0xdbde, 0xdbde, 0xdbde, 0xdbde, 0xdbde, 0xdbde, 0xdbde, 0xdbde, 0xdbde, 0xdbde, 0xdbde, 
  0xdbde, 0xdbde, 0xdbde, 0xdbde, 0xdbde, 0xdbde, 0xdbde, 0xdbde, 0xdbde, 0xdbde, 0xdbde, 0xdbde, 
  0xdbde, 0xdbde, 0xdbde, 0xdbde, 0xdbde, 0xdbde, 0xdbde, 0xdbde, 0xdbde, 0xdbde, 0xdbde, 0xdbde, 
  0xdbde, 0xdbde, 0xdbde, 0xdbde, 0xdbde, 0xdbde, 0xdbde, 0xdbde, 0xdbde, 0xdbde, 0xdbde, 0xdbde, 
  0xdbde, 0xdbde, 0xdbde, 0xdbde, 0xdbde, 0xdbde, 0xdbde, 0xdbde, 0xdbde, 0xdbde, 0xdbde, 0xdbde, 
  0xdbde, 0xdbde, 0xdbde, 0xdbde, 0xdbde, 0xdbde, 0xdbde, 0xdbde, 0xdbde, 0xdbde, 0xdbde, 0xdbde, 
  0xdbde, 0xdbde, 0xdbde, 0xdbde, 0xdbde, 0xdbde, 0xdbde, 0xdbde, 0xdbde, 0xdbde, 0xdbde, 0xdbde, 
  0xdbde, 0xdbde, 0xdbde, 0xdbde, 0xdbde, 0xdbde, 0xdbde, 0xdbde, 0xdbde, 0xdbde, 0xdbde, 0xdbde, 
  0xdbde, 0xdbde, 0xdbde, 0xdbde, 0xdbde, 0xdbde, 0xdbde, 0xdbde, 0xdbde, 0xdbde, 0xdbde, 0xdbde, 
  0xdbde, 0xdbde, 0xdbde, 0xdbde, 0xdbde, 0xdbde, 0xdbde, 0xdbde, 0xdbde, 0xdbde, 0xdbde, 0xdbde, 
  0xdbde, 0xdbde, 0xdbde, 0xdbde, 0xdbde, 0xdbde, 0xdbde, 0xdbde, 0xdbde, 0xdbde, 0xdbde, 0xdbde, 
  0xdbde, 0xdbde, 0xdbde, 0xdbde, 0xdbde, 0xdbde, 0xdbde, 0xdbde, 0xdbde, 0xdbde, 0xdbde, 0xdbde, 
  0xdbde, 0xdbde, 0xdbde, 0xdbde, 0xdbde, 0xdbde, 0xdbde, 0xdbde, 0xdbde, 0xdbde, 0xdbde, 0xdbde, 
  0xdbde, 0xdbde, 0xdbde, 0xdbde, 0xdbde, 0xdbde, 0xdbde, 0xdbde, 0xdbde, 0x5d7b, 0x5d7b, 0x5d7b, 
  0x5d7b, 0x8c4a, 0x8c4a, 0x8c4a, 0x8c4a, 0x8c4a, 0x8c4a, 0x6a62, 0x6a62, 0x8c4a, 0x8c4a, 0x8c4a, 
  0x8c4a, 0x8c4a, 0x8c4a, 0xd25a, 0x5d7b, 0x5d7b, 0x5d7b, 0x5d7b, 0x5d7b, 0x5d7b, 0x5d7b, 0x5d7b, 
  0x5d7b, 0x5d7b, 0x5d7b, 0x5d7b, 0x5d7b, 0x5d7b, 0x5d7b, 0x5d7b, 0x5d7b, 0x5d7b, 0x5d7b, 0x5d7b, 
  0x5d7b, 0x5d7b, 0x5d7b, 0x5d7b, 0x5d7b, 0x5d7b, 0x5d7b, 0x5d7b, 0x5d7b, 0x5d7b, 0x5d7b, 0x5d7b, 
  0x5d7b, 0x5d7b, 0x5d7b, 0x5d7b, 0x5d7b, 0x5d7b, 0x5d7b, 0x5d7b, 0x5d7b, 0x5d7b, 0x5d7b, 0x5d7b, 
  0x5d7b, 0x5d7b, 0x5d7b, 0x5d7b, 0x5d7b, 0x5d7b, 0x5d7b, 0x5d7b, 0x5d7b, 0x5d7b, 0x5d7b, 0x5d7b, 
  0x5d7b, 0x5d7b, 0x5d7b, 0x5d7b, 0x5d7b, 0x5d7b, 0x5d7b, 0x5d7b, 0x5d7b, 0x5d7b, 0x5d7b, 0x5d7b, 
  0x5d7b, 0x5d7b, 0x5d7b, 0x5d7b, 0x5d7b, 0x5d7b, 0x5d7b, 0x5d7b, 0x5d7b, 0x5d7b, 0x5d7b, 0x5d7b, 
  0x5d7b, 0x5d7b, 0x5d7b, 0x5d7b, 0x5d7b, 0x5d7b, 0x5d7b, 0x5d7b, 0x5d7b, 0x5d7b, 0x5d7b, 0x5d7b, 
  0x5d7b, 0x5d7b, 0x5d7b, 0x5d7b, 0x5d7b, 0x5d7b, 0x5d7b, 0x5d7b, 0x5d7b, 0xb05a, 0x8c4a, 0x8c4a, 
  0x8c4a, 0x8c4a, 0x8c4a, 0x8c4a, 0x8c4a, 0x8c4a, 0x8c4a, 0x8c4a, 0x5d7b, 0x5d7b, 0x5d7b, 0x5d7b, 
  0xdbde, 0xdbde, 0xdbde, 0xdbde, 0xdbde, 0xdbde, 0xdbde, 0xdbde, 0xdbde, 0xdbde, 0xdbde, 0xdbde, 
  0xdbde, 0xdbde, 0xdbde, 0xdbde, 0xdbde, 0xdbde, 0xdbde, 0xdbde, 0xdbde, 0xdbde, 0xdbde, 0xdbde, 
  0xdbde, 0xdbde, 0xdbde, 0xdbde, 0xdbde, 0xdbde, 0xdbde, 0xdbde, 0xdbde, 0xdbde, 0xdbde, 0xdbde, 
  0xdbde, 0xdbde, 0xdbde, 0xdbde, 0xdbde, 0xdbde, 0xdbde, 0xdbde, 0xdbde, 0xdbde, 0xdbde, 0xdbde, 
  0xdbde, 0xdbde, 0xdbde, 0xdbde, 0xdbde, 0xdbde, 0xdbde, 0xdbde, 0xdbde, 0xdbde, 0xdbde, 0xdbde, 
  0xdbde, 0xdbde, 0xdbde, 0xdbde, 0xdbde, 0xdbde, 0xdbde, 0xdbde, 0xdbde, 0xdbde, 0xdbde, 0xdbde, 
  0xdbde, 0xdbde, 0xdbde, 0xdbde, 0xdbde, 0xdbde, 0xdbde, 0xdbde, 0xdbde, 0xdbde, 0xdbde, 0xdbde, 
  0xdbde, 0xdbde, 0xdbde, 0xdbde, 0xdbde, 0xdbde, 0xdbde, 0xdbde, 0xdbde, 0xdbde, 0xdbde, 0xdbde, 
  0xdbde, 0xdbde, 0xdbde, 0xdbde, 0xdbde, 0xdbde, 0xdbde, 0xdbde, 0xdbde, 0xdbde, 0xdbde, 0xdbde, 
  0xdbde, 0xdbde, 0xdbde, 0xdbde, 0xdbde, 0xdbde, 0xdbde, 0xdbde, 0xdbde, 0xdbde, 0xdbde, 0xdbde, 
  0xdbde, 0xdbde, 0xdbde, 0xdbde, 0xdbde, 0xdbde, 0xdbde, 0xdbde, 0xdbde, 0xdbde, 0xdbde, 0xdbde, 
  0xdbde, 0xdbde, 0xdbde, 0xdbde, 0xdbde, 0xdbde, 0xdbde, 0xdbde, 0xdbde, 0xdbde, 0xdbde, 0xdbde, 
  0xdbde, 0xdbde, 0xdbde, 0xdbde, 0xdbde, 0xdbde, 0xdbde, 0xdbde, 0xdbde, 0xdbde, 0xdbde, 0xdbde, 
  0xdbde, 0xdbde, 0xdbde, 0xdbde, 0xdbde, 0xdbde, 0xdbde, 0xdbde, 0xdbde, 0xdbde, 0xdbde, 0xdbde, 
  0xdbde, 0xdbde, 0xdbde, 0xdbde, 0xdbde, 0xdbde, 0xdbde, 0xdbde, 0xdbde, 0xdbde, 0xdbde, 0xdbde, 
  0xdbde, 0xdbde, 0xdbde, 0xdbde, 0xdbde, 0x5d7b, 0x5d7b, 0x5d7b, 0x5d7b, 0x8c4a, 0x8c4a, 0x8c4a, 
  0x8c4a, 0x8c4a, 0x8c4a, 0x6a62, 0x6a62, 0x8c4a, 0x8c4a, 0x8c4a, 0x8c4a, 0x8c4a, 0x8c4a, 0x1973, 
  0x5d7b, 0x5d7b, 0x5d7b, 0x5d7b, 0x5d7b, 0x5d7b, 0x5d7b, 0x5d7b, 0x5d7b, 0x5d7b, 0x5d7b, 0x5d7b, 
  0x5d7b, 0x5d7b, 0x5d7b, 0x5d7b, 0x5d7b, 0x5d7b, 0x5d7b, 0x5d7b, 0x5d7b, 0x5d7b, 0x5d7b, 0x5d7b, 
  0x5d7b, 0x5d7b, 0x5d7b, 0x5d7b, 0x5d7b, 0x5d7b, 0x5d7b, 0x5d7b, 0x5d7b, 0x5d7b, 0x5d7b, 0x5d7b, 
  0x5d7b, 0x5d7b, 0x5d7b, 0x5d7b, 0x5d7b, 0x5d7b, 0x5d7b, 0x5d7b, 0x5d7b, 0x5d7b, 0x5d7b, 0x5d7b, 
  0x5d7b, 0x5d7b, 0x5d7b, 0x5d7b, 0x5d7b, 0x5d7b, 0x5d7b, 0x5d7b, 0x5d7b, 0x5d7b, 0x5d7b, 0x5d7b, 
  0x5d7b, 0x5d7b, 0x5d7b, 0x5d7b, 0x5d7b, 0x5d7b, 0x5d7b, 0x5d7b, 0x5d7b, 0x5d7b, 0x5d7b, 0x5d7b, 
  0x5d7b, 0x5d7b, 0x5d7b, 0x5d7b, 0x5d7b, 0x5d7b, 0x5d7b, 0x5d7b, 0x5d7b, 0x5d7b, 0x5d7b, 0x5d7b, 
  0x5d7b, 0x5d7b, 0x5d7b, 0x5d7b, 0x5d7b, 0x5d7b, 0x5d7b, 0x5d7b, 0x5d7b, 0x5d7b, 0x5d7b, 0x5d7b, 
  0x5d7b, 0x5d7b, 0x5d7b, 0x5d7b, 0x5d7b, 0x1973, 0x8c4a, 0x8c4a, 0x8c4a, 0x8c4a, 0x8c4a, 0x8c4a, 
  0x8c4a, 0x8c4a, 0x8c4a, 0x8c4a, 0x5d7b, 0x5d7b, 0x5d7b, 0x5d7b, 0xdbde, 0xdbde, 0xdbde, 0xdbde, 
  0xdbde, 0xdbde, 0xdbde, 0xdbde, 0xdbde, 0xdbde, 0xdbde, 0xdbde, 0xdbde, 0xdbde, 0xdbde, 0xdbde, 
  0xdbde, 0xdbde, 0xdbde, 0xdbde, 0xdbde, 0xdbde, 0xdbde, 0xdbde, 0xdbde, 0xdbde, 0xdbde, 0xdbde, 
  0xdbde, 0xdbde, 0xdbde, 0xdbde, 0xdbde, 0xdbde, 0xdbde, 0xdbde, 0xdbde, 0xdbde, 0xdbde, 0xdbde, 
  0xdbde, 0xdbde, 0xdbde, 0xdbde, 0xdbde, 0xdbde, 0xdbde, 0xdbde, 0xdbde, 0xdbde, 0xdbde, 0xdbde, 
  0xdbde, 0xdbde, 0xdbde, 0xdbde, 0xdbde, 0xdbde, 0xdbde, 0xdbde, 0xdbde, 0xdbde, 0xdbde, 0xdbde, 
  0xdbde, 0xdbde, 0xdbde, 0xdbde, 0xdbde, 0xdbde, 0xdbde, 0xdbde, 0xdbde, 0xdbde, 0xdbde, 0xdbde, 
  0xdbde, 0xdbde, 0xdbde, 0xdbde, 0xdbde, 0xdbde, 0xdbde, 0xdbde, 0xdbde, 0xdbde, 0xdbde, 0xdbde, 
  0xdbde, 0xdbde, 0xdbde, 0xdbde, 0xdbde, 0xdbde, 0xdbde, 0xdbde, 0xdbde, 0xdbde, 0xdbde, 0xdbde, 
  0xdbde, 0xdbde, 0xdbde, 0xdbde, 0xdbde, 0xdbde, 0xdbde, 0xdbde, 0xdbde, 0xdbde, 0xdbde, 0xdbde, 
  0xdbde, 0xdbde, 0xdbde, 0xdbde, 0xdbde, 0xdbde, 0xdbde, 0xdbde, 0xdbde, 0xdbde, 0xdbde, 0xdbde, 
  0xdbde, 0xdbde, 0xdbde, 0xdbde, 0xdbde, 0xdbde, 0xdbde, 0xdbde, 0xdbde, 0xdbde, 0xdbde, 0xdbde, 
  0xdbde, 0xdbde, 0xdbde, 0xdbde, 0xdbde, 0xdbde, 0xdbde, 0xdbde, 0xdbde, 0xdbde, 0xdbde, 0xdbde, 
  0xdbde, 0xdbde, 0xdbde, 0xdbde, 0xdbde, 0xdbde, 0xdbde, 0xdbde, 0xdbde, 0xdbde, 0xdbde, 0xdbde, 
  0xdbde, 0xdbde, 0xdbde, 0xdbde, 0xdbde, 0xdbde, 0xdbde, 0xdbde, 0xdbde, 0xdbde, 0xdbde, 0xdbde, 
  0xdbde, 0xdbde, 0xdbde, 0xdbde, 0xdbde, 0xdbde, 0xdbde, 0xdbde, 0xdbde, 0xdbde, 0xdbde, 0xdbde, 
  0xdbde, 0x5d7b, 0x5d7b, 0x5d7b, 0x5d7b, 0x8c4a, 0x8c4a, 0x8c4a, 0x8c4a, 0x8c4a, 0x8c4a, 0x6a62, 
  0x6a62, 0x8c4a, 0x8c4a, 0x8c4a, 0x8c4a, 0x8c4a, 0x8c4a, 0x5d7b, 0x5d7b, 0x5d7b, 0x5d7b, 0x5bce, 
  0xdbde, 0xdbde, 0xdbde, 0xdbde, 0xdbde, 0xdbde, 0xdbde, 0xdbde, 0xdbde, 0xdbde, 0xdbde, 0xdbde, 
  0xdbde, 0xdbde, 0xdbde, 0xdbde, 0xdbde, 0xdbde, 0xdbde, 0xdbde, 0xdbde, 0xdbde, 0xdbde, 0xdbde, 
  0xdbde, 0xdbde, 0xdbde, 0xdbde, 0xdbde, 0xdbde, 0xdbde, 0xdbde, 0xdbde, 0xdbde, 0xdbde, 0xdbde, 
  0xdbde, 0xdbde, 0xdbde, 0xdbde, 0xdbde, 0xdbde, 0xdbde, 0xdbde, 0xdbde, 0xdbde, 0xdbde, 0xdbde, 
  0xdbde, 0xdbde, 0xdbde, 0xdbde, 0xdbde, 0xdbde, 0xdbde, 0xdbde, 0xdbde, 0xdbde, 0xdbde, 0xdbde, 
  0xdbde, 0xdbde, 0xdbde, 0xdbde, 0xdbde, 0xdbde, 0xdbde, 0xdbde, 0xdbde, 0xdbde, 0xdbde, 0xdbde, 
  0xdbde, 0xdbde, 0xdbde, 0xdbde, 0xdbde, 0xdbde, 0xdbde, 0xdbde, 0xdbde, 0xdbde, 0xdbde, 0xdbde, 
  0xdbde, 0xdbde, 0xdbde, 0xdbde, 0xdbde, 0xdbde, 0xdbde, 0xdbde, 0xdbde, 0x5bce, 0x5d7b, 0x5d7b, 
  0x5d7b, 0x3c7b, 0x8c4a, 0x8c4a, 0x8c4a, 0x8c4a, 0x8c4a, 0x8c4a, 0x8c4a, 0x8c4a, 0x8c4a, 0x8c4a, 
  0x5d7b, 0x5d7b, 0x5d7b, 0x5d7b, 0xdbde, 0xdbde, 0xdbde, 0xdbde, 0xdbde, 0xdbde, 0xdbde, 0xdbde, 
  0xdbde, 0xdbde, 0xdbde, 0xdbde, 0xdbde, 0xdbde, 0xdbde, 0xdbde, 0xdbde, 0xdbde, 0xdbde, 0xdbde, 
  0xdbde, 0xdbde, 0xdbde, 0xdbde, 0xdbde, 0xdbde, 0xdbde, 0xdbde, 0xdbde, 0xdbde, 0xdbde, 0xdbde, 
  0xdbde, 0xdbde, 0xdbde, 0xdbde, 0xdbde, 0xdbde, 0xdbde, 0xdbde, 0xdbde, 0xdbde, 0xdbde, 0xdbde, 
  0xdbde, 0xdbde, 0xdbde, 0xdbde, 0xdbde, 0xdbde, 0xdbde, 0xdbde, 0xdbde, 0xdbde, 0xdbde, 0xdbde, 
  0xdbde, 0xdbde, 0xdbde, 0xdbde, 0xdbde, 0xdbde, 0xdbde, 0xdbde, 0xdbde, 0xdbde, 0xdbde, 0xdbde, 
  0xdbde, 0xdbde, 0xdbde, 0xdbde, 0xdbde, 0xdbde, 0xdbde, 0xdbde, 0xdbde, 0xdbde, 0xdbde, 0xdbde, 
  0xdbde, 0xdbde, 0xdbde, 0xdbde, 0xdbde, 0xdbde, 0xdbde, 0xdbde, 0xdbde, 0xdbde, 0xdbde, 0xdbde, 
  0xdbde, 0xdbde, 0xdbde, 0xdbde, 0xdbde, 0xdbde, 0xdbde, 0xdbde, 0xdbde, 0xdbde, 0xdbde, 0xdbde, 
  0xdbde, 0xdbde, 0xdbde, 0xdbde, 0xdbde, 0xdbde, 0xdbde, 0xdbde, 0xdbde, 0xdbde, 0xdbde, 0xdbde, 
  0xdbde, 0xdbde, 0xdbde, 0xdbde, 0xdbde, 0xdbde, 0xdbde, 0xdbde, 0xdbde, 0xdbde, 0xdbde, 0xdbde, 
  0xdbde, 0xdbde, 0xdbde, 0xdbde, 0xdbde, 0xdbde, 0xdbde, 0xdbde, 0xdbde, 0xdbde, 0xdbde, 0xdbde, 
  0xdbde, 0xdbde, 0xdbde, 0xdbde, 0xdbde, 0xdbde, 0xdbde, 0xdbde, 0xdbde, 0xdbde, 0xdbde, 0xdbde, 
  0xdbde, 0xdbde, 0xdbde, 0xdbde, 0xdbde, 0xdbde, 0xdbde, 0xdbde, 0xdbde, 0xdbde, 0xdbde, 0xdbde, 
  0xdbde, 0xdbde, 0xdbde, 0xdbde, 0xdbde, 0xdbde, 0xdbde, 0xdbde, 0xdbde, 0xdbde, 0xdbde, 0xdbde, 
  0xdbde, 0xdbde, 0xdbde, 0xdbde, 0xdbde, 0xdbde, 0xdbde, 0xdbde, 0xdbde, 0x5d7b, 0x5d7b, 0x5d7b, 
  0x5d7b, 0x8c4a, 0x8c4a, 0x8c4a, 0x8c4a, 0x8c4a, 0x8c4a, 0x6a62, 0x6a62, 0x8c4a, 0x8c4a, 0x8c4a, 
  0x8c4a, 0x8c4a, 0x8c4a, 0x5d7b, 0x5d7b, 0x5d7b, 0x5d7b, 0xdbde, 0xdbde, 0xdbde, 0xdbde, 0xdbde, 
  0xdbde, 0xdbde, 0xdbde, 0xdbde, 0xdbde, 0xdbde, 0xdbde, 0xdbde, 0xdbde, 0xdbde, 0xdbde, 0xdbde, 
  0xdbde, 0xdbde, 0xdbde, 0xdbde, 0xdbde, 0xdbde, 0xdbde, 0xdbde, 0xdbde, 0xdbde, 0xdbde, 0xdbde, 
  0xdbde, 0xdbde, 0xdbde, 0xdbde, 0xdbde, 0xdbde, 0xdbde, 0xdbde, 0xdbde, 0xdbde, 0xdbde, 0xdbde, 
  0xdbde, 0xdbde, 0xdbde, 0xdbde, 0xdbde, 0xdbde, 0xdbde, 0xdbde, 0xdbde, 0xdbde, 0xdbde, 0xdbde, 
  0xdbde, 0xdbde, 0xdbde, 0xdbde, 0xdbde, 0xdbde, 0xdbde, 0xdbde, 0xdbde, 0xdbde, 0xdbde, 0xdbde, 
  0xdbde, 0xdbde, 0xdbde, 0xdbde, 0xdbde, 0xdbde, 0xdbde, 0xdbde, 0xdbde, 0xdbde, 0xdbde, 0xdbde, 
  0xdbde, 0xdbde, 0xdbde, 0xdbde, 0xdbde, 0xdbde, 0xdbde, 0xdbde, 0xdbde, 0xdbde, 0xdbde, 0xdbde, 
  0xdbde, 0xdbde, 0xdbde, 0xdbde, 0xdbde, 0xdbde, 0x5d7b, 0x5d7b, 0x5d7b, 0x5d7b, 0x8c4a, 0x8c4a, 
  0x8c4a, 0x8c4a, 0x8c4a, 0x8c4a, 0x8c4a, 0x8c4a, 0x8c4a, 0x8c4a, 0x5d7b, 0x5d7b, 0x5d7b, 0x5d7b, 
  0xdbde, 0xdbde, 0xdbde, 0xdbde, 0xdbde, 0xdbde, 0xdbde, 0xdbde, 0xdbde, 0xdbde, 0xdbde, 0xdbde, 
  0xdbde, 0xdbde, 0xdbde, 0xdbde, 0xdbde, 0xdbde, 0xdbde, 0xdbde, 0xdbde, 0xdbde, 0xdbde, 0xdbde, 
  0xdbde, 0xdbde, 0xdbde, 0xdbde, 0xdbde, 0xdbde, 0xdbde, 0xdbde, 0xdbde, 0xdbde, 0xdbde, 0xdbde, 
  0xdbde, 0xdbde, 0xdbde, 0xdbde, 0xdbde, 0xdbde, 0xdbde, 0xdbde, 0xdbde, 0xdbde, 0xdbde, 0xdbde, 
  0xdbde, 0xdbde, 0xdbde, 0xdbde, 0xdbde, 0xdbde, 0xdbde, 0xdbde, 0xdbde, 0xdbde, 0xdbde, 0xdbde, 
  0xdbde, 0xdbde, 0xdbde, 0xdbde, 0xdbde, 0xdbde, 0xdbde, 0xdbde, 0xdbde, 0xdbde, 0xdbde, 0xdbde, 
  0xdbde, 0xdbde, 0xdbde, 0xdbde, 0xdbde, 0xdbde, 0xdbde, 0xdbde, 0xdbde, 0xdbde, 0xdbde, 0xdbde, 
  0xdbde, 0xdbde, 0xdbde, 0xdbde, 0xdbde, 0xdbde, 0xdbde, 0xdbde, 0xdbde, 0xdbde, 0xdbde, 0xdbde, 
  0xdbde, 0xdbde, 0xdbde, 0xdbde, 0xdbde, 0xdbde, 0xdbde, 0xdbde, 0xdbde, 0xdbde, 0xdbde, 0xdbde, 
  0xdbde, 0xdbde, 0xdbde, 0xdbde, 0xdbde, 0xdbde, 0xdbde, 0xdbde, 0xdbde, 0xdbde, 0xdbde, 0xdbde, 
  0xdbde, 0xdbde, 0xdbde, 0xdbde, 0xdbde, 0xdbde, 0xdbde, 0xdbde, 0xdbde, 0xdbde, 0xdbde, 0xdbde, 
  0xdbde, 0xdbde, 0xdbde, 0xdbde, 0xdbde, 0xdbde, 0xdbde, 0xdbde, 0xdbde, 0xdbde, 0xdbde, 0xdbde, 
  0xdbde, 0xdbde, 0xdbde, 0xdbde, 0xdbde, 0xdbde, 0xdbde, 0xdbde, 0xdbde, 0xdbde, 0xdbde, 0xdbde, 
  0xdbde, 0xdbde, 0xdbde, 0xdbde, 0xdbde, 0xdbde, 0xdbde, 0xdbde, 0xdbde, 0xdbde, 0xdbde, 0xdbde, 
  0xdbde, 0xdbde, 0xdbde, 0xdbde, 0xdbde, 0xdbde, 0xdbde, 0xdbde, 0xdbde, 0xdbde, 0xdbde, 0xdbde, 
  0xdbde, 0xdbde, 0xdbde, 0xdbde, 0xdbde, 0x5d7b, 0x5d7b, 0x5d7b, 0x5d7b, 0x8c4a, 0x8c4a, 0x8c4a, 
  0x8c4a, 0x8c4a, 0x8c4a, 0x6a62, 0x6a62, 0x8c4a, 0x8c4a, 0x8c4a, 0x8c4a, 0x8c4a, 0x8c4a, 0x5d7b, 
  0x5d7b, 0x5d7b, 0x5d7b, 0xdbde, 0xdbde, 0xdbde, 0xdbde, 0xdbde, 0xdbde, 0xdbde, 0xdbde, 0xdbde, 
  0xdbde, 0xdbde, 0xdbde, 0xdbde, 0xdbde, 0xdbde, 0xdbde, 0xdbde, 0xdbde, 0xdbde, 0xdbde, 0xdbde, 
  0xdbde, 0xdbde, 0xdbde, 0xdbde, 0xdbde, 0xdbde, 0xdbde, 0xdbde, 0xdbde, 0xdbde, 0xdbde, 0xdbde, 
  0xdbde, 0xdbde, 0xdbde, 0xdbde, 0xdbde, 0xdbde, 0xdbde, 0xdbde, 0xdbde, 0xdbde, 0xdbde, 0xdbde, 
  0xdbde, 0xdbde, 0xdbde, 0xdbde, 0xdbde, 0xdbde, 0xdbde, 0xdbde, 0xdbde, 0xdbde, 0xdbde, 0xdbde, 
  0xdbde, 0xdbde, 0xdbde, 0xdbde, 0xdbde, 0xdbde, 0xdbde, 0xdbde, 0xdbde, 0xdbde, 0xdbde, 0xdbde, 
  0xdbde, 0xdbde, 0xdbde, 0xdbde, 0xdbde, 0xdbde, 0xdbde, 0xdbde, 0xdbde, 0xdbde, 0xdbde, 0xdbde, 
  0xdbde, 0xdbde, 0xdbde, 0xdbde, 0xdbde, 0xdbde, 0xdbde, 0xdbde, 0xdbde, 0xdbde, 0xdbde, 0xdbde, 
  0xdbde, 0xdbde, 0x5d7b, 0x5d7b, 0x5d7b, 0x5d7b, 0x8c4a, 0x8c4a, 0x8c4a, 0x8c4a, 0x8c4a, 0x8c4a, 
  0x8c4a, 0x8c4a, 0x8c4a, 0x8c4a, 0x5d7b, 0x5d7b, 0x5d7b, 0x5d7b, 0xdbde, 0xdbde, 0xdbde, 0xdbde, 
  0xdbde, 0xdbde, 0xdbde, 0xdbde, 0xdbde, 0xdbde, 0xdbde, 0xdbde, 0xdbde, 0xdbde, 0xdbde, 0xdbde, 
  0xdbde, 0xdbde, 0xdbde, 0xdbde, 0xdbde, 0xdbde, 0xdbde, 0xdbde, 0xdbde, 0xdbde, 0xdbde, 0xdbde, 
  0xdbde, 0xdbde, 0xdbde, 0xdbde, 0xdbde, 0xdbde, 0xdbde, 0xdbde, 0xdbde, 0xdbde, 0xdbde, 0xdbde, 
  0xdbde, 0xdbde, 0xdbde, 0xdbde, 0xdbde, 0xdbde, 0xdbde, 0xdbde, 0xdbde, 0xdbde, 0xdbde, 0xdbde, 
  0xdbde, 0xdbde, 0xdbde, 0xdbde, 0xdbde, 0xdbde, 0xdbde, 0xdbde, 0xdbde, 0xdbde, 0xdbde, 0xdbde, 
  0xdbde, 0xdbde, 0xdbde, 0xdbde, 0xdbde, 0xdbde, 0xdbde, 0xdbde, 0xdbde, 0xdbde, 0xdbde, 0xdbde, 
  0xdbde, 0xdbde, 0xdbde, 0xdbde, 0xdbde, 0xdbde, 0xdbde, 0xdbde, 0xdbde, 0xdbde, 0xdbde, 0xdbde, 
  0xdbde, 0xdbde, 0xdbde, 0xdbde, 0xdbde, 0xdbde, 0xdbde, 0xdbde, 0xdbde, 0xdbde, 0xdbde, 0xdbde, 
  0xdbde, 0xdbde, 0xdbde, 0xdbde, 0xdbde, 0xdbde, 0xdbde, 0xdbde, 0xdbde, 0xdbde, 0xdbde, 0xdbde, 
  0xdbde, 0xdbde, 0xdbde, 0xdbde, 0xdbde, 0xdbde, 0xdbde, 0xdbde, 0xdbde, 0xdbde, 0xdbde, 0xdbde, 
  0xdbde, 0xdbde, 0xdbde, 0xdbde, 0xdbde, 0xdbde, 0xdbde, 0xdbde, 0xdbde, 0xdbde, 0xdbde, 0xdbde, 
  0xdbde, 0xdbde, 0xdbde, 0xdbde, 0xdbde, 0xdbde, 0xdbde, 0xdbde, 0xdbde, 0xdbde, 0xdbde, 0xdbde, 
  0xdbde, 0xdbde, 0xdbde, 0xdbde, 0xdbde, 0xdbde, 0xdbde, 0xdbde, 0xdbde, 0xdbde, 0xdbde, 0xdbde, 
  0xdbde, 0xdbde, 0xdbde, 0xdbde, 0xdbde, 0xdbde, 0xdbde, 0xdbde, 0xdbde, 0xdbde, 0xdbde, 0xdbde, 
  0xdbde, 0xdbde, 0xdbde, 0xdbde, 0xdbde, 0xdbde, 0xdbde, 0xdbde, 0xdbde, 0xdbde, 0xdbde, 0xdbde, 
  0xdbde, 0x5d7b, 0x5d7b, 0x5d7b, 0x5d7b, 0x8c4a, 0x8c4a, 0x8c4a, 0x8c4a, 0x8c4a, 0x8c4a, 0x6a62, 
  0x6a62, 0x8c4a, 0x8c4a, 0x8c4a, 0x8c4a, 0x8c4a, 0x8c4a, 0x5d7b, 0x5d7b, 0x5d7b, 0x5d7b, 0xdbde, 
  0xdbde, 0xdbde, 0xdbde, 0xdbde, 0xdbde, 0xdbde, 0xdbde, 0xdbde, 0xdbde, 0xdbde, 0xdbde, 0xdbde, 
  0xdbde, 0xdbde, 0xdbde, 0xdbde, 0xdbde, 0xdbde, 0xdbde, 0xdbde, 0xdbde, 0xdbde, 0xdbde, 0xdbde, 
  0xdbde, 0xdbde, 0xdbde, 0xdbde, 0xdbde, 0xdbde, 0xdbde, 0xdbde, 0xdbde, 0xdbde, 0xdbde, 0xdbde, 
  0xdbde, 0xdbde, 0xdbde, 0xdbde, 0xdbde, 0xdbde, 0xdbde, 0xdbde, 0xdbde, 0xdbde, 0xdbde, 0xdbde, 
  0xdbde, 0xdbde, 0xdbde, 0xdbde, 0xdbde, 0xdbde, 0xdbde, 0xdbde, 0xdbde, 0xdbde, 0xdbde, 0xdbde, 
  0xdbde, 0xdbde, 0xdbde, 0xdbde, 0xdbde, 0xdbde, 0xdbde, 0xdbde, 0xdbde, 0xdbde, 0xdbde, 0xdbde, 
  0xdbde, 0xdbde, 0xdbde, 0xdbde, 0xdbde, 0xdbde, 0xdbde, 0xdbde, 0xdbde, 0xdbde, 0xdbde, 0xdbde, 
  0xdbde, 0xdbde, 0xdbde, 0xdbde, 0xdbde, 0xdbde, 0xdbde, 0xdbde, 0xdbde, 0xdbde, 0x5d7b, 0x5d7b, 
  0x5d7b, 0x5d7b, 0x8c4a, 0x8c4a, 0x8c4a, 0x8c4a, 0x8c4a, 0x8c4a, 0x8c4a, 0x8c4a, 0x8c4a, 0x8c4a, 
  0x5d7b, 0x5d7b, 0x5d7b, 0x5d7b, 0xdbde, 0xdbde, 0xdbde, 0xdbde, 0xdbde, 0xdbde, 0xdbde, 0xdbde, 
  0xdbde, 0xdbde, 0xdbde, 0xdbde, 0xdbde, 0xdbde, 0xdbde, 0xdbde, 0xdbde, 0xdbde, 0xdbde, 0xdbde, 
  0xdbde, 0xdbde, 0xdbde, 0xdbde, 0xdbde, 0xdbde, 0xdbde, 0xdbde, 0xdbde, 0xdbde, 0xdbde, 0xdbde, 
  0xdbde, 0xdbde, 0xdbde, 0xdbde, 0xdbde, 0xdbde, 0xdbde, 0xdbde, 0xdbde, 0xdbde, 0xdbde, 0xdbde, 
  0xdbde, 0xdbde, 0xdbde, 0xdbde, 0xdbde, 0xdbde, 0xdbde, 0xdbde, 0xdbde, 0xdbde, 0xdbde, 0xdbde, 
  0xdbde, 0xdbde, 0xdbde, 0xdbde, 0xdbde, 0xdbde, 0xdbde, 0xdbde, 0xdbde, 0xdbde, 0xdbde, 0xdbde, 
  0xdbde, 0xdbde, 0xdbde, 0xdbde, 0xdbde, 0xdbde, 0xdbde, 0xdbde, 0xdbde, 0xdbde, 0xdbde, 0xdbde, 
  0xdbde, 0xdbde, 0xdbde, 0xdbde, 0xdbde, 0xdbde, 0xdbde, 0xdbde, 0xdbde, 0xdbde, 0xdbde, 0xdbde, 
  0xdbde, 0xdbde, 0xdbde, 0xdbde, 0xdbde, 0xdbde, 0xdbde, 0xdbde, 0xdbde, 0xdbde, 0xdbde, 0xdbde, 
  0xdbde, 0xdbde, 0xdbde, 0xdbde, 0xdbde, 0xdbde, 0xdbde, 0xdbde, 0xdbde, 0xdbde, 0xdbde, 0xdbde, 
  0xdbde, 0xdbde, 0xdbde, 0xdbde, 0xdbde, 0xdbde, 0xdbde, 0xdbde, 0xdbde, 0xdbde, 0xdbde, 0xdbde, 
  0xdbde, 0xdbde, 0xdbde, 0xdbde, 0xdbde, 0xdbde, 0xdbde, 0xdbde, 0xdbde, 0xdbde, 0xdbde, 0xdbde, 
  0xdbde, 0xdbde, 0xdbde, 0xdbde, 0xdbde, 0xdbde, 0xdbde, 0xdbde, 0xdbde, 0xdbde, 0xdbde, 0xdbde, 
  0xdbde, 0xdbde, 0xdbde, 0xdbde, 0xdbde, 0xdbde, 0xdbde, 0xdbde, 0xdbde, 0xdbde, 0xdbde, 0xdbde, 
  0xdbde, 0xdbde, 0xdbde, 0xdbde, 0xdbde, 0xdbde, 0xdbde, 0xdbde, 0xdbde, 0xdbde, 0xdbde, 0xdbde, 
  0xdbde, 0xdbde, 0xdbde, 0xdbde, 0xdbde, 0xdbde, 0xdbde, 0xdbde, 0xdbde, 0x5d7b, 0x5d7b, 0x5d7b, 
  0x5d7b, 0x8c4a, 0x8c4a, 0x8c4a, 0x8c4a, 0x8c4a, 0x8c4a, 0x6a62, 0x6a62, 0x8c4a, 0x8c4a, 0x8c4a, 
  0x8c4a, 0x8c4a, 0x8c4a, 0x5d7b, 0x5d7b, 0x5d7b, 0x5d7b, 0xdbde, 0xdbde, 0xdbde, 0xdbde, 0xdbde, 
  0xdbde, 0xdbde, 0xdbde, 0x79ce, 0x518c, 0x4d6b, 0xb294, 0x18c6, 0xdbde, 0xdbde, 0xb294, 0x4d6b, 
  0x4d6b, 0x4d6b, 0x1084, 0xb6b5, 0x1084, 0x1084, 0x1084, 0x1084, 0x1084, 0x14a5, 0xdbde, 0xdbde, 
  0xdbde, 0xdbde, 0xdbde, 0x14a5, 0x4d6b, 0x4d6b, 0xb294, 0xdbde, 0xdbde, 0x518c, 0x14a5, 0xdbde, 
  0xdbde, 0xdbde, 0x518c, 0xb294, 0xdbde, 0xb6b5, 0xae73, 0x4d6b, 0xae73, 0x14a5, 0xdbde, 0xdbde, 
  0x18c6, 0x518c, 0x1084, 0x1084, 0xb294, 0xdbde, 0xdbde, 0xdbde, 0xb6b5, 0x4d6b, 0x4d6b, 0x4d6b, 
  0xae73, 0x18c6, 0x18c6, 0xae73, 0xdbde, 0xdbde, 0xdbde, 0x18c6, 0xae73, 0xdbde, 0x518c, 0x1084, 
  0x1084, 0x1084, 0x1084, 0x518c, 0x18c6, 0xdbde, 0xdbde, 0xdbde, 0xdbde, 0xdbde, 0xdbde, 0xdbde, 
  0xdbde, 0xdbde, 0xdbde, 0xdbde, 0xdbde, 0xdbde, 0x5d7b, 0x5d7b, 0x5d7b, 0x5d7b, 0x8c4a, 0x8c4a, 
  0x8c4a, 0x8c4a, 0x8c4a, 0x8c4a, 0x8c4a, 0x8c4a, 0x8c4a, 0x8c4a, 0x5d7b, 0x5d7b, 0x5d7b, 0x5d7b, 
  0xdbde, 0xdbde, 0xdbde, 0xdbde, 0xdbde, 0xdbde, 0xdbde, 0xdbde, 0xdbde, 0xdbde, 0xdbde, 0xdbde, 
  0xdbde, 0xdbde, 0xdbde, 0xdbde, 0xdbde, 0xdbde, 0xdbde, 0xdbde, 0xdbde, 0xdbde, 0xdbde, 0xdbde, 
  0xdbde, 0xdbde, 0xdbde, 0xdbde, 0xdbde, 0xdbde, 0xdbde, 0xdbde, 0xdbde, 0xdbde, 0xdbde, 0xdbde, 
  0xdbde, 0xdbde, 0xdbde, 0xdbde, 0xdbde, 0xdbde, 0xdbde, 0xdbde, 0xdbde, 0xdbde, 0xdbde, 0xdbde, 
  0xdbde, 0xdbde, 0xdbde, 0xdbde, 0xdbde, 0xdbde, 0xdbde, 0xdbde, 0xdbde, 0xdbde, 0xdbde, 0xdbde, 
  0xdbde, 0xdbde, 0xdbde, 0xdbde, 0xdbde, 0xdbde, 0xdbde, 0xdbde, 0xdbde, 0xdbde, 0xdbde, 0xdbde, 
  0xdbde, 0xdbde, 0xdbde, 0xdbde, 0xdbde, 0xdbde, 0xdbde, 0xdbde, 0xdbde, 0xdbde, 0xdbde, 0xdbde, 
  0xdbde, 0xdbde, 0xdbde, 0xdbde, 0xdbde, 0xdbde, 0xdbde, 0xdbde, 0xdbde, 0xdbde, 0xdbde, 0xdbde, 
  0xdbde, 0xdbde, 0xdbde, 0xdbde, 0xdbde, 0xdbde, 0xdbde, 0xdbde, 0xdbde, 0xdbde, 0xdbde, 0xdbde, 
  0xdbde, 0xdbde, 0xdbde, 0xdbde, 0xdbde, 0xdbde, 0xdbde, 0xdbde, 0xdbde, 0xdbde, 0xdbde, 0xdbde, 
  0xdbde, 0xdbde, 0xdbde, 0xdbde, 0xdbde, 0xdbde, 0xdbde, 0xdbde, 0xdbde, 0xdbde, 0xdbde, 0xdbde, 
  0xdbde, 0xdbde, 0xdbde, 0xdbde, 0xdbde, 0xdbde, 0xdbde, 0xdbde, 0xdbde, 0xdbde, 0xdbde, 0xdbde, 
  0xdbde, 0xdbde, 0xdbde, 0xdbde, 0xdbde, 0xdbde, 0xdbde, 0xdbde, 0xdbde, 0xdbde, 0xdbde, 0xdbde, 
  0xdbde, 0xdbde, 0xdbde, 0xdbde, 0xdbde, 0xdbde, 0xdbde, 0xdbde, 0xdbde, 0xdbde, 0xdbde, 0xdbde, 
  0xdbde, 0xdbde, 0xdbde, 0xdbde, 0xdbde, 0xdbde, 0xdbde, 0xdbde, 0xdbde, 0xdbde, 0xdbde, 0xdbde, 
  0xdbde, 0xdbde, 0xdbde, 0xdbde, 0xdbde, 0x5d7b, 0x5d7b, 0x5d7b, 0x5d7b, 0x8c4a, 0x8c4a, 0x8c4a, 
  0x8c4a, 0x8c4a, 0x8c4a, 0x6a62, 0x6a62, 0x8c4a, 0x8c4a, 0x8c4a, 0x8c4a, 0x8c4a, 0x8c4a, 0x5d7b, 
  0x5d7b, 0x5d7b, 0x5d7b, 0xdbde, 0xdbde, 0xdbde, 0xdbde, 0xdbde, 0xdbde, 0xdbde, 0xdbde, 0xe739, 
  0x8a52, 0x1084, 0x494a, 0xe739, 0xdbde, 0x75ad, 0x2421, 0xae73, 0x1084, 0x1084, 0x518c, 0x75ad, 
  0x8a52, 0x8a52, 0x8631, 0x8a52, 0xeb5a, 0xeb5a, 0xdbde, 0xdbde, 0xdbde, 0xdbde, 0xae73, 0x8631, 
  0xae73, 0xae73, 0xe739, 0x1084, 0xdbde, 0x8a52, 0x4d6b, 0xdbde, 0xdbde, 0xdbde, 0x8a52, 0x4d6b, 
  0xdbde, 0x4d6b, 0x494a, 0x518c, 0x1084, 0xe739, 0x494a, 0xdbde, 0xb294, 0x8631, 0x1084, 0x1084, 
  0xeb5a, 0xe739, 0x79ce, 0xdbde, 0x494a, 0x4d6b, 0x1084, 0x1084, 0x4d6b, 0x18c6, 0xb294, 0x2421, 
  0xae73, 0xdbde, 0xdbde, 0xb294, 0x2421, 0xdbde, 0x4d6b, 0x8a52, 0x494a, 0x8631, 0x4d6b, 0x8a52, 
  0x14a5, 0xdbde, 0xdbde, 0xdbde, 0xdbde, 0xdbde, 0xdbde, 0xdbde, 0xdbde, 0xdbde, 0xdbde, 0xdbde, 
  0xdbde, 0xdbde, 0x5d7b, 0x5d7b, 0x5d7b, 0x5d7b, 0x8c4a, 0x8c4a, 0x8c4a, 0x8c4a, 0x8c4a, 0x8c4a, 
  0x8c4a, 0x8c4a, 0x8c4a, 0x8c4a, 0x5d7b, 0x5d7b, 0x5d7b, 0x5d7b, 0xdbde, 0xdbde, 0xdbde, 0xdbde, 
  0xdbde, 0xdbde, 0xdbde, 0xdbde, 0x14a5, 0x4d6b, 0x8a52, 0x4d6b, 0x18c6, 0xdbde, 0xdbde, 0xdbde, 
  0x75ad, 0x4d6b, 0xeb5a, 0xb294, 0x79ce, 0xdbde, 0xdbde, 0x518c, 0x518c, 0xdbde, 0xdbde, 0xdbde, 
  0x518c, 0xb294, 0xdbde, 0xdbde, 0x14a5, 0x4d6b, 0x4d6b, 0x14a5, 0xdbde, 0xdbde, 0x4d6b, 0xb6b5, 
  0xdbde, 0xdbde, 0xdbde, 0x1084, 0xb6b5, 0xdbde, 0x518c, 0xb294, 0xdbde, 0xdbde, 0xdbde, 0xdbde, 
  0x518c, 0x14a5, 0xdbde, 0x518c, 0x4d6b, 0x4d6b, 0x75ad, 0xdbde, 0x4d6b, 0xb6b5, 0xdbde, 0xdbde, 
  0xdbde, 0x4d6b, 0xb6b5, 0xdbde, 0xdbde, 0x18c6, 0x1084, 0x4d6b, 0xae73, 0xd7bd, 0xdbde, 0xdbde, 
  0xdbde, 0xdbde, 0xdbde, 0xdbde, 0xdbde, 0xdbde, 0xdbde, 0xdbde, 0xdbde, 0xdbde, 0xdbde, 0xdbde, 
  0xdbde, 0xdbde, 0xdbde, 0xdbde, 0xdbde, 0xdbde, 0xdbde, 0xdbde, 0xdbde, 0xdbde, 0xdbde, 0xdbde, 
  0xdbde, 0xdbde, 0xdbde, 0xdbde, 0xdbde, 0xdbde, 0xdbde, 0xdbde, 0xdbde, 0xdbde, 0xdbde, 0xdbde, 
  0xdbde, 0xdbde, 0xdbde, 0xdbde, 0xdbde, 0xdbde, 0xdbde, 0xdbde, 0xdbde, 0xdbde, 0xdbde, 0xdbde, 
  0xdbde, 0xdbde, 0xdbde, 0xdbde, 0xdbde, 0xdbde, 0xdbde, 0xdbde, 0xdbde, 0xdbde, 0xdbde, 0xdbde, 
  0xdbde, 0xdbde, 0xdbde, 0xdbde, 0xdbde, 0xdbde, 0xdbde, 0xdbde, 0xdbde, 0xdbde, 0xdbde, 0xdbde, 
  0xdbde, 0xdbde, 0xdbde, 0xdbde, 0xdbde, 0xdbde, 0xdbde, 0xdbde, 0xdbde, 0xdbde, 0xdbde, 0xdbde, 
  0xdbde, 0xdbde, 0xdbde, 0xdbde, 0xdbde, 0xdbde, 0xdbde, 0xdbde, 0xdbde, 0xdbde, 0xdbde, 0xdbde, 
  0xdbde, 0xdbde, 0xdbde, 0xdbde, 0xdbde, 0xdbde, 0xdbde, 0xdbde, 0xdbde, 0xdbde, 0xdbde, 0xdbde, 
  0xdbde, 0x5d7b, 0x5d7b, 0x5d7b, 0x5d7b, 0x8c4a, 0x8c4a, 0x8c4a, 0x8c4a, 0x8c4a, 0x8c4a, 0x6a62, 
  0x6a62, 0x8c4a, 0x8c4a, 0x8c4a, 0x8c4a, 0x8c4a, 0x8c4a, 0x5d7b, 0x5d7b, 0x5d7b, 0x5d7b, 0xdbde, 
  0xdbde, 0xdbde, 0xdbde, 0xdbde, 0xdbde, 0xdbde, 0xb6b5, 0x2421, 0x79ce, 0xdbde, 0xdbde, 0x75ad, 
  0xdbde, 0x14a5, 0xe739, 0xdbde, 0xdbde, 0xdbde, 0xdbde, 0xdbde, 0xdbde, 0xdbde, 0x8631, 0x14a5, 
  0xdbde, 0xdbde, 0xdbde, 0xdbde, 0xdbde, 0x75ad, 0x2421, 0x18c6, 0xdbde, 0xdbde, 0x18c6, 0xb294, 
  0xdbde, 0x8a52, 0x4d6b, 0xdbde, 0xdbde, 0xdbde, 0x4d6b, 0x4d6b, 0xdbde, 0xae73, 0x4d6b, 0xdbde, 
  0xdbde, 0x79ce, 0x2421, 0xb6b5, 0x14a5, 0xe739, 0xdbde, 0xdbde, 0xdbde, 0x494a, 0x518c, 0xdbde, 
  0x2421, 0x75ad, 0xdbde, 0xdbde, 0xdbde, 0xdbde, 0x14a5, 0x8631, 0x8631, 0x14a5, 0xdbde, 0xb294, 
  0x2421, 0xdbde, 0xdbde, 0xdbde, 0x518c, 0xe739, 0xdbde, 0xdbde, 0xdbde, 0xdbde, 0xdbde, 0xdbde, 
  0xdbde, 0xdbde, 0xdbde, 0xdbde, 0xdbde, 0xdbde, 0xdbde, 0xdbde, 0xdbde, 0xdbde, 0x5d7b, 0x5d7b, 
  0x5d7b, 0x5d7b, 0x8c4a, 0x8c4a, 0x8c4a, 0x8c4a, 0x8c4a, 0x8c4a, 0x8c4a, 0x8c4a, 0x8c4a, 0x8c4a, 
  0x5d7b, 0x5d7b, 0x5d7b, 0x5d7b, 0xdbde, 0xdbde, 0xdbde, 0xdbde, 0xdbde, 0xdbde, 0xdbde, 0x1084, 
  0x8631, 0xae73, 0xb294, 0xeb5a, 0xe739, 0xdbde, 0xdbde, 0xae73, 0x8631, 0xae73, 0x1084, 0xe739, 
  0x494a, 0x79ce, 0xdbde, 0x8a52, 0x2421, 0x75ad, 0xdbde, 0xdbde, 0x8a52, 0x4d6b, 0xdbde, 0x518c, 
  0x8631, 0xae73, 0x4d6b, 0x8631, 0x14a5, 0xdbde, 0x2421, 0xb294, 0xdbde, 0xdbde, 0xdbde, 0x2421, 
  0xb294, 0xdbde, 0xe739, 0x8631, 0x79ce, 0xdbde, 0xdbde, 0xb294, 0x2421, 0x4d6b, 0xdbde, 0x14a5, 
  0xe739, 0xae73, 0x79ce, 0xdbde, 0x2421, 0xe739, 0x79ce, 0xdbde, 0xdbde, 0x2421, 0x14a5, 0xdbde, 
  0x18c6, 0x8631, 0x8a52, 0x518c, 0x4d6b, 0x2421, 0xb6b5, 0xdbde, 0xdbde, 0xdbde, 0xdbde, 0xdbde, 
  0xdbde, 0xdbde, 0xdbde, 0xdbde, 0xdbde, 0xdbde, 0xdbde, 0xdbde, 0xdbde, 0xdbde, 0xdbde, 0xdbde, 
  0xdbde, 0xdbde, 0xdbde, 0xdbde, 0xdbde, 0xdbde, 0xdbde, 0xdbde, 0xdbde, 0xdbde, 0xdbde, 0xdbde, 
  0xdbde, 0xdbde, 0xdbde, 0xdbde, 0xdbde, 0xdbde, 0xdbde, 0xdbde, 0xdbde, 0xdbde, 0xdbde, 0xdbde, 
  0xdbde, 0xdbde, 0xdbde, 0xdbde, 0xdbde, 0xdbde, 0xdbde, 0xdbde, 0xdbde, 0xdbde, 0xdbde, 0xdbde, 
  0xdbde, 0xdbde, 0xdbde, 0xdbde, 0xdbde, 0xdbde, 0xdbde, 0xdbde, 0xdbde, 0xdbde, 0xdbde, 0xdbde, 
  0xdbde, 0xdbde, 0xdbde, 0xdbde, 0xdbde, 0xdbde, 0xdbde, 0xdbde, 0xdbde, 0xdbde, 0xdbde, 0xdbde, 
  0xdbde, 0xdbde, 0xdbde, 0xdbde, 0xdbde, 0xdbde, 0xdbde, 0xdbde, 0xdbde, 0xdbde, 0xdbde, 0xdbde, 
  0xdbde, 0xdbde, 0xdbde, 0xdbde, 0xdbde, 0xdbde, 0xdbde, 0xdbde, 0xdbde, 0xdbde, 0xdbde, 0xdbde, 
  0xdbde, 0xdbde, 0xdbde, 0xdbde, 0xdbde, 0xdbde, 0xdbde, 0xdbde, 0xdbde, 0x5d7b, 0x5d7b, 0x5d7b, 
  0x5d7b, 0x8c4a, 0x8c4a, 0x8c4a, 0x8c4a, 0x8c4a, 0x8c4a, 0x6a62, 0x6a62, 0x8c4a, 0x8c4a, 0x8c4a, 
  0x8c4a, 0x8c4a, 0x8c4a, 0x5d7b, 0x5d7b, 0x5d7b, 0x5d7b, 0xdbde, 0xdbde, 0xdbde, 0xdbde, 0xdbde, 
  0xdbde, 0xdbde, 0x79ce, 0xe739, 0xe739, 0x4d6b, 0x75ad, 0xdbde, 0xdbde, 0x518c, 0xe739, 0xb294, 
  0xb294, 0x1084, 0x79ce, 0xdbde, 0xdbde, 0xdbde, 0x2421, 0x75ad, 0xdbde, 0xdbde, 0xdbde, 0xdbde, 
  0xdbde, 0x1084, 0x8a52, 0xdbde, 0xdbde, 0xdbde, 0xdbde, 0xdbde, 0xdbde, 0xeb5a, 0x4d6b, 0xdbde, 
  0xdbde, 0xdbde, 0x4d6b, 0x4d6b, 0xdbde, 0x1084, 0x4d6b, 0xdbde, 0x79ce, 0xae73, 0x8631, 0x18c6, 
  0x75ad, 0xe739, 0xdbde, 0xdbde, 0x75ad, 0x8631, 0x14a5, 0x18c6, 0x2421, 0x518c, 0xb294, 0x518c, 
  0x14a5, 0xdbde, 0x75ad, 0x2421, 0x518c, 0x8631, 0x18c6, 0x75ad, 0xe739, 0xdbde, 0xdbde, 0xdbde, 
  0x1084, 0xe739, 0xdbde, 0xdbde, 0xdbde, 0xdbde, 0xdbde, 0xdbde, 0xdbde, 0xdbde, 0xdbde, 0xdbde, 
  0xdbde, 0xdbde, 0xdbde, 0xdbde, 0xdbde, 0xdbde, 0x5d7b, 0x5d7b, 0x5d7b, 0x5d7b, 0x8c4a, 0x8c4a, 
  0x8c4a, 0x8c4a, 0x8c4a, 0x8c4a, 0x8c4a, 0x8c4a, 0x8c4a, 0x8c4a, 0x5d7b, 0x5d7b, 0x5d7b, 0x5d7b, 
  0xdbde, 0xdbde, 0xdbde, 0xdbde, 0xdbde, 0xdbde, 0x18c6, 0x2421, 0x14a5, 0xdbde, 0xdbde, 0x79ce, 
  0x75ad, 0xdbde, 0x14a5, 0x2421, 0x18c6, 0xdbde, 0xdbde, 0x79ce, 0xe739, 0x518c, 0xdbde, 0x4d6b, 
  0x8631, 0xe739, 0x79ce, 0xdbde, 0xeb5a, 0x4d6b, 0xdbde, 0xeb5a, 0x4d6b, 0xdbde, 0xdbde, 0xb6b5, 
  0x79ce, 0xdbde, 0x2421, 0xb294, 0xdbde, 0xdbde, 0xdbde, 0xe739, 0xb294, 0xdbde, 0xe739, 0x2421, 
  0xae73, 0xdbde, 0x18c6, 0xe739, 0xe739, 0x4d6b, 0xdbde, 0xdbde, 0x8a52, 0xb294, 0xdbde, 0xdbde, 
  0x2421, 0x8631, 0xeb5a, 0xdbde, 0xdbde, 0x2421, 0x75ad, 0xdbde, 0x494a, 0xef7b, 0xdbde, 0xdbde, 
  0xdbde, 0x18c6, 0xdbde, 0xdbde, 0xdbde, 0xdbde, 0xdbde, 0xdbde, 0xdbde, 0x79ce, 0x18c6, 0xdbde, 
  0xdbde, 0xdbde, 0xdbde, 0xdbde, 0xdbde, 0xdbde, 0xdbde, 0xdbde, 0xdbde, 0xdbde, 0xdbde, 0xdbde, 
  0xdbde, 0xdbde, 0xdbde, 0xdbde, 0xdbde, 0xdbde, 0xdbde, 0xdbde, 0xdbde, 0xdbde, 0xdbde, 0xdbde, 
  0xdbde, 0xdbde, 0xdbde, 0xdbde, 0xdbde, 0xdbde, 0xdbde, 0xdbde, 0xdbde, 0xdbde, 0xdbde, 0xdbde, 
  0xdbde, 0xdbde, 0xdbde, 0xdbde, 0xdbde, 0xdbde, 0xdbde, 0xdbde, 0xdbde, 0xdbde, 0xdbde, 0xdbde, 
  0xdbde, 0xdbde, 0xdbde, 0xdbde, 0xdbde, 0xdbde, 0xdbde, 0xdbde, 0xdbde, 0xdbde, 0xdbde, 0xdbde, 
  0xdbde, 0xdbde, 0xdbde, 0xdbde, 0xdbde, 0xdbde, 0xdbde, 0xdbde, 0xdbde, 0xdbde, 0xdbde, 0xdbde, 
  0xdbde, 0xdbde, 0xdbde, 0xdbde, 0xdbde, 0xdbde, 0xdbde, 0xdbde, 0xdbde, 0xdbde, 0xdbde, 0xdbde, 
  0xdbde, 0xdbde, 0xdbde, 0xdbde, 0xdbde, 0xdbde, 0xdbde, 0xdbde, 0xdbde, 0xdbde, 0xdbde, 0xdbde, 
  0xdbde, 0xdbde, 0xdbde, 0xdbde, 0xdbde, 0x5d7b, 0x5d7b, 0x5d7b, 0x5d7b, 0x8c4a, 0x8c4a, 0x8c4a, 
  0x8c4a, 0x8c4a, 0x8c4a, 0x6a62, 0x6a62, 0x8c4a, 0x8c4a, 0x8c4a, 0x8c4a, 0x8c4a, 0x8c4a, 0x5d7b, 
  0x5d7b, 0x5d7b, 0x5d7b, 0xdbde, 0xdbde, 0xdbde, 0xdbde, 0xdbde, 0xdbde, 0xdbde, 0xdbde, 0xdbde, 
  0xb294, 0x8a52, 0x2421, 0xae73, 0xdbde, 0x1084, 0xe739, 0x4d6b, 0x4d6b, 0xef7b, 0xdbde, 0xdbde, 
  0xdbde, 0xdbde, 0x8631, 0xb294, 0xdbde, 0xdbde, 0xdbde, 0xdbde, 0xdbde, 0x4d6b, 0x4d6b, 0xdbde, 
  0xdbde, 0xdbde, 0xdbde, 0xdbde, 0xdbde, 0x4d6b, 0x4d6b, 0xdbde, 0xdbde, 0xdbde, 0x4d6b, 0xeb5a, 
  0xdbde, 0x4d6b, 0xe739, 0xe739, 0x2421, 0x8a52, 0xb6b5, 0xdbde, 0xb294, 0x2421, 0xe739, 0xe739, 
  0x8631, 0x518c, 0xdbde, 0x18c6, 0x2421, 0xeb5a, 0x4d6b, 0xae73, 0xb6b5, 0xdbde, 0x75ad, 0x2421, 
  0xdbde, 0x8a52, 0x8a52, 0x75ad, 0x8631, 0xdbde, 0xdbde, 0xdbde, 0x518c, 0xe739, 0xdbde, 0xdbde, 
  0xdbde, 0xdbde, 0xdbde, 0xdbde, 0xdbde, 0xdbde, 0xdbde, 0xdbde, 0xdbde, 0xdbde, 0xdbde, 0xdbde, 
  0xdbde, 0xdbde, 0x5d7b, 0x5d7b, 0x5d7b, 0x5d7b, 0x8c4a, 0x8c4a, 0x8c4a, 0x8c4a, 0x8c4a, 0x8c4a, 
  0x8c4a, 0x8c4a, 0x8c4a, 0x8c4a, 0x5d7b, 0x5d7b, 0x5d7b, 0x5d7b, 0xdbde, 0xdbde, 0xdbde, 0xdbde, 
  0xdbde, 0xdbde, 0x14a5, 0x8631, 0xdbde, 0xdbde, 0xdbde, 0xdbde, 0xdbde, 0xdbde, 0xae73, 0x8a52, 
  0xdbde, 0xdbde, 0xdbde, 0xdbde, 0xae73, 0xeb5a, 0xdbde, 0x4d6b, 0x4d6b, 0x8a52, 0x8a52, 0xdbde, 
  0x4d6b, 0x1084, 0xdbde, 0x14a5, 0x2421, 0x8a52, 0xb294, 0x18c6, 0xdbde, 0xdbde, 0x8631, 0xb294, 
  0xdbde, 0xdbde, 0xdbde, 0xe739, 0xb294, 0xdbde, 0xe739, 0x1084, 0x8631, 0xb294, 0xe739, 0xef7b, 
  0x4d6b, 0x4d6b, 0xdbde, 0xdbde, 0x8a52, 0xb294, 0xdbde, 0xdbde, 0xe739, 0x1084, 0x8631, 0x518c, 
  0xdbde, 0x8631, 0x75ad, 0x79ce, 0x2421, 0xb6b5, 0xdbde, 0x14a5, 0x14a5, 0x75ad, 0x18c6, 0xdbde, 
  0xdbde, 0xdbde, 0xdbde, 0xdbde, 0xdbde, 0x14a5, 0x2421, 0x79ce, 0xdbde, 0xdbde, 0xdbde, 0xdbde, 
  0xdbde, 0xdbde, 0xdbde, 0xdbde, 0xdbde, 0xdbde, 0xdbde, 0xdbde, 0xdbde, 0xdbde, 0xdbde, 0xdbde, 
  0xdbde, 0xdbde, 0xdbde, 0xdbde, 0xdbde, 0xdbde, 0xdbde, 0xdbde, 0xdbde, 0xdbde, 0xdbde, 0xdbde, 
  0xdbde, 0xdbde, 0xdbde, 0xdbde, 0xdbde, 0xdbde, 0xdbde, 0xdbde, 0xdbde, 0xdbde, 0xdbde, 0xdbde, 
  0xdbde, 0xdbde, 0xdbde, 0xdbde, 0xdbde, 0xdbde, 0xdbde, 0xdbde, 0xdbde, 0xdbde, 0xdbde, 0xdbde, 
  0xdbde, 0xdbde, 0xdbde, 0xdbde, 0xdbde, 0xdbde, 0xdbde, 0xdbde, 0xdbde, 0xdbde, 0xdbde, 0xdbde, 
  0xdbde, 0xdbde, 0xdbde, 0xdbde, 0xdbde, 0xdbde, 0xdbde, 0xdbde, 0xdbde, 0xdbde, 0xdbde, 0xdbde, 
  0xdbde, 0xdbde, 0xdbde, 0xdbde, 0xdbde, 0xdbde, 0xdbde, 0xdbde, 0xdbde, 0xdbde, 0xdbde, 0xdbde, 
  0xdbde, 0xdbde, 0xdbde, 0xdbde, 0xdbde, 0xdbde, 0xdbde, 0xdbde, 0xdbde, 0xdbde, 0xdbde, 0xdbde, 
  0xdbde, 0x5d7b, 0x5d7b, 0x5d7b, 0x5d7b, 0x8c4a, 0x8c4a, 0x8c4a, 0x8c4a, 0x8c4a, 0x8c4a, 0x6a62, 
  0x6a62, 0x8c4a, 0x8c4a, 0x8c4a, 0x8c4a, 0x8c4a, 0x8c4a, 0x5d7b, 0x5d7b, 0x5d7b, 0x5d7b, 0xdbde, 
  0xdbde, 0xdbde, 0xdbde, 0xdbde, 0xdbde, 0xdbde, 0xb6b5, 0x14a5, 0xdbde, 0xdbde, 0x18c6, 0x2421, 
  0xb6b5, 0x1084, 0x8a52, 0xdbde, 0xdbde, 0xdbde, 0xdbde, 0xdbde, 0xdbde, 0xdbde, 0xe739, 0xb294, 
  0xdbde, 0xdbde, 0xdbde, 0xdbde, 0xdbde, 0x518c, 0x8631, 0x79ce, 0xdbde, 0xdbde, 0xdbde, 0xdbde, 
  0xdbde, 0x518c, 0x8631, 0xdbde, 0xdbde, 0xdbde, 0x8a52, 0xae73, 0xdbde, 0x4d6b, 0x8a52, 0x75ad, 
  0x8a52, 0xae73, 0xdbde, 0xdbde, 0xb294, 0xe739, 0x18c6, 0xb6b5, 0xe739, 0x518c, 0xdbde, 0x18c6, 
  0x2421, 0x18c6, 0xdbde, 0xdbde, 0xdbde, 0xdbde, 0x75ad, 0x2421, 0xdbde, 0x18c6, 0x8631, 0x4d6b, 
  0x2421, 0xdbde, 0xdbde, 0xdbde, 0xb294, 0xe739, 0xdbde, 0xdbde, 0xdbde, 0xdbde, 0xdbde, 0xdbde, 
  0xdbde, 0xdbde, 0xdbde, 0xdbde, 0xdbde, 0xdbde, 0xdbde, 0xdbde, 0xdbde, 0xdbde, 0x5d7b, 0x5d7b, 
  0x5d7b, 0x5d7b, 0x8c4a, 0x8c4a, 0x8c4a, 0x8c4a, 0x8c4a, 0x8c4a, 0x8c4a, 0x8c4a, 0x8c4a, 0x8c4a, 
  0x5d7b, 0x5d7b, 0x5d7b, 0x5d7b, 0xdbde, 0xdbde, 0xdbde, 0xdbde, 0xdbde, 0xdbde, 0xb294, 0xe739, 
  0xdbde, 0xdbde, 0xdbde, 0xdbde, 0xdbde, 0xdbde, 0x4d6b, 0x4d6b, 0xdbde, 0xdbde, 0xdbde, 0xdbde, 
  0x1084, 0x8a52, 0xdbde, 0x4d6b, 0x4d6b, 0x18c6, 0x8631, 0x518c, 0x4d6b, 0xae73, 0xdbde, 0xdbde, 
  0x18c6, 0x518c, 0xe739, 0x8631, 0x75ad, 0xdbde, 0xe739, 0x518c, 0xdbde, 0xdbde, 0xdbde, 0xe739, 
  0x518c, 0xdbde, 0xe739, 0xb294, 0xb294, 0x2421, 0xae73, 0xdbde, 0x4d6b, 0x4d6b, 0xdbde, 0xdbde, 
  0x8a52, 0xb294, 0xdbde, 0xdbde, 0xe739, 0xb294, 0x14a5, 0x8631, 0x18c6, 0xe739, 0x75ad, 0xb6b5, 
  0x2421, 0x79ce, 0x79ce, 0x4d6b, 0x4d6b, 0x494a, 0x494a, 0xdbde, 0xdbde, 0xdbde, 0xdbde, 0xdbde, 
  0xdbde, 0xdbde, 0xb6b5, 0xdbde, 0xdbde, 0xdbde, 0xdbde, 0xdbde, 0xdbde, 0xdbde, 0xdbde, 0xdbde, 
  0xdbde, 0xdbde, 0xdbde, 0xdbde, 0xdbde, 0xdbde, 0xdbde, 0xdbde, 0xdbde, 0xdbde, 0xdbde, 0xdbde, 
  0xdbde, 0xdbde, 0xdbde, 0xdbde, 0xdbde, 0xdbde, 0xdbde, 0xdbde, 0xdbde, 0xdbde, 0xdbde, 0xdbde, 
  0xdbde, 0xdbde, 0xdbde, 0xdbde, 0xdbde, 0xdbde, 0xdbde, 0xdbde, 0xdbde, 0xdbde, 0xdbde, 0xdbde, 
  0xdbde, 0xdbde, 0xdbde, 0xdbde, 0xdbde, 0xdbde, 0xdbde, 0xdbde, 0xdbde, 0xdbde, 0xdbde, 0xdbde, 
  0xdbde, 0xdbde, 0xdbde, 0xdbde, 0xdbde, 0xdbde, 0xdbde, 0xdbde, 0xdbde, 0xdbde, 0xdbde, 0xdbde, 
  0xdbde, 0xdbde, 0xdbde, 0xdbde, 0xdbde, 0xdbde, 0xdbde, 0xdbde, 0xdbde, 0xdbde, 0xdbde, 0xdbde, 
  0xdbde, 0xdbde, 0xdbde, 0xdbde, 0xdbde, 0xdbde, 0xdbde, 0xdbde, 0xdbde, 0xdbde, 0xdbde, 0xdbde, 
  0xdbde, 0xdbde, 0xdbde, 0xdbde, 0xdbde, 0xdbde, 0xdbde, 0xdbde, 0xdbde, 0x5d7b, 0x5d7b, 0x5d7b, 
  0x5d7b, 0x8c4a, 0x8c4a, 0x8c4a, 0x8c4a, 0x8c4a, 0x8c4a, 0x6a62, 0x6a62, 0x8c4a, 0x8c4a, 0x8c4a, 
  0x8c4a, 0x8c4a, 0x8c4a, 0x5d7b, 0x5d7b, 0x5d7b, 0x5d7b, 0xdbde, 0xdbde, 0xdbde, 0xdbde, 0xdbde, 
  0xdbde, 0xdbde, 0xb294, 0x8631, 0x75ad, 0x18c6, 0x1084, 0x2421, 0x18c6, 0x518c, 0xe739, 0xd7bd, 
  0x18c6, 0xb294, 0x1084, 0xdbde, 0xdbde, 0xdbde, 0xe739, 0xb294, 0xdbde, 0xdbde, 0xdbde, 0xdbde, 
  0xdbde, 0x79ce, 0xe739, 0xeb5a, 0xd7bd, 0x18c6, 0x1084, 0x494a, 0xdbde, 0x79ce, 0x8631, 0x1084, 
  0xd7bd, 0xb294, 0x2421, 0xb6b5, 0xdbde, 0x4d6b, 0x4d6b, 0xdbde, 0xb6b5, 0x2421, 0x518c, 0xdbde, 
  0xb294, 0xe739, 0xdbde, 0xdbde, 0x1084, 0x8a52, 0x18c6, 0xdbde, 0x8631, 0x1084, 0x18c6, 0xd7bd, 
  0x518c, 0xb6b5, 0x75ad, 0x2421, 0xdbde, 0xdbde, 0x518c, 0x2421, 0x2421, 0xdbde, 0xdbde, 0xdbde, 
  0xb294, 0xe739, 0xdbde, 0xdbde, 0xdbde, 0xdbde, 0xdbde, 0xdbde, 0xdbde, 0xdbde, 0xdbde, 0xdbde, 
  0xdbde, 0xdbde, 0xdbde, 0xdbde, 0xdbde, 0xdbde, 0x5d7b, 0x5d7b, 0x5d7b, 0x5d7b, 0x8c4a, 0x8c4a, 
  0x8c4a, 0x8c4a, 0x8c4a, 0x8c4a, 0x8c4a, 0x8c4a, 0x8c4a, 0x8c4a, 0x5d7b, 0x5d7b, 0x5d7b, 0x5d7b, 
  0xdbde, 0xdbde, 0xdbde, 0xdbde, 0xdbde, 0xdbde, 0x75ad, 0x2421, 0xd7bd, 0xdbde, 0xdbde, 0xdbde, 
  0x79ce, 0xdbde, 0x1084, 0x494a, 0xdbde, 0xdbde, 0xdbde, 0xdbde, 0xeb5a, 0x4d6b, 0xdbde, 0x4d6b, 
  0x4d6b, 0xdbde, 0x518c, 0x8631, 0x8a52, 0x4d6b, 0xdbde, 0x1084, 0x79ce, 0xdbde, 0xdbde, 0x4d6b, 
  0xeb5a, 0xdbde, 0x4d6b, 0xeb5a, 0xdbde, 0xdbde, 0xdbde, 0x8631, 0x14a5, 0xdbde, 0x494a, 0x518c, 
  0xdbde, 0xb6b5, 0xdbde, 0xdbde, 0x4d6b, 0x4d6b, 0xdbde, 0xdbde, 0x8a52, 0x1084, 0xdbde, 0xdbde, 
  0xe739, 0xb294, 0xdbde, 0xeb5a, 0x8a52, 0xe739, 0x14a5, 0x79ce, 0x8631, 0x75ad, 0xdbde, 0xdbde, 
  0xdbde, 0x518c, 0x8a52, 0xdbde, 0xdbde, 0xdbde, 0xdbde, 0xdbde, 0xdbde, 0xdbde, 0xdbde, 0xdbde, 
  0xdbde, 0xdbde, 0xdbde, 0xdbde, 0xdbde, 0xdbde, 0xdbde, 0xdbde, 0xdbde, 0xdbde, 0xdbde, 0xdbde, 
  0xdbde, 0xdbde, 0xdbde, 0xdbde, 0xdbde, 0xdbde, 0xdbde, 0xdbde, 0xdbde, 0xdbde, 0xdbde, 0xdbde, 
  0xdbde, 0xdbde, 0xdbde, 0xdbde, 0xdbde, 0xdbde, 0xdbde, 0xdbde, 0xdbde, 0xdbde, 0xdbde, 0xdbde, 
  0xdbde, 0xdbde, 0xdbde, 0xdbde, 0xdbde, 0xdbde, 0xdbde, 0xdbde, 0xdbde, 0xdbde, 0xdbde, 0xdbde, 
  0xdbde, 0xdbde, 0xdbde, 0xdbde, 0xdbde, 0xdbde, 0xdbde, 0xdbde, 0xdbde, 0xdbde, 0xdbde, 0xdbde, 
  0xdbde, 0xdbde, 0xdbde, 0xdbde, 0xdbde, 0xdbde, 0xdbde, 0xdbde, 0xdbde, 0xdbde, 0xdbde, 0xdbde, 
  0xdbde, 0xdbde, 0xdbde, 0xdbde, 0xdbde, 0xdbde, 0xdbde, 0xdbde, 0xdbde, 0xdbde, 0xdbde, 0xdbde, 
  0xdbde, 0xdbde, 0xdbde, 0xdbde, 0xdbde, 0xdbde, 0xdbde, 0xdbde, 0xdbde, 0xdbde, 0xdbde, 0xdbde, 
  0xdbde, 0xdbde, 0xdbde, 0xdbde, 0xdbde, 0x5d7b, 0x5d7b, 0x5d7b, 0x5d7b, 0x8c4a, 0x8c4a, 0x8c4a, 
  0x8c4a, 0x8c4a, 0x8c4a, 0x6a62, 0x6a62, 0x8c4a, 0x8c4a, 0x8c4a, 0x8c4a, 0x8c4a, 0x8c4a, 0x5d7b, 
  0x5d7b, 0x5d7b, 0x5d7b, 0xdbde, 0xdbde, 0xdbde, 0xdbde, 0xdbde, 0xdbde, 0xdbde, 0xdbde, 0xef7b, 
  0xe739, 0x2421, 0x8a52, 0x75ad, 0xdbde, 0x18c6, 0x494a, 0x2421, 0x2421, 0xe739, 0xef7b, 0xdbde, 
  0xdbde, 0xdbde, 0x494a, 0x14a5, 0xdbde, 0xdbde, 0xdbde, 0xdbde, 0xdbde, 0xdbde, 0x18c6, 0x4d6b, 
  0x2421, 0x2421, 0xe739, 0x14a5, 0xdbde, 0xdbde, 0x14a5, 0xe739, 0x2421, 0x8631, 0x518c, 0xdbde, 
  0xdbde, 0x1084, 0x8a52, 0xdbde, 0xdbde, 0x518c, 0x2421, 0xb6b5, 0xb294, 0x494a, 0xdbde, 0xdbde, 
  0x18c6, 0xe739, 0xe739, 0xdbde, 0xb294, 0xe739, 0x2421, 0x8631, 0x8a52, 0x18c6, 0x75ad, 0xe739, 
  0xdbde, 0xdbde, 0xdbde, 0x4d6b, 0xe739, 0xdbde, 0xdbde, 0xdbde, 0x14a5, 0x494a, 0xdbde, 0xdbde, 
  0xdbde, 0xdbde, 0xdbde, 0xdbde, 0xdbde, 0xdbde, 0xdbde, 0xdbde, 0xdbde, 0xdbde, 0xdbde, 0xdbde, 
  0xdbde, 0xdbde, 0x5d7b, 0x5d7b, 0x5d7b, 0x5d7b, 0x8c4a, 0x8c4a, 0x8c4a, 0x8c4a, 0x8c4a, 0x8c4a, 
  0x8c4a, 0x8c4a, 0x8c4a, 0x8c4a, 0x5d7b, 0x5d7b, 0x5d7b, 0x5d7b, 0xdbde, 0xdbde, 0xdbde, 0xdbde, 
  0xdbde, 0xdbde, 0xdbde, 0x8a52, 0xe739, 0xb294, 0xd7bd, 0x518c, 0x8631, 0xb6b5, 0x79ce, 0xe739, 
  0xeb5a, 0x75ad, 0x14a5, 0x4d6b, 0x8631, 0x18c6, 0xdbde, 0xeb5a, 0x4d6b, 0xdbde, 0xdbde, 0x8a52, 
  0x2421, 0x4d6b, 0xdbde, 0xe739, 0xeb5a, 0x75ad, 0x75ad, 0xe739, 0x4d6b, 0xdbde, 0x75ad, 0x2421, 
  0x1084, 0x75ad, 0xae73, 0xe739, 0x18c6, 0xdbde, 0x8a52, 0x1084, 0xdbde, 0xdbde, 0xdbde, 0xdbde, 
  0x4d6b, 0x4d6b, 0xdbde, 0xdbde, 0xeb5a, 0x1084, 0xdbde, 0xdbde, 0x2421, 0x75ad, 0xdbde, 0x79ce, 
  0xe739, 0x2421, 0xb294, 0xdbde, 0x518c, 0xe739, 0xb294, 0x18c6, 0x75ad, 0xe739, 0xb294, 0xdbde, 
  0xdbde, 0xdbde, 0xdbde, 0xdbde, 0xdbde, 0x18c6, 0x518c, 0xdbde, 0xdbde, 0xdbde, 0xdbde, 0xdbde, 
  0xdbde, 0xdbde, 0xdbde, 0xdbde, 0xdbde, 0xdbde, 0xdbde, 0xdbde, 0xdbde, 0xdbde, 0xdbde, 0xdbde, 
  0xdbde, 0xdbde, 0xdbde, 0xdbde, 0xdbde, 0xdbde, 0xdbde, 0xdbde, 0xdbde, 0xdbde, 0xdbde, 0xdbde, 
  0xdbde, 0xdbde, 0xdbde, 0xdbde, 0xdbde, 0xdbde, 0xdbde, 0xdbde, 0xdbde, 0xdbde, 0xdbde, 0xdbde, 
  0xdbde, 0xdbde, 0xdbde, 0xdbde, 0xdbde, 0xdbde, 0xdbde, 0xdbde, 0xdbde, 0xdbde, 0xdbde, 0xdbde, 
  0xdbde, 0xdbde, 0xdbde, 0xdbde, 0xdbde, 0xdbde, 0xdbde, 0xdbde, 0xdbde, 0xdbde, 0xdbde, 0xdbde, 
  0xdbde, 0xdbde, 0xdbde, 0xdbde, 0xdbde, 0xdbde, 0xdbde, 0xdbde, 0xdbde, 0xdbde, 0xdbde, 0xdbde, 
  0xdbde, 0xdbde, 0xdbde, 0xdbde, 0xdbde, 0xdbde, 0xdbde, 0xdbde, 0xdbde, 0xdbde, 0xdbde, 0xdbde, 
  0xdbde, 0xdbde, 0xdbde, 0xdbde, 0xdbde, 0xdbde, 0xdbde, 0xdbde, 0xdbde, 0xdbde, 0xdbde, 0xdbde, 
  0xdbde, 0x5d7b, 0x5d7b, 0x5d7b, 0x5d7b, 0x8c4a, 0x8c4a, 0x8c4a, 0x8c4a, 0x8c4a, 0x8c4a, 0x6a62, 
  0x6a62, 0x8c4a, 0x8c4a, 0x8c4a, 0x8c4a, 0x8c4a, 0x8c4a, 0x5d7b, 0x5d7b, 0x5d7b, 0x5d7b, 0xdbde, 
  0xdbde, 0xdbde, 0xdbde, 0xdbde, 0xdbde, 0xdbde, 0xdbde, 0xdbde, 0xdbde, 0xdbde, 0xdbde, 0xdbde, 
  0xdbde, 0xdbde, 0xdbde, 0xdbde, 0xdbde, 0xdbde, 0xdbde, 0xdbde, 0xdbde, 0xdbde, 0xdbde, 0xdbde, 
  0xdbde, 0xdbde, 0xdbde, 0xdbde, 0xdbde, 0xdbde, 0xdbde, 0xdbde, 0xdbde, 0xdbde, 0xdbde, 0xdbde, 
  0xdbde, 0xdbde, 0xdbde, 0xdbde, 0xdbde, 0xdbde, 0xdbde, 0xdbde, 0xdbde, 0xdbde, 0xdbde, 0xdbde, 
  0xdbde, 0xdbde, 0xdbde, 0xdbde, 0xdbde, 0x79ce, 0xdbde, 0xdbde, 0xdbde, 0xdbde, 0xdbde, 0xdbde, 
  0xdbde, 0xdbde, 0xdbde, 0xdbde, 0xdbde, 0xdbde, 0xdbde, 0xdbde, 0xdbde, 0xdbde, 0xdbde, 0xdbde, 
  0xdbde, 0xdbde, 0xdbde, 0xdbde, 0xdbde, 0xdbde, 0xdbde, 0xdbde, 0xdbde, 0xdbde, 0xdbde, 0xdbde, 
  0xdbde, 0xdbde, 0xdbde, 0xdbde, 0xdbde, 0xdbde, 0xdbde, 0xdbde, 0xdbde, 0xdbde, 0x5d7b, 0x5d7b, 
  0x5d7b, 0x5d7b, 0x8c4a, 0x8c4a, 0x8c4a, 0x8c4a, 0x8c4a, 0x8c4a, 0x8c4a, 0x8c4a, 0x8c4a, 0x8c4a, 
  0x5d7b, 0x5d7b, 0x5d7b, 0x5d7b, 0xdbde, 0xdbde, 0xdbde, 0xdbde, 0xdbde, 0xdbde, 0xdbde, 0x79ce, 
  0xef7b, 0x494a, 0x8631, 0xe739, 0x518c, 0xdbde, 0xdbde, 0x18c6, 0x4d6b, 0xe739, 0xe739, 0xae73, 
  0x18c6, 0xdbde, 0xdbde, 0x4d6b, 0xb294, 0xdbde, 0xdbde, 0x79ce, 0x494a, 0x1084, 0xdbde, 0x18c6, 
  0x4d6b, 0xe739, 0xe739, 0xef7b, 0x79ce, 0xdbde, 0xdbde, 0xb294, 0x494a, 0x8631, 0x8a52, 0x18c6, 
  0xdbde, 0xdbde, 0x4d6b, 0xb294, 0xdbde, 0xdbde, 0xdbde, 0xdbde, 0x518c, 0x4d6b, 0xdbde, 0x4d6b, 
  0xe739, 0xe739, 0x1084, 0xdbde, 0x494a, 0x18c6, 0xdbde, 0xdbde, 0x75ad, 0xe739, 0x75ad, 0xdbde, 
  0xdbde, 0xb294, 0x494a, 0xe739, 0xe739, 0x518c, 0xdbde, 0xdbde, 0xdbde, 0xdbde, 0xdbde, 0xdbde, 
  0xdbde, 0x14a5, 0xe739, 0x79ce, 0xdbde, 0xdbde, 0xdbde, 0xdbde, 0xdbde, 0xdbde, 0xdbde, 0xdbde, 
  0xdbde, 0xdbde, 0xdbde, 0xdbde, 0xdbde, 0xdbde, 0xdbde, 0xdbde, 0xdbde, 0xdbde, 0xdbde, 0xdbde, 
  0xdbde, 0xdbde, 0xdbde, 0xdbde, 0xdbde, 0xdbde, 0xdbde, 0xdbde, 0xdbde, 0xdbde, 0xdbde, 0xdbde, 
  0xdbde, 0xdbde, 0xdbde, 0xdbde, 0xdbde, 0xdbde, 0xdbde, 0xdbde, 0xdbde, 0xdbde, 0xdbde, 0xdbde, 
  0xdbde, 0xdbde, 0xdbde, 0xdbde, 0xdbde, 0xdbde, 0xdbde, 0xdbde, 0xdbde, 0xdbde, 0xdbde, 0xdbde, 
  0xdbde, 0xdbde, 0xdbde, 0xdbde, 0xdbde, 0xdbde, 0xdbde, 0xdbde, 0xdbde, 0xdbde, 0xdbde, 0xdbde, 
  0xdbde, 0xdbde, 0xdbde, 0xdbde, 0xdbde, 0xdbde, 0xdbde, 0xdbde, 0xdbde, 0xdbde, 0xdbde, 0xdbde, 
  0xdbde, 0xdbde, 0xdbde, 0xdbde, 0xdbde, 0xdbde, 0xdbde, 0xdbde, 0xdbde, 0xdbde, 0xdbde, 0xdbde, 
  0xdbde, 0xdbde, 0xdbde, 0xdbde, 0xdbde, 0xdbde, 0xdbde, 0xdbde, 0xdbde, 0x5d7b, 0x5d7b, 0x5d7b, 
  0x5d7b, 0x8c4a, 0x8c4a, 0x8c4a, 0x8c4a, 0x8c4a, 0x8c4a, 0x6a62, 0x6a62, 0x8c4a, 0x8c4a, 0x8c4a, 
  0x8c4a, 0x8c4a, 0x8c4a, 0x5d7b, 0x5d7b, 0x5d7b, 0x5d7b, 0xdbde, 0xdbde, 0xdbde, 0xdbde, 0xdbde, 
  0xdbde, 0xdbde, 0xdbde, 0xdbde, 0xdbde, 0xdbde, 0xdbde, 0xdbde, 0xdbde, 0xdbde, 0xdbde, 0xdbde, 
  0xdbde, 0xdbde, 0xdbde, 0xdbde, 0xdbde, 0xdbde, 0xdbde, 0xdbde, 0xdbde, 0xdbde, 0xdbde, 0xdbde, 
  0xdbde, 0xdbde, 0xdbde, 0xdbde, 0xdbde, 0xdbde, 0xdbde, 0xdbde, 0xdbde, 0xdbde, 0xdbde, 0xdbde, 
  0xdbde, 0xdbde, 0xdbde, 0xdbde, 0xdbde, 0xdbde, 0xdbde, 0xdbde, 0xdbde, 0xdbde, 0xdbde, 0xdbde, 
  0xdbde, 0xdbde, 0xdbde, 0xdbde, 0xdbde, 0xdbde, 0xdbde, 0xdbde, 0xdbde, 0xdbde, 0xdbde, 0xdbde, 
  0xdbde, 0xdbde, 0xdbde, 0xdbde, 0xdbde, 0xdbde, 0xdbde, 0xdbde, 0xdbde, 0xdbde, 0xdbde, 0xdbde, 
  0xdbde, 0xdbde, 0xdbde, 0xdbde, 0xdbde, 0xdbde, 0xdbde, 0xdbde, 0xdbde, 0xdbde, 0xdbde, 0xdbde, 
  0xdbde, 0xdbde, 0xdbde, 0xdbde, 0xdbde, 0xdbde, 0x5d7b, 0x5d7b, 0x5d7b, 0x5d7b, 0x8c4a, 0x8c4a, 
  0x8c4a, 0x8c4a, 0x8c4a, 0x8c4a, 0x8c4a, 0x8c4a, 0x8c4a, 0x8c4a, 0x5d7b, 0x5d7b, 0x5d7b, 0x5d7b, 
  0xdbde, 0xdbde, 0xdbde, 0xdbde, 0xdbde, 0xdbde, 0xdbde, 0xdbde, 0xdbde, 0xdbde, 0xdbde, 0xdbde, 
  0xdbde, 0xdbde, 0xdbde, 0xdbde, 0xdbde, 0xdbde, 0xdbde, 0xdbde, 0xdbde, 0xdbde, 0xdbde, 0xdbde, 
  0xdbde, 0xdbde, 0xdbde, 0xdbde, 0xdbde, 0xdbde, 0xdbde, 0xdbde, 0xdbde, 0xdbde, 0xdbde, 0xdbde, 
  0xdbde, 0xdbde, 0xdbde, 0xdbde, 0xdbde, 0xdbde, 0xdbde, 0xdbde, 0xdbde, 0xdbde, 0xdbde, 0xdbde, 
  0xdbde, 0xdbde, 0xdbde, 0xdbde, 0xdbde, 0xdbde, 0xdbde, 0xdbde, 0xdbde, 0xdbde, 0xdbde, 0xdbde, 
  0xdbde, 0xdbde, 0xdbde, 0xdbde, 0xdbde, 0xdbde, 0xdbde, 0xdbde, 0xdbde, 0xdbde, 0xdbde, 0xdbde, 
  0xdbde, 0xdbde, 0xdbde, 0xdbde, 0xdbde, 0xdbde, 0xdbde, 0xdbde, 0xdbde, 0xdbde, 0xdbde, 0xdbde, 
  0xdbde, 0xdbde, 0xdbde, 0xdbde, 0xdbde, 0xdbde, 0xdbde, 0xdbde, 0xdbde, 0xdbde, 0xdbde, 0xdbde, 
  0xdbde, 0xdbde, 0xdbde, 0xdbde, 0xdbde, 0xdbde, 0xdbde, 0xdbde, 0xdbde, 0xdbde, 0xdbde, 0xdbde, 
  0xdbde, 0xdbde, 0xdbde, 0xdbde, 0xdbde, 0xdbde, 0xdbde, 0xdbde, 0xdbde, 0xdbde, 0xdbde, 0xdbde, 
  0xdbde, 0xdbde, 0xdbde, 0xdbde, 0xdbde, 0xdbde, 0xdbde, 0xdbde, 0xdbde, 0xdbde, 0xdbde, 0xdbde, 
  0xdbde, 0xdbde, 0xdbde, 0xdbde, 0xdbde, 0xdbde, 0xdbde, 0xdbde, 0xdbde, 0xdbde, 0xdbde, 0xdbde, 
  0xdbde, 0xdbde, 0xdbde, 0xdbde, 0xdbde, 0xdbde, 0xdbde, 0xdbde, 0xdbde, 0xdbde, 0xdbde, 0xdbde, 
  0xdbde, 0xdbde, 0xdbde, 0xdbde, 0xdbde, 0xdbde, 0xdbde, 0xdbde, 0xdbde, 0xdbde, 0xdbde, 0xdbde, 
  0xdbde, 0xdbde, 0xdbde, 0xdbde, 0xdbde, 0xdbde, 0xdbde, 0xdbde, 0xdbde, 0xdbde, 0xdbde, 0xdbde, 
  0xdbde, 0xdbde, 0xdbde, 0xdbde, 0xdbde, 0x5d7b, 0x5d7b, 0x5d7b, 0x5d7b, 0x8c4a, 0x8c4a, 0x8c4a, 
  0x8c4a, 0x8c4a, 0x8c4a, 0x6a62, 0x6a62, 0x8c4a, 0x8c4a, 0x8c4a, 0x8c4a, 0x8c4a, 0x8c4a, 0x5d7b, 
  0x5d7b, 0x5d7b, 0x5d7b, 0xdbde, 0xdbde, 0xdbde, 0xdbde, 0xdbde, 0xdbde, 0xdbde, 0xdbde, 0xdbde, 
  0xdbde, 0xdbde, 0xdbde, 0xdbde, 0xdbde, 0xdbde, 0xdbde, 0xdbde, 0xdbde, 0xdbde, 0xdbde, 0xdbde, 
  0xdbde, 0xdbde, 0xdbde, 0xdbde, 0xdbde, 0xdbde, 0xdbde, 0xdbde, 0xdbde, 0xdbde, 0xdbde, 0xdbde, 
  0xdbde, 0xdbde, 0xdbde, 0xdbde, 0xdbde, 0xdbde, 0xdbde, 0xdbde, 0xdbde, 0xdbde, 0xdbde, 0xdbde, 
  0xdbde, 0xdbde, 0xdbde, 0xdbde, 0xdbde, 0xdbde, 0xdbde, 0xdbde, 0xdbde, 0xdbde, 0xdbde, 0xdbde, 
  0xdbde, 0xdbde, 0xdbde, 0xdbde, 0xdbde, 0xdbde, 0xdbde, 0xdbde, 0xdbde, 0xdbde, 0xdbde, 0xdbde, 
  0xdbde, 0xdbde, 0xdbde, 0xdbde, 0xdbde, 0xdbde, 0xdbde, 0xdbde, 0xdbde, 0xdbde, 0xdbde, 0xdbde, 
  0xdbde, 0xdbde, 0xdbde, 0xdbde, 0xdbde, 0xdbde, 0xdbde, 0xdbde, 0xdbde, 0xdbde, 0xdbde, 0xdbde, 
  0xdbde, 0xdbde, 0x5d7b, 0x5d7b, 0x5d7b, 0x5d7b, 0x8c4a, 0x8c4a, 0x8c4a, 0x8c4a, 0x8c4a, 0x8c4a, 
  0x8c4a, 0x8c4a, 0x8c4a, 0x8c4a, 0x5d7b, 0x5d7b, 0x5d7b, 0x5d7b, 0xdbde, 0xdbde, 0xdbde, 0xdbde, 
  0xdbde, 0xdbde, 0xdbde, 0xdbde, 0xdbde, 0xdbde, 0xdbde, 0xdbde, 0xdbde, 0xdbde, 0xdbde, 0xdbde, 
  0xdbde, 0xdbde, 0xdbde, 0xdbde, 0xdbde, 0xdbde, 0xdbde, 0xdbde, 0xdbde, 0xdbde, 0xdbde, 0xdbde, 
  0xdbde, 0xdbde, 0xdbde, 0xdbde, 0xdbde, 0xdbde, 0xdbde, 0xdbde, 0xdbde, 0xdbde, 0xdbde, 0xdbde, 
  0xdbde, 0xdbde, 0xdbde, 0xdbde, 0xdbde, 0xdbde, 0xdbde, 0xdbde, 0xdbde, 0xdbde, 0xdbde, 0xdbde, 
  0xdbde, 0xdbde, 0xdbde, 0xdbde, 0xdbde, 0xdbde, 0xdbde, 0xdbde, 0xdbde, 0xdbde, 0xdbde, 0xdbde, 
  0xdbde, 0xdbde, 0xdbde, 0xdbde, 0xdbde, 0xdbde, 0xdbde, 0xdbde, 0xdbde, 0xdbde, 0xdbde, 0xdbde, 
  0xdbde, 0xdbde, 0xdbde, 0xdbde, 0xdbde, 0xdbde, 0xdbde, 0xdbde, 0xdbde, 0xdbde, 0xdbde, 0xdbde, 
  0xdbde, 0xdbde, 0xdbde, 0xdbde, 0xdbde, 0xdbde, 0xdbde, 0xdbde, 0xdbde, 0xdbde, 0xdbde, 0xdbde, 
  0xdbde, 0xdbde, 0xdbde, 0xdbde, 0xdbde, 0xdbde, 0xdbde, 0xdbde, 0xdbde, 0xdbde, 0xdbde, 0xdbde, 
  0xdbde, 0xdbde, 0xdbde, 0xdbde, 0xdbde, 0xdbde, 0xdbde, 0xdbde, 0xdbde, 0xdbde, 0xdbde, 0xdbde, 
  0xdbde, 0xdbde, 0xdbde, 0xdbde, 0xdbde, 0xdbde, 0xdbde, 0xdbde, 0xdbde, 0xdbde, 0xdbde, 0xdbde, 
  0xdbde, 0xdbde, 0xdbde, 0xdbde, 0xdbde, 0xdbde, 0xdbde, 0xdbde, 0xdbde, 0xdbde, 0xdbde, 0xdbde, 
  0xdbde, 0xdbde, 0xdbde, 0xdbde, 0xdbde, 0xdbde, 0xdbde, 0xdbde, 0xdbde, 0xdbde, 0xdbde, 0xdbde, 
  0xdbde, 0xdbde, 0xdbde, 0xdbde, 0xdbde, 0xdbde, 0xdbde, 0xdbde, 0xdbde, 0xdbde, 0xdbde, 0xdbde, 
  0xdbde, 0xdbde, 0xdbde, 0xdbde, 0xdbde, 0xdbde, 0xdbde, 0xdbde, 0xdbde, 0xdbde, 0xdbde, 0xdbde, 
  0xdbde, 0x5d7b, 0x5d7b, 0x5d7b, 0x5d7b, 0x8c4a, 0x8c4a, 0x8c4a, 0x8c4a, 0x8c4a, 0x8c4a, 0x6a62, 
  0x6a62, 0x8c4a, 0x8c4a, 0x8c4a, 0x8c4a, 0x8c4a, 0x8c4a, 0x5d7b, 0x5d7b, 0x5d7b, 0x5d7b, 0xdbde, 
  0xdbde, 0xdbde, 0xdbde, 0xdbde, 0xdbde, 0xdbde, 0xdbde, 0xdbde, 0xdbde, 0xdbde, 0xdbde, 0xdbde, 
  0xdbde, 0xdbde, 0xdbde, 0xdbde, 0xdbde, 0xdbde, 0xdbde, 0xdbde, 0xdbde, 0xdbde, 0xdbde, 0xdbde, 
  0xdbde, 0xdbde, 0xdbde, 0xdbde, 0xdbde, 0xdbde, 0xdbde, 0xdbde, 0xdbde, 0xdbde, 0xdbde, 0xdbde, 
  0xdbde, 0xdbde, 0xdbde, 0xdbde, 0xdbde, 0xdbde, 0xdbde, 0xdbde, 0xdbde, 0xdbde, 0xdbde, 0xdbde, 
  0xdbde, 0xdbde, 0xdbde, 0xdbde, 0xdbde, 0xdbde, 0xdbde, 0xdbde, 0xdbde, 0xdbde, 0xdbde, 0xdbde, 
  0xdbde, 0xdbde, 0xdbde, 0xdbde, 0xdbde, 0xdbde, 0xdbde, 0xdbde, 0xdbde, 0xdbde, 0xdbde, 0xdbde, 
  0xdbde, 0xdbde, 0xdbde, 0xdbde, 0xdbde, 0xdbde, 0xdbde, 0xdbde, 0xdbde, 0xdbde, 0xdbde, 0xdbde, 
  0xdbde, 0xdbde, 0xdbde, 0xdbde, 0xdbde, 0xdbde, 0xdbde, 0xdbde, 0xdbde, 0xdbde, 0x5d7b, 0x5d7b, 
  0x5d7b, 0x5d7b, 0x8c4a, 0x8c4a, 0x8c4a, 0x8c4a, 0x8c4a, 0x8c4a, 0x8c4a, 0x8c4a, 0x8c4a, 0x8c4a, 
  0x5d7b, 0x5d7b, 0x5d7b, 0x5d7b, 0xdbde, 0xdbde, 0xdbde, 0xdbde, 0xdbde, 0xdbde, 0xdbde, 0xdbde, 
  0xdbde, 0xdbde, 0xdbde, 0xdbde, 0xdbde, 0xdbde, 0xdbde, 0xdbde, 0xdbde, 0xdbde, 0xdbde, 0xdbde, 
  0xdbde, 0xdbde, 0xdbde, 0xdbde, 0xdbde, 0xdbde, 0xdbde, 0xdbde, 0xdbde, 0xdbde, 0xdbde, 0xdbde, 
  0xdbde, 0xdbde, 0xdbde, 0xdbde, 0xdbde, 0xdbde, 0xdbde, 0xdbde, 0xdbde, 0xdbde, 0xdbde, 0xdbde, 
  0xdbde, 0xdbde, 0xdbde, 0xdbde, 0xdbde, 0xdbde, 0xdbde, 0xdbde, 0xdbde, 0xdbde, 0xdbde, 0xdbde, 
  0xdbde, 0xdbde, 0xdbde, 0xdbde, 0xdbde, 0xdbde, 0xdbde, 0xdbde, 0xdbde, 0xdbde, 0xdbde, 0xdbde, 
  0xdbde, 0xdbde, 0xdbde, 0xdbde, 0xdbde, 0xdbde, 0xdbde, 0xdbde, 0xdbde, 0xdbde, 0xdbde, 0xdbde, 
  0xdbde, 0xdbde, 0xdbde, 0xdbde, 0xdbde, 0xdbde, 0xdbde, 0xdbde, 0xdbde, 0xdbde, 0xdbde, 0xdbde, 
  0xdbde, 0xdbde, 0xdbde, 0xdbde, 0xdbde, 0xdbde, 0xdbde, 0xdbde, 0xdbde, 0xdbde, 0xdbde, 0xdbde, 
  0xdbde, 0xdbde, 0xdbde, 0xdbde, 0xdbde, 0xdbde, 0xdbde, 0xdbde, 0xdbde, 0xdbde, 0xdbde, 0xdbde, 
  0xdbde, 0xdbde, 0xdbde, 0xdbde, 0xdbde, 0xdbde, 0xdbde, 0xdbde, 0xdbde, 0xdbde, 0xdbde, 0xdbde, 
  0xdbde, 0xdbde, 0xdbde, 0xdbde, 0xdbde, 0xdbde, 0xdbde, 0xdbde, 0xdbde, 0xdbde, 0xdbde, 0xdbde, 
  0xdbde, 0xdbde, 0xdbde, 0xdbde, 0xdbde, 0xdbde, 0xdbde, 0xdbde, 0xdbde, 0xdbde, 0xdbde, 0xdbde, 
  0xdbde, 0xdbde, 0xdbde, 0xdbde, 0xdbde, 0xdbde, 0xdbde, 0xdbde, 0xdbde, 0xdbde, 0xdbde, 0xdbde, 
  0xdbde, 0xdbde, 0xdbde, 0xdbde, 0xdbde, 0xdbde, 0xdbde, 0xdbde, 0xdbde, 0xdbde, 0xdbde, 0xdbde, 
  0xdbde, 0xdbde, 0xdbde, 0xdbde, 0xdbde, 0xdbde, 0xdbde, 0xdbde, 0xdbde, 0x5d7b, 0x5d7b, 0x5d7b, 
  0x5d7b, 0x8c4a, 0x8c4a, 0x8c4a, 0x8c4a, 0x8c4a, 0x8c4a, 0x6a62, 0x6a62, 0x8c4a, 0x8c4a, 0x8c4a, 
  0x8c4a, 0x8c4a, 0x8c4a, 0x5d7b, 0x5d7b, 0x5d7b, 0x5d7b, 0xdbde, 0xdbde, 0xdbde, 0xdbde, 0xdbde, 
  0xdbde, 0xdbde, 0xdbde, 0xdbde, 0xdbde, 0xdbde, 0xdbde, 0xdbde, 0xdbde, 0xdbde, 0xdbde, 0xdbde, 
  0xdbde, 0xdbde, 0xdbde, 0xdbde, 0xdbde, 0xdbde, 0xdbde, 0xdbde, 0xdbde, 0xdbde, 0xdbde, 0xdbde, 
  0xdbde, 0xdbde, 0xdbde, 0xdbde, 0xdbde, 0xdbde, 0xdbde, 0xdbde, 0xdbde, 0xdbde, 0xdbde, 0xdbde, 
  0xdbde, 0xdbde, 0xdbde, 0xdbde, 0xdbde, 0xdbde, 0xdbde, 0xdbde, 0xdbde, 0xdbde, 0xdbde, 0xdbde, 
  0xdbde, 0xdbde, 0xdbde, 0xdbde, 0xdbde, 0xdbde, 0xdbde, 0xdbde, 0xdbde, 0xdbde, 0xdbde, 0xdbde, 
  0xdbde, 0xdbde, 0xdbde, 0xdbde, 0xdbde, 0xdbde, 0xdbde, 0xdbde, 0xdbde, 0xdbde, 0xdbde, 0xdbde, 
  0xdbde, 0xdbde, 0xdbde, 0xdbde, 0xdbde, 0xdbde, 0xdbde, 0xdbde, 0xdbde, 0xdbde, 0xdbde, 0xdbde, 
  0xdbde, 0xdbde, 0xdbde, 0xdbde, 0xdbde, 0xdbde, 0x5d7b, 0x5d7b, 0x5d7b, 0x5d7b, 0x8c4a, 0x8c4a, 
  0x8c4a, 0x8c4a, 0x8c4a, 0x8c4a, 0x8c4a, 0x8c4a, 0x8c4a, 0x8c4a, 0x5d7b, 0x5d7b, 0x5d7b, 0x5d7b, 
  0xdbde, 0xdbde, 0xdbde, 0xdbde, 0xdbde, 0xdbde, 0xdbde, 0xdbde, 0xdbde, 0xdbde, 0xdbde, 0xdbde, 
  0xdbde, 0xdbde, 0xdbde, 0xdbde, 0xdbde, 0xdbde, 0xdbde, 0xdbde, 0xdbde, 0xdbde, 0xdbde, 0xdbde, 
  0xdbde, 0xdbde, 0xdbde, 0xdbde, 0xdbde, 0xdbde, 0xdbde, 0xdbde, 0xdbde, 0xdbde, 0xdbde, 0xdbde, 
  0xdbde, 0xdbde, 0xdbde, 0xdbde, 0xdbde, 0xdbde, 0xdbde, 0xdbde, 0xdbde, 0xdbde, 0xdbde, 0xdbde, 
  0xdbde, 0xdbde, 0xdbde, 0xdbde, 0xdbde, 0xdbde, 0xdbde, 0xdbde, 0xdbde, 0xdbde, 0xdbde, 0xdbde, 
  0xdbde, 0xdbde, 0xdbde, 0xdbde, 0xdbde, 0xdbde, 0xdbde, 0xdbde, 0xdbde, 0xdbde, 0xdbde, 0xdbde, 
  0xdbde, 0xdbde, 0xdbde, 0xdbde, 0xdbde, 0xdbde, 0xdbde, 0xdbde, 0xdbde, 0xdbde, 0xdbde, 0xdbde, 
  0xdbde, 0xdbde, 0xdbde, 0xdbde, 0xdbde, 0xdbde, 0xdbde, 0xdbde, 0xdbde, 0xdbde, 0xdbde, 0xdbde, 
  0xdbde, 0xdbde, 0xdbde, 0xdbde, 0xdbde, 0xdbde, 0xdbde, 0xdbde, 0xdbde, 0xdbde, 0xdbde, 0xdbde, 
  0xdbde, 0xdbde, 0xdbde, 0xdbde, 0xdbde, 0xdbde, 0xdbde, 0xdbde, 0xdbde, 0xdbde, 0xdbde, 0xdbde, 
  0xdbde, 0xdbde, 0xdbde, 0xdbde, 0xdbde, 0xdbde, 0xdbde, 0xdbde, 0xdbde, 0xdbde, 0xdbde, 0xdbde, 
  0xdbde, 0xdbde, 0xdbde, 0xdbde, 0xdbde, 0xdbde, 0xdbde, 0xdbde, 0xdbde, 0xdbde, 0xdbde, 0xdbde, 
  0xdbde, 0xdbde, 0xdbde, 0xdbde, 0xdbde, 0xdbde, 0xdbde, 0xdbde, 0xdbde, 0xdbde, 0xdbde, 0xdbde, 
  0xdbde, 0xdbde, 0xdbde, 0xdbde, 0xdbde, 0xdbde, 0xdbde, 0xdbde, 0xdbde, 0xdbde, 0xdbde, 0xdbde, 
  0xdbde, 0xdbde, 0xdbde, 0xdbde, 0xdbde, 0xdbde, 0xdbde, 0xdbde, 0xdbde, 0xdbde, 0xdbde, 0xdbde, 
  0xdbde, 0xdbde, 0xdbde, 0xdbde, 0xdbde, 0x5d7b, 0x5d7b, 0x5d7b, 0x5d7b, 0x8c4a, 0x8c4a, 0x8c4a, 
  0x8c4a, 0x8c4a, 0x8c4a, 0x6a62, 0x6a62, 0x8c4a, 0x8c4a, 0x8c4a, 0x8c4a, 0x8c4a, 0x8c4a, 0x5d7b, 
  0x5d7b, 0x5d7b, 0x5d7b, 0xdbde, 0xdbde, 0xdbde, 0xdbde, 0xdbde, 0xdbde, 0xdbde, 0xdbde, 0xdbde, 
  0xdbde, 0xdbde, 0xdbde, 0xdbde, 0xdbde, 0xdbde, 0xdbde, 0xdbde, 0xdbde, 0xdbde, 0xdbde, 0xdbde, 
  0xdbde, 0xdbde, 0xdbde, 0xdbde, 0xdbde, 0xdbde, 0xdbde, 0xdbde, 0xdbde, 0xdbde, 0xdbde, 0xdbde, 
  0xdbde, 0xdbde, 0xdbde, 0xdbde, 0xdbde, 0xdbde, 0xdbde, 0xdbde, 0xdbde, 0xdbde, 0xdbde, 0xdbde, 
  0xdbde, 0xdbde, 0xdbde, 0xdbde, 0xdbde, 0xdbde, 0xdbde, 0xdbde, 0xdbde, 0xdbde, 0xdbde, 0xdbde, 
  0xdbde, 0xdbde, 0xdbde, 0xdbde, 0xdbde, 0xdbde, 0xdbde, 0xdbde, 0xdbde, 0xdbde, 0xdbde, 0xdbde, 
  0xdbde, 0xdbde, 0xdbde, 0xdbde, 0xdbde, 0xdbde, 0xdbde, 0xdbde, 0xdbde, 0xdbde, 0xdbde, 0xdbde, 
  0xdbde, 0xdbde, 0xdbde, 0xdbde, 0xdbde, 0xdbde, 0xdbde, 0xdbde, 0xdbde, 0xdbde, 0xdbde, 0xdbde, 
  0xdbde, 0xdbde, 0x5d7b, 0x5d7b, 0x5d7b, 0x5d7b, 0x8c4a, 0x8c4a, 0x8c4a, 0x8c4a, 0x8c4a, 0x8c4a, 
  0x8c4a, 0x8c4a, 0x8c4a, 0x8c4a, 0x5d7b, 0x5d7b, 0x5d7b, 0x5d7b, 0xdbde, 0xdbde, 0xdbde, 0xdbde, 
  0xdbde, 0xdbde, 0xdbde, 0xdbde, 0xdbde, 0xdbde, 0xdbde, 0xdbde, 0xdbde, 0xdbde, 0xdbde, 0xdbde, 
  0xdbde, 0xdbde, 0xdbde, 0xdbde, 0xdbde, 0xdbde, 0xdbde, 0xdbde, 0xdbde, 0xdbde, 0xdbde, 0xdbde, 
  0xdbde, 0xdbde, 0xdbde, 0xdbde, 0xdbde, 0xdbde, 0xdbde, 0xdbde, 0xdbde, 0xdbde, 0xdbde, 0xdbde, 
  0xdbde, 0xdbde, 0xdbde, 0xdbde, 0xdbde, 0xdbde, 0xdbde, 0xdbde, 0xdbde, 0xdbde, 0xdbde, 0xdbde, 
  0xdbde, 0xdbde, 0xdbde, 0xdbde, 0xdbde, 0xdbde, 0xdbde, 0xdbde, 0xdbde, 0xdbde, 0xdbde, 0xdbde, 
  0xdbde, 0xdbde, 0xdbde, 0xdbde, 0xdbde, 0xdbde, 0xdbde, 0xdbde, 0xdbde, 0xdbde, 0xdbde, 0xdbde, 
  0xdbde, 0xdbde, 0xdbde, 0xdbde, 0xdbde, 0xdbde, 0xdbde, 0xdbde, 0xdbde, 0xdbde, 0xdbde, 0xdbde, 
  0xdbde, 0xdbde, 0xdbde, 0xdbde, 0xdbde, 0xdbde, 0xdbde, 0xdbde, 0xdbde, 0xdbde, 0xdbde, 0xdbde, 
  0xdbde, 0xdbde, 0xdbde, 0xdbde, 0xdbde, 0xdbde, 0xdbde, 0xdbde, 0xdbde, 0xdbde, 0xdbde, 0xdbde, 
  0xdbde, 0xdbde, 0xdbde, 0xdbde, 0xdbde, 0xdbde, 0xdbde, 0xdbde, 0xdbde, 0xdbde, 0xdbde, 0xdbde, 
  0xdbde, 0xdbde, 0xdbde, 0xdbde, 0xdbde, 0xdbde, 0xdbde, 0xdbde, 0xdbde, 0xdbde, 0xdbde, 0xdbde, 
  0xdbde, 0xdbde, 0xdbde, 0xdbde, 0xdbde, 0xdbde, 0xdbde, 0xdbde, 0xdbde, 0xdbde, 0xdbde, 0xdbde, 
  0xdbde, 0xdbde, 0xdbde, 0xdbde, 0xdbde, 0xdbde, 0xdbde, 0xdbde, 0xdbde, 0xdbde, 0xdbde, 0xdbde, 
  0xdbde, 0xdbde, 0xdbde, 0xdbde, 0xdbde, 0xdbde, 0xdbde, 0xdbde, 0xdbde, 0xdbde, 0xdbde, 0xdbde, 
  0xdbde, 0xdbde, 0xdbde, 0xdbde, 0xdbde, 0xdbde, 0xdbde, 0xdbde, 0xdbde, 0xdbde, 0xdbde, 0xdbde, 
  0xdbde, 0x5d7b, 0x5d7b, 0x5d7b, 0x5d7b, 0x8c4a, 0x8c4a, 0x8c4a, 0x8c4a, 0x8c4a, 0x8c4a, 0x6a62, 
  0x6a62, 0x8c4a, 0x8c4a, 0x8c4a, 0x8c4a, 0x8c4a, 0x8c4a, 0x5d7b, 0x5d7b, 0x5d7b, 0x5d7b, 0xdbde, 
  0xdbde, 0xdbde, 0xdbde, 0xdbde, 0xdbde, 0xdbde, 0xdbde, 0xdbde, 0xdbde, 0xdbde, 0xdbde, 0xdbde, 
  0xdbde, 0xdbde, 0xdbde, 0xdbde, 0xdbde, 0xdbde, 0xdbde, 0xdbde, 0xdbde, 0xdbde, 0xdbde, 0xdbde, 
  0xdbde, 0xdbde, 0xdbde, 0xdbde, 0xdbde, 0xdbde, 0xdbde, 0xdbde, 0xdbde, 0xdbde, 0xdbde, 0xdbde, 
  0xdbde, 0xdbde, 0xdbde, 0xdbde, 0xdbde, 0xdbde, 0xdbde, 0xdbde, 0xdbde, 0xdbde, 0xdbde, 0xdbde, 
  0xdbde, 0xdbde, 0xdbde, 0xdbde, 0xdbde, 0xdbde, 0xdbde, 0xdbde, 0xdbde, 0xdbde, 0xdbde, 0xdbde, 
  0xdbde, 0xdbde, 0xdbde, 0xdbde, 0xdbde, 0xdbde, 0xdbde, 0xdbde, 0xdbde, 0xdbde, 0xdbde, 0xdbde, 
  0xdbde, 0xdbde, 0xdbde, 0xdbde, 0xdbde, 0xdbde, 0xdbde, 0xdbde, 0xdbde, 0xdbde, 0xdbde, 0xdbde, 
  0xdbde, 0xdbde, 0xdbde, 0xdbde, 0xdbde, 0xdbde, 0xdbde, 0xdbde, 0xdbde, 0xdbde, 0x5d7b, 0x5d7b, 
  0x5d7b, 0x5d7b, 0x8c4a, 0x8c4a, 0x8c4a, 0x8c4a, 0x8c4a, 0x8c4a, 0x8c4a, 0x8c4a, 0x8c4a, 0x8c4a, 
  0x5d7b, 0x5d7b, 0x5d7b, 0x5d7b, 0xdbde, 0xdbde, 0xdbde, 0xdbde, 0xdbde, 0xdbde, 0xdbde, 0xdbde, 
  0xdbde, 0xdbde, 0xdbde, 0xdbde, 0xdbde, 0xdbde, 0xdbde, 0xdbde, 0xdbde, 0xdbde, 0xdbde, 0xdbde, 
  0xdbde, 0xdbde, 0xdbde, 0xdbde, 0xdbde, 0xdbde, 0xdbde, 0xdbde, 0xdbde, 0xdbde, 0xdbde, 0xdbde, 
  0xdbde, 0xdbde, 0xdbde, 0xdbde, 0xdbde, 0xdbde, 0xdbde, 0xdbde, 0xdbde, 0xdbde, 0xdbde, 0xdbde, 
  0xdbde, 0xdbde, 0xdbde, 0xdbde, 0xdbde, 0xdbde, 0xdbde, 0xdbde, 0xdbde, 0xdbde, 0xdbde, 0xdbde, 
  0xdbde, 0xdbde, 0xdbde, 0xdbde, 0xdbde, 0xdbde, 0xdbde, 0xdbde, 0xdbde, 0xdbde, 0xdbde, 0xdbde, 
  0xdbde, 0xdbde, 0xdbde, 0xdbde, 0xdbde, 0xdbde, 0xdbde, 0xdbde, 0xdbde, 0xdbde, 0xdbde, 0xdbde, 
  0xdbde, 0xdbde, 0xdbde, 0xdbde, 0xdbde, 0xdbde, 0xdbde, 0xdbde, 0xdbde, 0xdbde, 0xdbde, 0xdbde, 
  0xdbde, 0xdbde, 0xdbde, 0xdbde, 0xdbde, 0xdbde, 0xdbde, 0xdbde, 0xdbde, 0xdbde, 0xdbde, 0xdbde, 
  0xdbde, 0xdbde, 0xdbde, 0xdbde, 0xdbde, 0xdbde, 0xdbde, 0xdbde, 0xdbde, 0xdbde, 0xdbde, 0xdbde, 
  0xdbde, 0xdbde, 0xdbde, 0xdbde, 0xdbde, 0xdbde, 0xdbde, 0xdbde, 0xdbde, 0xdbde, 0xdbde, 0xdbde, 
  0xdbde, 0xdbde, 0xdbde, 0xdbde, 0xdbde, 0xdbde, 0xdbde, 0xdbde, 0xdbde, 0xdbde, 0xdbde, 0xdbde, 
  0xdbde, 0xdbde, 0xdbde, 0xdbde, 0xdbde, 0xdbde, 0xdbde, 0xdbde, 0xdbde, 0xdbde, 0xdbde, 0xdbde, 
  0xdbde, 0xdbde, 0xdbde, 0xdbde, 0xdbde, 0xdbde, 0xdbde, 0xdbde, 0xdbde, 0xdbde, 0xdbde, 0xdbde, 
  0xdbde, 0xdbde, 0xdbde, 0xdbde, 0xdbde, 0xdbde, 0xdbde, 0xdbde, 0xdbde, 0xdbde, 0xdbde, 0xdbde, 
  0xdbde, 0xdbde, 0xdbde, 0xdbde, 0xdbde, 0xdbde, 0xdbde, 0xdbde, 0xdbde, 0x5d7b, 0x5d7b, 0x5d7b, 
  0x5d7b, 0x8c4a, 0x8c4a, 0x8c4a, 0x8c4a, 0x8c4a, 0x8c4a, 0x6a62, 0x6a62, 0x8c4a, 0x8c4a, 0x8c4a, 
  0x8c4a, 0x8c4a, 0x8c4a, 0x5d7b, 0x5d7b, 0x5d7b, 0x5d7b, 0xdbde, 0xdbde, 0xdbde, 0xdbde, 0xdbde, 
  0xdbde, 0xdbde, 0xdbde, 0xdbde, 0xdbde, 0xdbde, 0xdbde, 0xdbde, 0xdbde, 0xdbde, 0xdbde, 0xdbde, 
  0xdbde, 0xdbde, 0xdbde, 0xdbde, 0xdbde, 0xdbde, 0xdbde, 0xdbde, 0xdbde, 0xdbde, 0xdbde, 0xdbde, 
  0xdbde, 0xdbde, 0xdbde, 0xdbde, 0xdbde, 0xdbde, 0xdbde, 0xdbde, 0xdbde, 0xdbde, 0xdbde, 0xdbde, 
  0xdbde, 0xdbde, 0xdbde, 0xdbde, 0xdbde, 0xdbde, 0xdbde, 0xdbde, 0xdbde, 0xdbde, 0xdbde, 0xdbde, 
  0xdbde, 0xdbde, 0xdbde, 0xdbde, 0xdbde, 0xdbde, 0xdbde, 0xdbde, 0xdbde, 0xdbde, 0xdbde, 0xdbde, 
  0xdbde, 0xdbde, 0xdbde, 0xdbde, 0xdbde, 0xdbde, 0xdbde, 0xdbde, 0xdbde, 0xdbde, 0xdbde, 0xdbde, 
  0xdbde, 0xdbde, 0xdbde, 0xdbde, 0xdbde, 0xdbde, 0xdbde, 0xdbde, 0xdbde, 0xdbde, 0xdbde, 0xdbde, 
  0xdbde, 0xdbde, 0xdbde, 0xdbde, 0xdbde, 0xdbde, 0x5d7b, 0x5d7b, 0x5d7b, 0x5d7b, 0x8c4a, 0x8c4a, 
  0x8c4a, 0x8c4a, 0x8c4a, 0x8c4a, 0x8c4a, 0x8c4a, 0x8c4a, 0x8c4a, 0x5d7b, 0x5d7b, 0x5d7b, 0x5d7b, 
  0xdbde, 0xdbde, 0xdbde, 0xdbde, 0xdbde, 0xdbde, 0xdbde, 0xdbde, 0xdbde, 0xdbde, 0xdbde, 0xdbde, 
  0xdbde, 0xdbde, 0xdbde, 0xdbde, 0xdbde, 0xdbde, 0xdbde, 0xdbde, 0xdbde, 0xdbde, 0xdbde, 0xdbde, 
  0xdbde, 0xdbde, 0xdbde, 0xdbde, 0xdbde, 0xdbde, 0xdbde, 0xdbde, 0xdbde, 0xdbde, 0xdbde, 0xdbde, 
  0xdbde, 0xdbde, 0xdbde, 0xdbde, 0xdbde, 0xdbde, 0xdbde, 0xdbde, 0xdbde, 0xdbde, 0xdbde, 0xdbde, 
  0xdbde, 0xdbde, 0xdbde, 0xdbde, 0xdbde, 0xdbde, 0xdbde, 0xdbde, 0xdbde, 0xdbde, 0xdbde, 0xdbde, 
  0xdbde, 0xdbde, 0xdbde, 0xdbde, 0xdbde, 0xdbde, 0xdbde, 0xdbde, 0xdbde, 0xdbde, 0xdbde, 0xdbde, 
  0xdbde, 0xdbde, 0xdbde, 0xdbde, 0xdbde, 0xdbde, 0xdbde, 0xdbde, 0xdbde, 0xdbde, 0xdbde, 0xdbde, 
  0xdbde, 0xdbde, 0xdbde, 0xdbde, 0xdbde, 0xdbde, 0xdbde, 0xdbde, 0xdbde, 0xdbde, 0xdbde, 0xdbde, 
  0xdbde, 0xdbde, 0xdbde, 0xdbde, 0xdbde, 0xdbde, 0xdbde, 0xdbde, 0xdbde, 0xdbde, 0xdbde, 0xdbde, 
  0xdbde, 0xdbde, 0xdbde, 0xdbde, 0xdbde, 0xdbde, 0xdbde, 0xdbde, 0xdbde, 0xdbde, 0xdbde, 0xdbde, 
  0xdbde, 0xdbde, 0xdbde, 0xdbde, 0xdbde, 0xdbde, 0xdbde, 0xdbde, 0xdbde, 0xdbde, 0xdbde, 0xdbde, 
  0xdbde, 0xdbde, 0xdbde, 0xdbde, 0xdbde, 0xdbde, 0xdbde, 0xdbde, 0xdbde, 0xdbde, 0xdbde, 0xdbde, 
  0xdbde, 0xdbde, 0xdbde, 0xdbde, 0xdbde, 0xdbde, 0xdbde, 0xdbde, 0xdbde, 0xdbde, 0xdbde, 0xdbde, 
  0xdbde, 0xdbde, 0xdbde, 0xdbde, 0xdbde, 0xdbde, 0xdbde, 0xdbde, 0xdbde, 0xdbde, 0xdbde, 0xdbde, 
  0xdbde, 0xdbde, 0xdbde, 0xdbde, 0xdbde, 0xdbde, 0xdbde, 0xdbde, 0xdbde, 0xdbde, 0xdbde, 0xdbde, 
  0xdbde, 0xdbde, 0xdbde, 0xdbde, 0xdbde, 0x5d7b, 0x5d7b, 0x5d7b, 0x5d7b, 0x8c4a, 0x8c4a, 0x8c4a, 
  0x8c4a, 0x8c4a, 0x8c4a, 0x6a62, 0x6a62, 0x8c4a, 0x8c4a, 0x8c4a, 0x8c4a, 0x8c4a, 0x8c4a, 0x5d7b, 
  0x5d7b, 0x5d7b, 0x5d7b, 0xdbde, 0xdbde, 0xdbde, 0xdbde, 0xdbde, 0xdbde, 0xdbde, 0xdbde, 0xdbde, 
  0xdbde, 0xdbde, 0xdbde, 0xdbde, 0xdbde, 0xdbde, 0xdbde, 0xdbde, 0xdbde, 0xdbde, 0xdbde, 0xdbde, 
  0xdbde, 0xdbde, 0xdbde, 0xdbde, 0xdbde, 0xdbde, 0xdbde, 0xdbde, 0xdbde, 0xdbde, 0xdbde, 0xdbde, 
  0xdbde, 0xdbde, 0xdbde, 0xdbde, 0xdbde, 0xdbde, 0xdbde, 0xdbde, 0xdbde, 0xdbde, 0xdbde, 0xdbde, 
  0xdbde, 0xdbde, 0xdbde, 0xdbde, 0xdbde, 0xdbde, 0xdbde, 0xdbde, 0xdbde, 0xdbde, 0xdbde, 0xdbde, 
  0xdbde, 0xdbde, 0xdbde, 0xdbde, 0xdbde, 0xdbde, 0xdbde, 0xdbde, 0xdbde, 0xdbde, 0xdbde, 0xdbde, 
  0xdbde, 0xdbde, 0xdbde, 0xdbde, 0xdbde, 0xdbde, 0xdbde, 0xdbde, 0xdbde, 0xdbde, 0xdbde, 0xdbde, 
  0xdbde, 0xdbde, 0xdbde, 0xdbde, 0xdbde, 0xdbde, 0xdbde, 0xdbde, 0xdbde, 0xdbde, 0xdbde, 0xdbde, 
  0xdbde, 0xdbde, 0x5d7b, 0x5d7b, 0x5d7b, 0x5d7b, 0x8c4a, 0x8c4a, 0x8c4a, 0x8c4a, 0x8c4a, 0x8c4a, 
  0x8c4a, 0x8c4a, 0x8c4a, 0x8c4a, 0x5d7b, 0x5d7b, 0x5d7b, 0x5d7b, 0xdbde, 0xdbde, 0xdbde, 0xdbde, 
  0xdbde, 0xdbde, 0xdbde, 0xdbde, 0xdbde, 0xdbde, 0xdbde, 0xdbde, 0xdbde, 0xdbde, 0xdbde, 0xdbde, 
  0xdbde, 0xdbde, 0xdbde, 0xdbde, 0xdbde, 0xdbde, 0xdbde, 0xdbde, 0xdbde, 0xdbde, 0xdbde, 0xdbde, 
  0xdbde, 0xdbde, 0xdbde, 0xdbde, 0xdbde, 0xdbde, 0xdbde, 0xdbde, 0xdbde, 0xdbde, 0xdbde, 0xdbde, 
  0xdbde, 0xdbde, 0xdbde, 0xdbde, 0xdbde, 0xdbde, 0xdbde, 0xdbde, 0xdbde, 0xdbde, 0xdbde, 0xdbde, 
  0xdbde, 0xdbde, 0xdbde, 0xdbde, 0xdbde, 0xdbde, 0xdbde, 0xdbde, 0xdbde, 0xdbde, 0xdbde, 0xdbde, 
  0xdbde, 0xdbde, 0xdbde, 0xdbde, 0xdbde, 0xdbde, 0xdbde, 0xdbde, 0xdbde, 0xdbde, 0xdbde, 0xdbde, 
  0xdbde, 0xdbde, 0xdbde, 0xdbde, 0xdbde, 0xdbde, 0xdbde, 0xdbde, 0xdbde, 0xdbde, 0xdbde, 0xdbde, 
  0xdbde, 0xdbde, 0xdbde, 0xdbde, 0xdbde, 0xdbde, 0xdbde, 0xdbde, 0xdbde, 0xdbde, 0xdbde, 0xdbde, 
  0xdbde, 0xdbde, 0xdbde, 0xdbde, 0xdbde, 0xdbde, 0xdbde, 0xdbde, 0xdbde, 0xdbde, 0xdbde, 0xdbde, 
  0xdbde, 0xdbde, 0xdbde, 0xdbde, 0xdbde, 0xdbde, 0xdbde, 0xdbde, 0xdbde, 0xdbde, 0xdbde, 0xdbde, 
  0xdbde, 0xdbde, 0xdbde, 0xdbde, 0xdbde, 0xdbde, 0xdbde, 0xdbde, 0xdbde, 0xdbde, 0xdbde, 0xdbde, 
  0xdbde, 0xdbde, 0xdbde, 0xdbde, 0xdbde, 0xdbde, 0xdbde, 0xdbde, 0xdbde, 0xdbde, 0xdbde, 0xdbde, 
  0xdbde, 0xdbde, 0xdbde, 0xdbde, 0xdbde, 0xdbde, 0xdbde, 0xdbde, 0xdbde, 0xdbde, 0xdbde, 0xdbde, 
  0xdbde, 0xdbde, 0xdbde, 0xdbde, 0xdbde, 0xdbde, 0xdbde, 0xdbde, 0xdbde, 0xdbde, 0xdbde, 0xdbde, 
  0xdbde, 0xdbde, 0xdbde, 0xdbde, 0xdbde, 0xdbde, 0xdbde, 0xdbde, 0xdbde, 0xdbde, 0xdbde, 0xdbde, 
  0xdbde, 0x5d7b, 0x5d7b, 0x5d7b, 0x5d7b, 0x8c4a, 0x8c4a, 0x8c4a, 0x8c4a, 0x8c4a, 0x8c4a, 0x6a62, 
  0x6a62, 0x8c4a, 0x8c4a, 0x8c4a, 0x8c4a, 0x8c4a, 0x8c4a, 0x5d7b, 0x5d7b, 0x5d7b, 0x5d7b, 0xdbde, 
  0xdbde, 0xdbde, 0xdbde, 0xdbde, 0xdbde, 0xdbde, 0xdbde, 0xdbde, 0xdbde, 0xdbde, 0xdbde, 0xdbde, 
  0xdbde, 0xdbde, 0xdbde, 0xdbde, 0xdbde, 0xdbde, 0xdbde, 0xdbde, 0xdbde, 0xdbde, 0xdbde, 0xdbde, 
  0xdbde, 0xdbde, 0xdbde, 0xdbde, 0xdbde, 0xdbde, 0xdbde, 0xdbde, 0xdbde, 0xdbde, 0xdbde, 0xdbde, 
  0xdbde, 0xdbde, 0xdbde, 0xdbde, 0xdbde, 0xdbde, 0xdbde, 0xdbde, 0xdbde, 0xdbde, 0xdbde, 0xdbde, 
  0xdbde, 0xdbde, 0xdbde, 0xdbde, 0xdbde, 0xdbde, 0xdbde, 0xdbde, 0xdbde, 0xdbde, 0xdbde, 0xdbde, 
  0xdbde, 0xdbde, 0xdbde, 0xdbde, 0xdbde, 0xdbde, 0xdbde, 0xdbde, 0xdbde, 0xdbde, 0xdbde, 0xdbde, 
  0xdbde, 0xdbde, 0xdbde, 0xdbde, 0xdbde, 0xdbde, 0xdbde, 0xdbde, 0xdbde, 0xdbde, 0xdbde, 0xdbde, 
  0xdbde, 0xdbde, 0xdbde, 0xdbde, 0xdbde, 0xdbde, 0xdbde, 0xdbde, 0xdbde, 0xdbde, 0x5d7b, 0x5d7b, 
  0x5d7b, 0x5d7b, 0x8c4a, 0x8c4a, 0x8c4a, 0x8c4a, 0x8c4a, 0x8c4a, 0x8c4a, 0x8c4a, 0x8c4a, 0x8c4a, 
  0x5d7b, 0x5d7b, 0x5d7b, 0x5d7b, 0xdbde, 0xdbde, 0xdbde, 0xdbde, 0xdbde, 0xdbde, 0xdbde, 0xdbde, 
  0xdbde, 0xdbde, 0xdbde, 0xdbde, 0xdbde, 0xdbde, 0xdbde, 0xdbde, 0xdbde, 0xdbde, 0xdbde, 0xdbde, 
  0xdbde, 0xdbde, 0xdbde, 0xdbde, 0xdbde, 0xdbde, 0xdbde, 0xdbde, 0xdbde, 0xdbde, 0xdbde, 0xdbde, 
  0xdbde, 0xdbde, 0xdbde, 0xdbde, 0xdbde, 0xdbde, 0xdbde, 0xdbde, 0xdbde, 0xdbde, 0xdbde, 0xdbde, 
  0xdbde, 0xdbde, 0xdbde, 0xdbde, 0xdbde, 0xdbde, 0xdbde, 0xdbde, 0xdbde, 0xdbde, 0xdbde, 0xdbde, 
  0xdbde, 0xdbde, 0xdbde, 0xdbde, 0xdbde, 0xdbde, 0xdbde, 0xdbde, 0xdbde, 0xdbde, 0xdbde, 0xdbde, 
  0xdbde, 0xdbde, 0xdbde, 0xdbde, 0xdbde, 0xdbde, 0xdbde, 0xdbde, 0xdbde, 0xdbde, 0xdbde, 0xdbde, 
  0xdbde, 0xdbde, 0xdbde, 0xdbde, 0xdbde, 0xdbde, 0xdbde, 0xdbde, 0xdbde, 0xdbde, 0xdbde, 0xdbde, 
  0xdbde, 0xdbde, 0xdbde, 0xdbde, 0xdbde, 0xdbde, 0xdbde, 0xdbde, 0xdbde, 0xdbde, 0xdbde, 0xdbde, 
  0xdbde, 0xdbde, 0xdbde, 0xdbde, 0xdbde, 0xdbde, 0xdbde, 0xdbde, 0xdbde, 0xdbde, 0xdbde, 0xdbde, 
  0xdbde, 0xdbde, 0xdbde, 0xdbde, 0xdbde, 0xdbde, 0xdbde, 0xdbde, 0xdbde, 0xdbde, 0xdbde, 0xdbde, 
  0xdbde, 0xdbde, 0xdbde, 0xdbde, 0xdbde, 0xdbde, 0xdbde, 0xdbde, 0xdbde, 0xdbde, 0xdbde, 0xdbde, 
  0xdbde, 0xdbde, 0xdbde, 0xdbde, 0xdbde, 0xdbde, 0xdbde, 0xdbde, 0xdbde, 0xdbde, 0xdbde, 0xdbde, 
  0xdbde, 0xdbde, 0xdbde, 0xdbde, 0xdbde, 0xdbde, 0xdbde, 0xdbde, 0xdbde, 0xdbde, 0xdbde, 0xdbde, 
  0xdbde, 0xdbde, 0xdbde, 0xdbde, 0xdbde, 0xdbde, 0xdbde, 0xdbde, 0xdbde, 0xdbde, 0xdbde, 0xdbde, 
  0xdbde, 0xdbde, 0xdbde, 0xdbde, 0xdbde, 0xdbde, 0xdbde, 0xdbde, 0xdbde, 0x5d7b, 0x5d7b, 0x5d7b, 
  0x5d7b, 0x8c4a, 0x8c4a, 0x8c4a, 0x8c4a, 0x8c4a, 0x8c4a, 0x6a62, 0x6a62, 0x8c4a, 0x8c4a, 0x8c4a, 
  0x8c4a, 0x8c4a, 0x8c4a, 0x5d7b, 0x5d7b, 0x5d7b, 0x5d7b, 0xdbde, 0xdbde, 0xdbde, 0xdbde, 0xdbde, 
  0xdbde, 0xdbde, 0xdbde, 0xdbde, 0xdbde, 0xdbde, 0xdbde, 0xdbde, 0xdbde, 0xdbde, 0xdbde, 0xdbde, 
  0xdbde, 0xdbde, 0xdbde, 0xdbde, 0xdbde, 0xdbde, 0xdbde, 0xdbde, 0xdbde, 0xdbde, 0xdbde, 0xdbde, 
  0xdbde, 0xdbde, 0xdbde, 0xdbde, 0xdbde, 0xdbde, 0xdbde, 0xdbde, 0xdbde, 0xdbde, 0xdbde, 0xdbde, 
  0xdbde, 0xdbde, 0xdbde, 0xdbde, 0xdbde, 0xdbde, 0xdbde, 0xdbde, 0xdbde, 0xdbde, 0xdbde, 0xdbde, 
  0xdbde, 0xdbde, 0xdbde, 0xdbde, 0xdbde, 0xdbde, 0xdbde, 0xdbde, 0xdbde, 0xdbde, 0xdbde, 0xdbde, 
  0xdbde, 0xdbde, 0xdbde, 0xdbde, 0xdbde, 0xdbde, 0xdbde, 0xdbde, 0xdbde, 0xdbde, 0xdbde, 0xdbde, 
  0xdbde, 0xdbde, 0xdbde, 0xdbde, 0xdbde, 0xdbde, 0xdbde, 0xdbde, 0xdbde, 0xdbde, 0xdbde, 0xdbde, 
  0xdbde, 0xdbde, 0xdbde, 0xdbde, 0xdbde, 0xdbde, 0x5d7b, 0x5d7b, 0x5d7b, 0x5d7b, 0x8c4a, 0x8c4a, 
  0x8c4a, 0x8c4a, 0x8c4a, 0x8c4a, 0x8c4a, 0x8c4a, 0x8c4a, 0x8c4a, 0x5d7b, 0x5d7b, 0x5d7b, 0x5d7b, 
  0xdbde, 0xdbde, 0xdbde, 0xdbde, 0xdbde, 0xdbde, 0xdbde, 0xdbde, 0xdbde, 0xdbde, 0xdbde, 0xdbde, 
  0xdbde, 0xdbde, 0xdbde, 0xdbde, 0xdbde, 0xdbde, 0xdbde, 0xdbde, 0xdbde, 0xdbde, 0xdbde, 0xdbde, 
  0xdbde, 0xdbde, 0xdbde, 0xdbde, 0xdbde, 0xdbde, 0xdbde, 0xdbde, 0xdbde, 0xdbde, 0xdbde, 0xdbde, 
  0xdbde, 0xdbde, 0xdbde, 0xdbde, 0xdbde, 0xdbde, 0xdbde, 0xdbde, 0xdbde, 0xdbde, 0xdbde, 0xdbde, 
  0xdbde, 0xdbde, 0xdbde, 0xdbde, 0xdbde, 0xdbde, 0xdbde, 0xdbde, 0xdbde, 0xdbde, 0xdbde, 0xdbde, 
  0xdbde, 0xdbde, 0xdbde, 0xdbde, 0xdbde, 0xdbde, 0xdbde, 0xdbde, 0xdbde, 0xdbde, 0xdbde, 0xdbde, 
  0xdbde, 0xdbde, 0xdbde, 0xdbde, 0xdbde, 0xdbde, 0xdbde, 0xdbde, 0xdbde, 0xdbde, 0xdbde, 0xdbde, 
  0xdbde, 0xdbde, 0xdbde, 0xdbde, 0xdbde, 0xdbde, 0xdbde, 0xdbde, 0xdbde, 0xdbde, 0xdbde, 0xdbde, 
  0xdbde, 0xdbde, 0xdbde, 0xdbde, 0xdbde, 0xdbde, 0xdbde, 0xdbde, 0xdbde, 0xdbde, 0xdbde, 0xdbde, 
  0xdbde, 0xdbde, 0xdbde, 0xdbde, 0xdbde, 0xdbde, 0xdbde, 0xdbde, 0xdbde, 0xdbde, 0xdbde, 0xdbde, 
  0xdbde, 0xdbde, 0xdbde, 0xdbde, 0xdbde, 0xdbde, 0xdbde, 0xdbde, 0xdbde, 0xdbde, 0xdbde, 0xdbde, 
  0xdbde, 0xdbde, 0xdbde, 0xdbde, 0xdbde, 0xdbde, 0xdbde, 0xdbde, 0xdbde, 0xdbde, 0xdbde, 0xdbde, 
  0xdbde, 0xdbde, 0xdbde, 0xdbde, 0xdbde, 0xdbde, 0xdbde, 0xdbde, 0xdbde, 0xdbde, 0xdbde, 0xdbde, 
  0xdbde, 0xdbde, 0xdbde, 0xdbde, 0xdbde, 0xdbde, 0xdbde, 0xdbde, 0xdbde, 0xdbde, 0xdbde, 0xdbde, 
  0xdbde, 0xdbde, 0xdbde, 0xdbde, 0xdbde, 0xdbde, 0xdbde, 0xdbde, 0xdbde, 0xdbde, 0xdbde, 0xdbde, 
  0xdbde, 0xdbde, 0xdbde, 0xdbde, 0xdbde, 0x5d7b, 0x5d7b, 0x5d7b, 0x5d7b, 0x8c4a, 0x8c4a, 0x8c4a, 
  0x8c4a, 0x8c4a, 0x8c4a, 0x6a62, 0x6a62, 0x8c4a, 0x8c4a, 0x8c4a, 0x8c4a, 0x8c4a, 0x8c4a, 0x5d7b, 
  0x5d7b, 0x5d7b, 0x5d7b, 0xdbde, 0xdbde, 0xdbde, 0xdbde, 0xdbde, 0xdbde, 0xdbde, 0xdbde, 0xdbde, 
  0xdbde, 0xdbde, 0xdbde, 0xdbde, 0xdbde, 0xdbde, 0xdbde, 0xdbde, 0xdbde, 0xdbde, 0xdbde, 0xdbde, 
  0xdbde, 0xdbde, 0xdbde, 0xdbde, 0xdbde, 0xdbde, 0xdbde, 0xdbde, 0xdbde, 0xdbde, 0xdbde, 0xdbde, 
  0xdbde, 0xdbde, 0xdbde, 0xdbde, 0xdbde, 0xdbde, 0xdbde, 0xdbde, 0xdbde, 0xdbde, 0xdbde, 0xdbde, 
  0xdbde, 0xdbde, 0xdbde, 0xdbde, 0xdbde, 0xdbde, 0xdbde, 0xdbde, 0xdbde, 0xdbde, 0xdbde, 0xdbde, 
  0xdbde, 0xdbde, 0xdbde, 0xdbde, 0xdbde, 0xdbde, 0xdbde, 0xdbde, 0xdbde, 0xdbde, 0xdbde, 0xdbde, 
  0xdbde, 0xdbde, 0xdbde, 0xdbde, 0xdbde, 0xdbde, 0xdbde, 0xdbde, 0xdbde, 0xdbde, 0xdbde, 0xdbde, 
  0xdbde, 0xdbde, 0xdbde, 0xdbde, 0xdbde, 0xdbde, 0xdbde, 0xdbde, 0xdbde, 0xdbde, 0xdbde, 0xdbde, 
  0xdbde, 0xdbde, 0x5d7b, 0x5d7b, 0x5d7b, 0x5d7b, 0x8c4a, 0x8c4a, 0x8c4a, 0x8c4a, 0x8c4a, 0x8c4a, 
  0x8c4a, 0x8c4a, 0x8c4a, 0x8c4a, 0x5d7b, 0x5d7b, 0x5d7b, 0x5d7b, 0xdbde, 0xdbde, 0xdbde, 0xdbde, 
  0xdbde, 0xdbde, 0xdbde, 0xdbde, 0xdbde, 0xdbde, 0xdbde, 0xdbde, 0xdbde, 0xdbde, 0xdbde, 0xdbde, 
  0xdbde, 0xdbde, 0xdbde, 0xdbde, 0xdbde, 0xdbde, 0xdbde, 0xdbde, 0xdbde, 0xdbde, 0xdbde, 0xdbde, 
  0xdbde, 0xdbde, 0xdbde, 0xdbde, 0xdbde, 0xdbde, 0xdbde, 0xdbde, 0xdbde, 0xdbde, 0xdbde, 0xdbde, 
  0xdbde, 0xdbde, 0xdbde, 0xdbde, 0xdbde, 0xdbde, 0xdbde, 0xdbde, 0xdbde, 0xdbde, 0xdbde, 0xdbde, 
  0xdbde, 0xdbde, 0xdbde, 0xdbde, 0xdbde, 0xdbde, 0xdbde, 0xdbde, 0xdbde, 0xdbde, 0xdbde, 0xdbde, 
  0xdbde, 0xdbde, 0xdbde, 0xdbde, 0xdbde, 0xdbde, 0xdbde, 0xdbde, 0xdbde, 0xdbde, 0xdbde, 0xdbde, 
  0xdbde, 0xdbde, 0xdbde, 0xdbde, 0xdbde, 0xdbde, 0xdbde, 0xdbde, 0xdbde, 0xdbde, 0xdbde, 0xdbde, 
  0xdbde, 0xdbde, 0xdbde, 0xdbde, 0xdbde, 0xdbde, 0xdbde, 0xdbde, 0xdbde, 0xdbde, 0xdbde, 0xdbde, 
  0xdbde, 0xdbde, 0xdbde, 0xdbde, 0xdbde, 0xdbde, 0xdbde, 0xdbde, 0xdbde, 0xdbde, 0xdbde, 0xdbde, 
  0xdbde, 0xdbde, 0xdbde, 0xdbde, 0xdbde, 0xdbde, 0xdbde, 0xdbde, 0xdbde, 0xdbde, 0xdbde, 0xdbde, 
  0xdbde, 0xdbde, 0xdbde, 0xdbde, 0xdbde, 0xdbde, 0xdbde, 0xdbde, 0xdbde, 0xdbde, 0xdbde, 0xdbde, 
  0xdbde, 0xdbde, 0xdbde, 0xdbde, 0xdbde, 0xdbde, 0xdbde, 0xdbde, 0xdbde, 0xdbde, 0xdbde, 0xdbde, 
  0xdbde, 0xdbde, 0xdbde, 0xdbde, 0xdbde, 0xdbde, 0xdbde, 0xdbde, 0xdbde, 0xdbde, 0xdbde, 0xdbde, 
  0xdbde, 0xdbde, 0xdbde, 0xdbde, 0xdbde, 0xdbde, 0xdbde, 0xdbde, 0xdbde, 0xdbde, 0xdbde, 0xdbde, 
  0xdbde, 0xdbde, 0xdbde, 0xdbde, 0xdbde, 0xdbde, 0xdbde, 0xdbde, 0xdbde, 0xdbde, 0xdbde, 0xdbde, 
  0xdbde, 0x5d7b, 0x5d7b, 0x5d7b, 0x5d7b, 0x8c4a, 0x8c4a, 0x8c4a, 0x8c4a, 0x8c4a, 0x8c4a, 0x6a62, 
  0x6a62, 0x8c4a, 0x8c4a, 0x8c4a, 0x8c4a, 0x8c4a, 0x8c4a, 0x5d7b, 0x5d7b, 0x5d7b, 0x5d7b, 0xdbde, 
  0xdbde, 0xdbde, 0xdbde, 0xdbde, 0xdbde, 0xdbde, 0xdbde, 0xdbde, 0xdbde, 0xdbde, 0xdbde, 0xdbde, 
  0xdbde, 0xdbde, 0xdbde, 0xdbde, 0xdbde, 0xdbde, 0xdbde, 0xdbde, 0xdbde, 0xdbde, 0xdbde, 0xdbde, 
  0xdbde, 0xdbde, 0xdbde, 0xdbde, 0xdbde, 0xdbde, 0xdbde, 0xdbde, 0xdbde, 0xdbde, 0xdbde, 0xdbde, 
  0xdbde, 0xdbde, 0xdbde, 0xdbde, 0xdbde, 0xdbde, 0xdbde, 0xdbde, 0xdbde, 0xdbde, 0xdbde, 0xdbde, 
  0xdbde, 0xdbde, 0xdbde, 0xdbde, 0xdbde, 0xdbde, 0xdbde, 0xdbde, 0xdbde, 0xdbde, 0xdbde, 0xdbde, 
  0xdbde, 0xdbde, 0xdbde, 0xdbde, 0xdbde, 0xdbde, 0xdbde, 0xdbde, 0xdbde, 0xdbde, 0xdbde, 0xdbde, 
  0xdbde, 0xdbde, 0xdbde, 0xdbde, 0xdbde, 0xdbde, 0xdbde, 0xdbde, 0xdbde, 0xdbde, 0xdbde, 0xdbde, 
  0xdbde, 0xdbde, 0xdbde, 0xdbde, 0xdbde, 0xdbde, 0xdbde, 0xdbde, 0xdbde, 0xdbde, 0x5d7b, 0x5d7b, 
  0x5d7b, 0x5d7b, 0x8c4a, 0x8c4a, 0x8c4a, 0x8c4a, 0x8c4a, 0x8c4a, 0x8c4a, 0x8c4a, 0x8c4a, 0x8c4a, 
  0x5d7b, 0x5d7b, 0x5d7b, 0x5d7b, 0xdbde, 0xdbde, 0xdbde, 0xdbde, 0xdbde, 0xdbde, 0xdbde, 0xdbde, 
  0xdbde, 0xdbde, 0xdbde, 0xdbde, 0xdbde, 0xdbde, 0xdbde, 0xdbde, 0xdbde, 0xdbde, 0xdbde, 0xdbde, 
  0xdbde, 0xdbde, 0xdbde, 0xdbde, 0xdbde, 0xdbde, 0xdbde, 0xdbde, 0xdbde, 0xdbde, 0xdbde, 0xdbde, 
  0xdbde, 0xdbde, 0xdbde, 0xdbde, 0xdbde, 0xdbde, 0xdbde, 0xdbde, 0xdbde, 0xdbde, 0xdbde, 0xdbde, 
  0xdbde, 0xdbde, 0xdbde, 0xdbde, 0xdbde, 0xdbde, 0xdbde, 0xdbde, 0xdbde, 0xdbde, 0xdbde, 0xdbde, 
  0xdbde, 0xdbde, 0xdbde, 0xdbde, 0xdbde, 0xdbde, 0xdbde, 0xdbde, 0xdbde, 0xdbde, 0xdbde, 0xdbde, 
  0xdbde, 0xdbde, 0xdbde, 0xdbde, 0xdbde, 0xdbde, 0xdbde, 0xdbde, 0xdbde, 0xdbde, 0xdbde, 0xdbde, 
  0xdbde, 0xdbde, 0xdbde, 0xdbde, 0xdbde, 0xdbde, 0xdbde, 0xdbde, 0xdbde, 0xdbde, 0xdbde, 0xdbde, 
  0xdbde, 0xdbde, 0xdbde, 0xdbde, 0xdbde, 0xdbde, 0xdbde, 0xdbde, 0xdbde, 0xdbde, 0xdbde, 0xdbde, 
  0xdbde, 0xdbde, 0xdbde, 0xdbde, 0xdbde, 0xdbde, 0xdbde, 0xdbde, 0xdbde, 0xdbde, 0xdbde, 0xdbde, 
  0xdbde, 0xdbde, 0xdbde, 0xdbde, 0xdbde, 0xdbde, 0xdbde, 0xdbde, 0xdbde, 0xdbde, 0xdbde, 0xdbde, 
  0xdbde, 0xdbde, 0xdbde, 0xdbde, 0xdbde, 0xdbde, 0xdbde, 0xdbde, 0xdbde, 0xdbde, 0xdbde, 0xdbde, 
  0xdbde, 0xdbde, 0xdbde, 0xdbde, 0xdbde, 0xdbde, 0xdbde, 0xdbde, 0xdbde, 0xdbde, 0xdbde, 0xdbde, 
  0xdbde, 0xdbde, 0xdbde, 0xdbde, 0xdbde, 0xdbde, 0xdbde, 0xdbde, 0xdbde, 0xdbde, 0xdbde, 0xdbde, 
  0xdbde, 0xdbde, 0xdbde, 0xdbde, 0xdbde, 0xdbde, 0xdbde, 0xdbde, 0xdbde, 0xdbde, 0xdbde, 0xdbde, 
  0xdbde, 0xdbde, 0xdbde, 0xdbde, 0xdbde, 0xdbde, 0xdbde, 0xdbde, 0xdbde, 0x5d7b, 0x5d7b, 0x5d7b, 
  0x5d7b, 0x8c4a, 0x8c4a, 0x8c4a, 0x8c4a, 0x8c4a, 0x8c4a, 0x6a62, 0x6a62, 0x8c4a, 0x8c4a, 0x8c4a, 
  0x8c4a, 0x8c4a, 0x8c4a, 0x5d7b, 0x5d7b, 0x5d7b, 0x5d7b, 0xdbde, 0xdbde, 0xdbde, 0xdbde, 0xdbde, 
  0xdbde, 0xdbde, 0xdbde, 0xdbde, 0xdbde, 0xdbde, 0xdbde, 0xdbde, 0xdbde, 0xdbde, 0xdbde, 0xdbde, 
  0xdbde, 0xdbde, 0xdbde, 0xdbde, 0xdbde, 0xdbde, 0xdbde, 0xdbde, 0xdbde, 0xdbde, 0xdbde, 0xdbde, 
  0xdbde, 0xdbde, 0xdbde, 0xdbde, 0xdbde, 0xdbde, 0xdbde, 0xdbde, 0xdbde, 0xdbde, 0xdbde, 0xdbde, 
  0xdbde, 0xdbde, 0xdbde, 0xdbde, 0xdbde, 0xdbde, 0xdbde, 0xdbde, 0xdbde, 0xdbde, 0xdbde, 0xdbde, 
  0xdbde, 0xdbde, 0xdbde, 0xdbde, 0xdbde, 0xdbde, 0xdbde, 0xdbde, 0xdbde, 0xdbde, 0xdbde, 0xdbde, 
  0xdbde, 0xdbde, 0xdbde, 0xdbde, 0xdbde, 0xdbde, 0xdbde, 0xdbde, 0xdbde, 0xdbde, 0xdbde, 0xdbde, 
  0xdbde, 0xdbde, 0xdbde, 0xdbde, 0xdbde, 0xdbde, 0xdbde, 0xdbde, 0xdbde, 0xdbde, 0xdbde, 0xdbde, 
  0xdbde, 0xdbde, 0xdbde, 0xdbde, 0xdbde, 0xdbde, 0x5d7b, 0x5d7b, 0x5d7b, 0x5d7b, 0x8c4a, 0x8c4a, 
  0x8c4a, 0x8c4a, 0x8c4a, 0x8c4a, 0x8c4a, 0x8c4a, 0x8c4a, 0x8c4a, 0x5d7b, 0x5d7b, 0x5d7b, 0x5d7b, 
  0xdbde, 0xdbde, 0xdbde, 0xdbde, 0xdbde, 0xdbde, 0xdbde, 0xdbde, 0xdbde, 0xdbde, 0xdbde, 0xdbde, 
  0xdbde, 0xdbde, 0xdbde, 0xdbde, 0xdbde, 0xdbde, 0xdbde, 0xdbde, 0xdbde, 0xdbde, 0xdbde, 0xdbde, 
  0xdbde, 0xdbde, 0xdbde, 0xdbde, 0xdbde, 0xdbde, 0xdbde, 0xdbde, 0xdbde, 0xdbde, 0xdbde, 0xdbde, 
  0xdbde, 0xdbde, 0xdbde, 0xdbde, 0xdbde, 0xdbde, 0xdbde, 0xdbde, 0xdbde, 0xdbde, 0xdbde, 0xdbde, 
  0xdbde, 0xdbde, 0xdbde, 0xdbde, 0xdbde, 0xdbde, 0xdbde, 0xdbde, 0xdbde, 0xdbde, 0xdbde, 0xdbde, 
  0xdbde, 0xdbde, 0xdbde, 0xdbde, 0xdbde, 0xdbde, 0xdbde, 0xdbde, 0xdbde, 0xdbde, 0xdbde, 0xdbde, 
  0xdbde, 0xdbde, 0xdbde, 0xdbde, 0xdbde, 0xdbde, 0xdbde, 0xdbde, 0xdbde, 0xdbde, 0xdbde, 0xdbde, 
  0xdbde, 0xdbde, 0xdbde, 0xdbde, 0xdbde, 0xdbde, 0xdbde, 0xdbde, 0xdbde, 0xdbde, 0xdbde, 0xdbde, 
  0xdbde, 0xdbde, 0xdbde, 0xdbde, 0xdbde, 0xdbde, 0xdbde, 0xdbde, 0xdbde, 0xdbde, 0xdbde, 0xdbde, 
  0xdbde, 0xdbde, 0xdbde, 0xdbde, 0xdbde, 0xdbde, 0xdbde, 0xdbde, 0xdbde, 0xdbde, 0xdbde, 0xdbde, 
  0xdbde, 0xdbde, 0xdbde, 0xdbde, 0xdbde, 0xdbde, 0xdbde, 0xdbde, 0xdbde, 0xdbde, 0xdbde, 0xdbde, 
  0xdbde, 0xdbde, 0xdbde, 0xdbde, 0xdbde, 0xdbde, 0xdbde, 0xdbde, 0xdbde, 0xdbde, 0xdbde, 0xdbde, 
  0xdbde, 0xdbde, 0xdbde, 0xdbde, 0xdbde, 0xdbde, 0xdbde, 0xdbde, 0xdbde, 0xdbde, 0xdbde, 0xdbde, 
  0xdbde, 0xdbde, 0xdbde, 0xdbde, 0xdbde, 0xdbde, 0xdbde, 0xdbde, 0xdbde, 0xdbde, 0xdbde, 0xdbde, 
  0xdbde, 0xdbde, 0xdbde, 0xdbde, 0xdbde, 0xdbde, 0xdbde, 0xdbde, 0xdbde, 0xdbde, 0xdbde, 0xdbde, 
  0xdbde, 0xdbde, 0xdbde, 0xdbde, 0xdbde, 0x5d7b, 0x5d7b, 0x5d7b, 0x5d7b, 0x8c4a, 0x8c4a, 0x8c4a, 
  0x8c4a, 0x8c4a, 0x8c4a, 0x6a62, 0x6a62, 0x8c4a, 0x8c4a, 0x8c4a, 0x8c4a, 0x8c4a, 0x8c4a, 0x5d7b, 
  0x5d7b, 0x5d7b, 0x5d7b, 0xdbde, 0xdbde, 0xdbde, 0xdbde, 0xdbde, 0xdbde, 0xdbde, 0xdbde, 0xdbde, 
  0xdbde, 0xdbde, 0xdbde, 0xdbde, 0xdbde, 0xdbde, 0xdbde, 0xdbde, 0xdbde, 0xdbde, 0xdbde, 0xdbde, 
  0xdbde, 0xdbde, 0xdbde, 0xdbde, 0xdbde, 0xdbde, 0xdbde, 0xdbde, 0xdbde, 0xdbde, 0xdbde, 0xdbde, 
  0xdbde, 0xdbde, 0xdbde, 0xdbde, 0xdbde, 0xdbde, 0xdbde, 0xdbde, 0xdbde, 0xdbde, 0xdbde, 0xdbde, 
  0xdbde, 0xdbde, 0xdbde, 0xdbde, 0xdbde, 0xdbde, 0xdbde, 0xdbde, 0xdbde, 0xdbde, 0xdbde, 0xdbde, 
  0xdbde, 0xdbde, 0xdbde, 0xdbde, 0xdbde, 0xdbde, 0xdbde, 0xdbde, 0xdbde, 0xdbde, 0xdbde, 0xdbde, 
  0xdbde, 0xdbde, 0xdbde, 0xdbde, 0xdbde, 0xdbde, 0xdbde, 0xdbde, 0xdbde, 0xdbde, 0xdbde, 0xdbde, 
  0xdbde, 0xdbde, 0xdbde, 0xdbde, 0xdbde, 0xdbde, 0xdbde, 0xdbde, 0xdbde, 0xdbde, 0xdbde, 0xdbde, 
  0xdbde, 0xdbde, 0x5d7b, 0x5d7b, 0x5d7b, 0x5d7b, 0x8c4a, 0x8c4a, 0x8c4a, 0x8c4a, 0x8c4a, 0x8c4a, 
  0x8c4a, 0x8c4a, 0x8c4a, 0x8c4a, 0x5d7b, 0x5d7b, 0x5d7b, 0x5d7b, 0xdbde, 0xdbde, 0xdbde, 0xdbde, 
  0xdbde, 0xdbde, 0xdbde, 0xdbde, 0xdbde, 0xdbde, 0xdbde, 0xdbde, 0xdbde, 0xdbde, 0xdbde, 0xdbde, 
  0xdbde, 0xdbde, 0xdbde, 0xdbde, 0xdbde, 0xdbde, 0xdbde, 0xdbde, 0xdbde, 0xdbde, 0xdbde, 0xdbde, 
  0xdbde, 0xdbde, 0xdbde, 0xdbde, 0xdbde, 0xdbde, 0xdbde, 0xdbde, 0xdbde, 0xdbde, 0xdbde, 0xdbde, 
  0xdbde, 0xdbde, 0xdbde, 0xdbde, 0xdbde, 0xdbde, 0xdbde, 0xdbde, 0xdbde, 0xdbde, 0xdbde, 0xdbde, 
  0xdbde, 0xdbde, 0xdbde, 0xdbde, 0xdbde, 0xdbde, 0xdbde, 0xdbde, 0xdbde, 0xdbde, 0xdbde, 0xdbde, 
  0xdbde, 0xdbde, 0xdbde, 0xdbde, 0xdbde, 0xdbde, 0xdbde, 0xdbde, 0xdbde, 0xdbde, 0xdbde, 0xdbde, 
  0xdbde, 0xdbde, 0xdbde, 0xdbde, 0xdbde, 0xdbde, 0xdbde, 0xdbde, 0xdbde, 0xdbde, 0xdbde, 0xdbde, 
  0xdbde, 0xdbde, 0xdbde, 0xdbde, 0xdbde, 0xdbde, 0xdbde, 0xdbde, 0xdbde, 0xdbde, 0xdbde, 0xdbde, 
  0xdbde, 0xdbde, 0xdbde, 0xdbde, 0xdbde, 0xdbde, 0xdbde, 0xdbde, 0xdbde, 0xdbde, 0xdbde, 0xdbde, 
  0xdbde, 0xdbde, 0xdbde, 0xdbde, 0xdbde, 0xdbde, 0xdbde, 0xdbde, 0xdbde, 0xdbde, 0xdbde, 0xdbde, 
  0xdbde, 0xdbde, 0xdbde, 0xdbde, 0xdbde, 0xdbde, 0xdbde, 0xdbde, 0xdbde, 0xdbde, 0xdbde, 0xdbde, 
  0xdbde, 0xdbde, 0xdbde, 0xdbde, 0xdbde, 0xdbde, 0xdbde, 0xdbde, 0xdbde, 0xdbde, 0xdbde, 0xdbde, 
  0xdbde, 0xdbde, 0xdbde, 0xdbde, 0xdbde, 0xdbde, 0xdbde, 0xdbde, 0xdbde, 0xdbde, 0xdbde, 0xdbde, 
  0xdbde, 0xdbde, 0xdbde, 0xdbde, 0xdbde, 0xdbde, 0xdbde, 0xdbde, 0xdbde, 0xdbde, 0xdbde, 0xdbde, 
  0xdbde, 0xdbde, 0xdbde, 0xdbde, 0xdbde, 0xdbde, 0xdbde, 0xdbde, 0xdbde, 0xdbde, 0xdbde, 0xdbde, 
  0xdbde, 0x5d7b, 0x5d7b, 0x5d7b, 0x5d7b, 0x8c4a, 0x8c4a, 0x8c4a, 0x8c4a, 0x8c4a, 0x8c4a, 0x6a62, 
  0x6a62, 0x8c4a, 0x8c4a, 0x8c4a, 0x8c4a, 0x8c4a, 0x8c4a, 0x5d7b, 0x5d7b, 0x5d7b, 0x5d7b, 0xdbde, 
  0xdbde, 0xdbde, 0xdbde, 0xdbde, 0xdbde, 0xdbde, 0xdbde, 0xdbde, 0xdbde, 0xdbde, 0xdbde, 0xdbde, 
  0xdbde, 0xdbde, 0xdbde, 0xdbde, 0xdbde, 0xdbde, 0xdbde, 0xdbde, 0xdbde, 0xdbde, 0xdbde, 0xdbde, 
  0xdbde, 0xdbde, 0xdbde, 0xdbde, 0xdbde, 0xdbde, 0xdbde, 0xdbde, 0xdbde, 0xdbde, 0xdbde, 0xdbde, 
  0xdbde, 0xdbde, 0xdbde, 0xdbde, 0xdbde, 0xdbde, 0xdbde, 0xdbde, 0xdbde, 0xdbde, 0xdbde, 0xdbde, 
  0xdbde, 0xdbde, 0xdbde, 0xdbde, 0xdbde, 0xdbde, 0xdbde, 0xdbde, 0xdbde, 0xdbde, 0xdbde, 0xdbde, 
  0xdbde, 0xdbde, 0xdbde, 0xdbde, 0xdbde, 0xdbde, 0xdbde, 0xdbde, 0xdbde, 0xdbde, 0xdbde, 0xdbde, 
  0xdbde, 0xdbde, 0xdbde, 0xdbde, 0xdbde, 0xdbde, 0xdbde, 0xdbde, 0xdbde, 0xdbde, 0xdbde, 0xdbde, 
  0xdbde, 0xdbde, 0xdbde, 0xdbde, 0xdbde, 0xdbde, 0xdbde, 0xdbde, 0xdbde, 0xdbde, 0x5d7b, 0x5d7b, 
  0x5d7b, 0x5d7b, 0x8c4a, 0x8c4a, 0x8c4a, 0x8c4a, 0x8c4a, 0x8c4a, 0x8c4a, 0x8c4a, 0x8c4a, 0x8c4a, 
  0x5d7b, 0x5d7b, 0x5d7b, 0x5d7b, 0xdbde, 0xdbde, 0xdbde, 0xdbde, 0xdbde, 0xdbde, 0xdbde, 0xdbde, 
  0xdbde, 0xdbde, 0xdbde, 0xdbde, 0xdbde, 0xdbde, 0xdbde, 0xdbde, 0xdbde, 0xdbde, 0xdbde, 0xdbde, 
  0xdbde, 0xdbde, 0xdbde, 0xdbde, 0xdbde, 0xdbde, 0xdbde, 0xdbde, 0xdbde, 0xdbde, 0xdbde, 0xdbde, 
  0xdbde, 0xdbde, 0xdbde, 0xdbde, 0xdbde, 0xdbde, 0xdbde, 0xdbde, 0xdbde, 0xdbde, 0xdbde, 0xdbde, 
  0xdbde, 0xdbde, 0xdbde, 0xdbde, 0xdbde, 0xdbde, 0xdbde, 0xdbde, 0xdbde, 0xdbde, 0xdbde, 0xdbde, 
  0xdbde, 0xdbde, 0xdbde, 0xdbde, 0xdbde, 0xdbde, 0xdbde, 0xdbde, 0xdbde, 0xdbde, 0xdbde, 0xdbde, 
  0xdbde, 0xdbde, 0xdbde, 0xdbde, 0xdbde, 0xdbde, 0xdbde, 0xdbde, 0xdbde, 0xdbde, 0xdbde, 0xdbde, 
  0xdbde, 0xdbde, 0xdbde, 0xdbde, 0xdbde, 0xdbde, 0xdbde, 0xdbde, 0xdbde, 0xdbde, 0xdbde, 0xdbde, 
  0xdbde, 0xdbde, 0xdbde, 0xdbde, 0xdbde, 0xdbde, 0xdbde, 0xdbde, 0xdbde, 0xdbde, 0xdbde, 0xdbde, 
  0xdbde, 0xdbde, 0xdbde, 0xdbde, 0xdbde, 0xdbde, 0xdbde, 0xdbde, 0xdbde, 0xdbde, 0xdbde, 0xdbde, 
  0xdbde, 0xdbde, 0xdbde, 0xdbde, 0xdbde, 0xdbde, 0xdbde, 0xdbde, 0xdbde, 0xdbde, 0xdbde, 0xdbde, 
  0xdbde, 0xdbde, 0xdbde, 0xdbde, 0xdbde, 0xdbde, 0xdbde, 0xdbde, 0xdbde, 0xdbde, 0xdbde, 0xdbde, 
  0xdbde, 0xdbde, 0xdbde, 0xdbde, 0xdbde, 0xdbde, 0xdbde, 0xdbde, 0xdbde, 0xdbde, 0xdbde, 0xdbde, 
  0xdbde, 0xdbde, 0xdbde, 0xdbde, 0xdbde, 0xdbde, 0xdbde, 0xdbde, 0xdbde, 0xdbde, 0xdbde, 0xdbde, 
  0xdbde, 0xdbde, 0xdbde, 0xdbde, 0xdbde, 0xdbde, 0xdbde, 0xdbde, 0xdbde, 0xdbde, 0xdbde, 0xdbde, 
  0xdbde, 0xdbde, 0xdbde, 0xdbde, 0xdbde, 0xdbde, 0xdbde, 0xdbde, 0xdbde, 0x5d7b, 0x5d7b, 0x5d7b, 
  0x5d7b, 0x8c4a, 0x8c4a, 0x8c4a, 0x8c4a, 0x8c4a, 0x8c4a, 0x6a62, 0x6a62, 0x8c4a, 0x8c4a, 0x8c4a, 
  0x8c4a, 0x8c4a, 0x8c4a, 0x5d7b, 0x5d7b, 0x5d7b, 0x5d7b, 0xdbde, 0xdbde, 0xdbde, 0xdbde, 0xdbde, 
  0xdbde, 0xdbde, 0xdbde, 0xdbde, 0xdbde, 0xdbde, 0xdbde, 0xdbde, 0xdbde, 0xdbde, 0xdbde, 0xdbde, 
  0xdbde, 0xdbde, 0xdbde, 0xdbde, 0xdbde, 0xdbde, 0xdbde, 0xdbde, 0xdbde, 0xdbde, 0xdbde, 0xdbde, 
  0xdbde, 0xdbde, 0xdbde, 0xdbde, 0xdbde, 0xdbde, 0xdbde, 0xdbde, 0xdbde, 0xdbde, 0xdbde, 0xdbde, 
  0xdbde, 0xdbde, 0xdbde, 0xdbde, 0xdbde, 0xdbde, 0xdbde, 0xdbde, 0xdbde, 0xdbde, 0xdbde, 0xdbde, 
  0xdbde, 0xdbde, 0xdbde, 0xdbde, 0xdbde, 0xdbde, 0xdbde, 0xdbde, 0xdbde, 0xdbde, 0xdbde, 0xdbde, 
  0xdbde, 0xdbde, 0xdbde, 0xdbde, 0xdbde, 0xdbde, 0xdbde, 0xdbde, 0xdbde, 0xdbde, 0xdbde, 0xdbde, 
  0xdbde, 0xdbde, 0xdbde, 0xdbde, 0xdbde, 0xdbde, 0xdbde, 0xdbde, 0xdbde, 0xdbde, 0xdbde, 0xdbde, 
  0xdbde, 0xdbde, 0xdbde, 0xdbde, 0xdbde, 0xdbde, 0x5d7b, 0x5d7b, 0x5d7b, 0x5d7b, 0x8c4a, 0x8c4a, 
  0x8c4a, 0x8c4a, 0x8c4a, 0x8c4a, 0x8c4a, 0x8c4a, 0x8c4a, 0x8c4a, 0x5d7b, 0x5d7b, 0x5d7b, 0x5d7b, 
  0xdbde, 0xdbde, 0xdbde, 0xdbde, 0xdbde, 0xdbde, 0xdbde, 0xdbde, 0xdbde, 0xdbde, 0xdbde, 0xdbde, 
  0xdbde, 0xdbde, 0xdbde, 0xdbde, 0xdbde, 0xdbde, 0xdbde, 0xdbde, 0xdbde, 0xdbde, 0xdbde, 0xdbde, 
  0xdbde, 0xdbde, 0xdbde, 0xdbde, 0xdbde, 0xdbde, 0xdbde, 0xdbde, 0xdbde, 0xdbde, 0xdbde, 0xdbde, 
  0xdbde, 0xdbde, 0xdbde, 0xdbde, 0xdbde, 0xdbde, 0xdbde, 0xdbde, 0xdbde, 0xdbde, 0xdbde, 0xdbde, 
  0xdbde, 0xdbde, 0xdbde, 0xdbde, 0xdbde, 0xdbde, 0xdbde, 0xdbde, 0xdbde, 0xdbde, 0xdbde, 0xdbde, 
  0xdbde, 0xdbde, 0xdbde, 0xdbde, 0xdbde, 0xdbde, 0xdbde, 0xdbde, 0xdbde, 0xdbde, 0xdbde, 0xdbde, 
  0xdbde, 0xdbde, 0xdbde, 0xdbde, 0xdbde, 0xdbde, 0xdbde, 0xdbde, 0xdbde, 0xdbde, 0xdbde, 0xdbde, 
  0xdbde, 0xdbde, 0xdbde, 0xdbde, 0xdbde, 0xdbde, 0xdbde, 0xdbde, 0xdbde, 0xdbde, 0xdbde, 0xdbde, 
  0xdbde, 0xdbde, 0xdbde, 0xdbde, 0xdbde, 0xdbde, 0xdbde, 0xdbde, 0xdbde, 0xdbde, 0xdbde, 0xdbde, 
  0xdbde, 0xdbde, 0xdbde, 0xdbde, 0xdbde, 0xdbde, 0xdbde, 0xdbde, 0xdbde, 0xdbde, 0xdbde, 0xdbde, 
  0xdbde, 0xdbde, 0xdbde, 0xdbde, 0xdbde, 0xdbde, 0xdbde, 0xdbde, 0xdbde, 0xdbde, 0xdbde, 0xdbde, 
  0xdbde, 0xdbde, 0xdbde, 0xdbde, 0xdbde, 0xdbde, 0xdbde, 0xdbde, 0xdbde, 0xdbde, 0xdbde, 0xdbde, 
  0xdbde, 0xdbde, 0xdbde, 0xdbde, 0xdbde, 0xdbde, 0xdbde, 0xdbde, 0xdbde, 0xdbde, 0xdbde, 0xdbde, 
  0xdbde, 0xdbde, 0xdbde, 0xdbde, 0xdbde, 0xdbde, 0xdbde, 0xdbde, 0xdbde, 0xdbde, 0xdbde, 0xdbde, 
  0xdbde, 0xdbde, 0xdbde, 0xdbde, 0xdbde, 0xdbde, 0xdbde, 0xdbde, 0xdbde, 0xdbde, 0xdbde, 0xdbde, 
  0xdbde, 0xdbde, 0xdbde, 0xdbde, 0xdbde, 0x5d7b, 0x5d7b, 0x5d7b, 0x5d7b, 0x8c4a, 0x8c4a, 0x8c4a, 
  0x8c4a, 0x8c4a, 0x8c4a, 0x6a62, 0x6a62, 0x8c4a, 0x8c4a, 0x8c4a, 0x8c4a, 0x8c4a, 0x8c4a, 0x5d7b, 
  0x5d7b, 0x5d7b, 0x5d7b, 0xdbde, 0xdbde, 0xdbde, 0xdbde, 0xdbde, 0xdbde, 0xdbde, 0xdbde, 0xdbde, 
  0xdbde, 0xdbde, 0xdbde, 0xdbde, 0xdbde, 0xdbde, 0xdbde, 0xdbde, 0xdbde, 0xdbde, 0xdbde, 0xdbde, 
  0xdbde, 0xdbde, 0xdbde, 0xdbde, 0xdbde, 0xdbde, 0xdbde, 0xdbde, 0xdbde, 0xdbde, 0xdbde, 0xdbde, 
  0xdbde, 0xdbde, 0xdbde, 0xdbde, 0xdbde, 0xdbde, 0xdbde, 0xdbde, 0xdbde, 0xdbde, 0xdbde, 0xdbde, 
  0xdbde, 0xdbde, 0xdbde, 0xdbde, 0xdbde, 0xdbde, 0xdbde, 0xdbde, 0xdbde, 0xdbde, 0xdbde, 0xdbde, 
  0xdbde, 0xdbde, 0xdbde, 0xdbde, 0xdbde, 0xdbde, 0xdbde, 0xdbde, 0xdbde, 0xdbde, 0xdbde, 0xdbde, 
  0xdbde, 0xdbde, 0xdbde, 0xdbde, 0xdbde, 0xdbde, 0xdbde, 0xdbde, 0xdbde, 0xdbde, 0xdbde, 0xdbde, 
  0xdbde, 0xdbde, 0xdbde, 0xdbde, 0xdbde, 0xdbde, 0xdbde, 0xdbde, 0xdbde, 0xdbde, 0xdbde, 0xdbde, 
  0xdbde, 0xdbde, 0x5d7b, 0x5d7b, 0x5d7b, 0x5d7b, 0x8c4a, 0x8c4a, 0x8c4a, 0x8c4a, 0x8c4a, 0x8c4a, 
  0x8c4a, 0x8c4a, 0x8c4a, 0x8c4a, 0x5d7b, 0x5d7b, 0x5d7b, 0x5d7b, 0xdbde, 0xdbde, 0xdbde, 0xdbde, 
  0xdbde, 0xdbde, 0xdbde, 0xdbde, 0xdbde, 0xdbde, 0xdbde, 0xdbde, 0xdbde, 0xdbde, 0xdbde, 0xdbde, 
  0xdbde, 0xdbde, 0xdbde, 0xdbde, 0xdbde, 0xdbde, 0xdbde, 0xdbde, 0xdbde, 0xdbde, 0xdbde, 0xdbde, 
  0xdbde, 0xdbde, 0xdbde, 0xdbde, 0xdbde, 0xdbde, 0xdbde, 0xdbde, 0xdbde, 0xdbde, 0xdbde, 0xdbde, 
  0xdbde, 0xdbde, 0xdbde, 0xdbde, 0xdbde, 0xdbde, 0xdbde, 0xdbde, 0xdbde, 0xdbde, 0xdbde, 0xdbde, 
  0xdbde, 0xdbde, 0xdbde, 0xdbde, 0xdbde, 0xdbde, 0xdbde, 0xdbde, 0xdbde, 0xdbde, 0xdbde, 0xdbde, 
  0xdbde, 0xdbde, 0xdbde, 0xdbde, 0xdbde, 0xdbde, 0xdbde, 0xdbde, 0xdbde, 0xdbde, 0xdbde, 0xdbde, 
  0xdbde, 0xdbde, 0xdbde, 0xdbde, 0xdbde, 0xdbde, 0xdbde, 0xdbde, 0xdbde, 0xdbde, 0xdbde, 0xdbde, 
  0xdbde, 0xdbde, 0xdbde, 0xdbde, 0xdbde, 0xdbde, 0xdbde, 0xdbde, 0xdbde, 0xdbde, 0xdbde, 0xdbde, 
  0xdbde, 0xdbde, 0xdbde, 0xdbde, 0xdbde, 0xdbde, 0xdbde, 0xdbde, 0xdbde, 0xdbde, 0xdbde, 0xdbde, 
  0xdbde, 0xdbde, 0xdbde, 0xdbde, 0xdbde, 0xdbde, 0xdbde, 0xdbde, 0xdbde, 0xdbde, 0xdbde, 0xdbde, 
  0xdbde, 0xdbde, 0xdbde, 0xdbde, 0xdbde, 0xdbde, 0xdbde, 0xdbde, 0xdbde, 0xdbde, 0xdbde, 0xdbde, 
  0xdbde, 0xdbde, 0xdbde, 0xdbde, 0xdbde, 0xdbde, 0xdbde, 0xdbde, 0xdbde, 0xdbde, 0xdbde, 0xdbde, 
  0xdbde, 0xdbde, 0xdbde, 0xdbde, 0xdbde, 0xdbde, 0xdbde, 0xdbde, 0xdbde, 0xdbde, 0xdbde, 0xdbde, 
  0xdbde, 0xdbde, 0xdbde, 0xdbde, 0xdbde, 0xdbde, 0xdbde, 0xdbde, 0xdbde, 0xdbde, 0xdbde, 0xdbde, 
  0xdbde, 0xdbde, 0xdbde, 0xdbde, 0xdbde, 0xdbde, 0xdbde, 0xdbde, 0xdbde, 0xdbde, 0xdbde, 0xdbde, 
  0xdbde, 0x5d7b, 0x5d7b, 0x5d7b, 0x5d7b, 0x8c4a, 0x8c4a, 0x8c4a, 0x8c4a, 0x8c4a, 0x8c4a, 0x6a62, 
  0x6a62, 0x8c4a, 0x8c4a, 0x8c4a, 0x8c4a, 0x8c4a, 0x8c4a, 0x5d7b, 0x5d7b, 0x5d7b, 0x5d7b, 0xdbde, 
  0xdbde, 0xdbde, 0xdbde, 0xdbde, 0xdbde, 0xdbde, 0xdbde, 0xdbde, 0xdbde, 0xdbde, 0xdbde, 0xdbde, 
  0xdbde, 0xdbde, 0xdbde, 0xdbde, 0xdbde, 0xdbde, 0xdbde, 0xdbde, 0xdbde, 0xdbde, 0xdbde, 0xdbde, 
  0xdbde, 0xdbde, 0xdbde, 0xdbde, 0xdbde, 0xdbde, 0xdbde, 0xdbde, 0xdbde, 0xdbde, 0xdbde, 0xdbde, 
  0xdbde, 0xdbde, 0xdbde, 0xdbde, 0xdbde, 0xdbde, 0xdbde, 0xdbde, 0xdbde, 0xdbde, 0xdbde, 0xdbde, 
  0xdbde, 0xdbde, 0xdbde, 0xdbde, 0xdbde, 0xdbde, 0xdbde, 0xdbde, 0xdbde, 0xdbde, 0xdbde, 0xdbde, 
  0xdbde, 0xdbde, 0xdbde, 0xdbde, 0xdbde, 0xdbde, 0xdbde, 0xdbde, 0xdbde, 0xdbde, 0xdbde, 0xdbde, 
  0xdbde, 0xdbde, 0xdbde, 0xdbde, 0xdbde, 0xdbde, 0xdbde, 0xdbde, 0xdbde, 0xdbde, 0xdbde, 0xdbde, 
  0xdbde, 0xdbde, 0xdbde, 0xdbde, 0xdbde, 0xdbde, 0xdbde, 0xdbde, 0xdbde, 0xdbde, 0x5d7b, 0x5d7b, 
  0x5d7b, 0x5d7b, 0x8c4a, 0x8c4a, 0x8c4a, 0x8c4a, 0x8c4a, 0x8c4a, 0x8c4a, 0x8c4a, 0x8c4a, 0x8c4a, 
  0x5d7b, 0x5d7b, 0x5d7b, 0x5d7b, 0xdbde, 0xdbde, 0xdbde, 0xdbde, 0xdbde, 0xdbde, 0xdbde, 0xdbde, 
  0xdbde, 0xdbde, 0xdbde, 0xdbde, 0xdbde, 0xdbde, 0xdbde, 0xdbde, 0xdbde, 0xdbde, 0xdbde, 0xdbde, 
  0xdbde, 0xdbde, 0xdbde, 0xdbde, 0xdbde, 0xdbde, 0xdbde, 0xdbde, 0xdbde, 0xdbde, 0xdbde, 0xdbde, 
  0xdbde, 0xdbde, 0xdbde, 0xdbde, 0xdbde, 0xdbde, 0xdbde, 0xdbde, 0xdbde, 0xdbde, 0xdbde, 0xdbde, 
  0xdbde, 0xdbde, 0xdbde, 0xdbde, 0xdbde, 0xdbde, 0xdbde, 0xdbde, 0xdbde, 0xdbde, 0xdbde, 0xdbde, 
  0xdbde, 0xdbde, 0xdbde, 0xdbde, 0xdbde, 0xdbde, 0xdbde, 0xdbde, 0xdbde, 0xdbde, 0xdbde, 0xdbde, 
  0xdbde, 0xdbde, 0xdbde, 0xdbde, 0xdbde, 0xdbde, 0xdbde, 0xdbde, 0xdbde, 0xdbde, 0xdbde, 0xdbde, 
  0xdbde, 0xdbde, 0xdbde, 0xdbde, 0xdbde, 0xdbde, 0xdbde, 0xdbde, 0xdbde, 0xdbde, 0xdbde, 0xdbde, 
  0xdbde, 0xdbde, 0xdbde, 0xdbde, 0xdbde, 0xdbde, 0xdbde, 0xdbde, 0xdbde, 0xdbde, 0xdbde, 0xdbde, 
  0xdbde, 0xdbde, 0xdbde, 0xdbde, 0xdbde, 0xdbde, 0xdbde, 0xdbde, 0xdbde, 0xdbde, 0xdbde, 0xdbde, 
  0xdbde, 0xdbde, 0xdbde, 0xdbde, 0xdbde, 0xdbde, 0xdbde, 0xdbde, 0xdbde, 0xdbde, 0xdbde, 0xdbde, 
  0xdbde, 0xdbde, 0xdbde, 0xdbde, 0xdbde, 0xdbde, 0xdbde, 0xdbde, 0xdbde, 0xdbde, 0xdbde, 0xdbde, 
  0xdbde, 0xdbde, 0xdbde, 0xdbde, 0xdbde, 0xdbde, 0xdbde, 0xdbde, 0xdbde, 0xdbde, 0xdbde, 0xdbde, 
  0xdbde, 0xdbde, 0xdbde, 0xdbde, 0xdbde, 0xdbde, 0xdbde, 0xdbde, 0xdbde, 0xdbde, 0xdbde, 0xdbde, 
  0xdbde, 0xdbde, 0xdbde, 0xdbde, 0xdbde, 0xdbde, 0xdbde, 0xdbde, 0xdbde, 0xdbde, 0xdbde, 0xdbde, 
  0xdbde, 0xdbde, 0xdbde, 0xdbde, 0xdbde, 0xdbde, 0xdbde, 0xdbde, 0xdbde, 0x5d7b, 0x5d7b, 0x5d7b, 
  0x5d7b, 0x8c4a, 0x8c4a, 0x8c4a, 0x8c4a, 0x8c4a, 0x8c4a, 0x6a62, 0x6a62, 0x8c4a, 0x8c4a, 0x8c4a, 
  0x8c4a, 0x8c4a, 0x8c4a, 0x5d7b, 0x5d7b, 0x5d7b, 0x5d7b, 0xdbde, 0xdbde, 0xdbde, 0xdbde, 0xdbde, 
  0xdbde, 0xdbde, 0xdbde, 0xdbde, 0xdbde, 0xdbde, 0xdbde, 0xdbde, 0xdbde, 0xdbde, 0xdbde, 0xdbde, 
  0xdbde, 0xdbde, 0xdbde, 0xdbde, 0xdbde, 0xdbde, 0xdbde, 0xdbde, 0xdbde, 0xdbde, 0xdbde, 0xdbde, 
  0xdbde, 0xdbde, 0xdbde, 0xdbde, 0xdbde, 0xdbde, 0xdbde, 0xdbde, 0xdbde, 0xdbde, 0xdbde, 0xdbde, 
  0xdbde, 0xdbde, 0xdbde, 0xdbde, 0xdbde, 0xdbde, 0xdbde, 0xdbde, 0xdbde, 0xdbde, 0xdbde, 0xdbde, 
  0xdbde, 0xdbde, 0xdbde, 0xdbde, 0xdbde, 0xdbde, 0xdbde, 0xdbde, 0xdbde, 0xdbde, 0xdbde, 0xdbde, 
  0xdbde, 0xdbde, 0xdbde, 0xdbde, 0xdbde, 0xdbde, 0xdbde, 0xdbde, 0xdbde, 0xdbde, 0xdbde, 0xdbde, 
  0xdbde, 0xdbde, 0xdbde, 0xdbde, 0xdbde, 0xdbde, 0xdbde, 0xdbde, 0xdbde, 0xdbde, 0xdbde, 0xdbde, 
  0xdbde, 0xdbde, 0xdbde, 0xdbde, 0xdbde, 0xdbde, 0x5d7b, 0x5d7b, 0x5d7b, 0x5d7b, 0x8c4a, 0x8c4a, 
  0x8c4a, 0x8c4a, 0x8c4a, 0x8c4a, 0x8c4a, 0x8c4a, 0x8c4a, 0x8c4a, 0x5d7b, 0x5d7b, 0x5d7b, 0x5d7b, 
  0xdbde, 0xdbde, 0xdbde, 0xdbde, 0xdbde, 0xdbde, 0xdbde, 0xdbde, 0xdbde, 0xdbde, 0xdbde, 0xdbde, 
  0xdbde, 0xdbde, 0xdbde, 0xdbde, 0xdbde, 0xdbde, 0xdbde, 0xdbde, 0xdbde, 0xdbde, 0xdbde, 0xdbde, 
  0xdbde, 0xdbde, 0xdbde, 0xdbde, 0xdbde, 0xdbde, 0xdbde, 0xdbde, 0xdbde, 0xdbde, 0xdbde, 0xdbde, 
  0xdbde, 0xdbde, 0xdbde, 0xdbde, 0xdbde, 0xdbde, 0xdbde, 0xdbde, 0xdbde, 0xdbde, 0xdbde, 0xdbde, 
  0xdbde, 0xdbde, 0xdbde, 0xdbde, 0xdbde, 0xdbde, 0xdbde, 0xdbde, 0xdbde, 0xdbde, 0xdbde, 0xdbde, 
  0xdbde, 0xdbde, 0xdbde, 0xdbde, 0xdbde, 0xdbde, 0xdbde, 0xdbde, 0xdbde, 0xdbde, 0xdbde, 0xdbde, 
  0xdbde, 0xdbde, 0xdbde, 0xdbde, 0xdbde, 0xdbde, 0xdbde, 0xdbde, 0xdbde, 0xdbde, 0xdbde, 0xdbde, 
  0xdbde, 0xdbde, 0xdbde, 0xdbde, 0xdbde, 0xdbde, 0xdbde, 0xdbde, 0xdbde, 0xdbde, 0xdbde, 0xdbde, 
  0xdbde, 0xdbde, 0xdbde, 0xdbde, 0xdbde, 0xdbde, 0xdbde, 0xdbde, 0xdbde, 0xdbde, 0xdbde, 0xdbde, 
  0xdbde, 0xdbde, 0xdbde, 0xdbde, 0xdbde, 0xdbde, 0xdbde, 0xdbde, 0xdbde, 0xdbde, 0xdbde, 0xdbde, 
  0xdbde, 0xdbde, 0xdbde, 0xdbde, 0xdbde, 0xdbde, 0xdbde, 0xdbde, 0xdbde, 0xdbde, 0xdbde, 0xdbde, 
  0xdbde, 0xdbde, 0xdbde, 0xdbde, 0xdbde, 0xdbde, 0xdbde, 0xdbde, 0xdbde, 0xdbde, 0xdbde, 0xdbde, 
  0xdbde, 0xdbde, 0xdbde, 0xdbde, 0xdbde, 0xdbde, 0xdbde, 0xdbde, 0xdbde, 0xdbde, 0xdbde, 0xdbde, 
  0xdbde, 0xdbde, 0xdbde, 0xdbde, 0xdbde, 0xdbde, 0xdbde, 0xdbde, 0xdbde, 0xdbde, 0xdbde, 0xdbde, 
  0xdbde, 0xdbde, 0xdbde, 0xdbde, 0xdbde, 0xdbde, 0xdbde, 0xdbde, 0xdbde, 0xdbde, 0xdbde, 0xdbde, 
  0xdbde, 0xdbde, 0xdbde, 0xdbde, 0xdbde, 0x5d7b, 0x5d7b, 0x5d7b, 0x5d7b, 0x8c4a, 0x8c4a, 0x8c4a, 
  0x8c4a, 0x8c4a, 0x8c4a, 0x6a62, 0x6a62, 0x8c4a, 0x8c4a, 0x8c4a, 0x8c4a, 0x8c4a, 0x8c4a, 0x5d7b, 
  0x5d7b, 0x5d7b, 0x5d7b, 0xdbde, 0xdbde, 0xdbde, 0xdbde, 0xdbde, 0xdbde, 0xdbde, 0xdbde, 0xdbde, 
  0xdbde, 0xdbde, 0xdbde, 0xdbde, 0xdbde, 0xdbde, 0xdbde, 0xdbde, 0xdbde, 0xdbde, 0xdbde, 0xdbde, 
  0xdbde, 0xdbde, 0xdbde, 0xdbde, 0xdbde, 0xdbde, 0xdbde, 0xdbde, 0xdbde, 0xdbde, 0xdbde, 0xdbde, 
  0xdbde, 0xdbde, 0xdbde, 0xdbde, 0xdbde, 0xdbde, 0xdbde, 0xdbde, 0xdbde, 0xdbde, 0xdbde, 0xdbde, 
  0xdbde, 0xdbde, 0xdbde, 0xdbde, 0xdbde, 0xdbde, 0xdbde, 0xdbde, 0xdbde, 0xdbde, 0xdbde, 0xdbde, 
  0xdbde, 0xdbde, 0xdbde, 0xdbde, 0xdbde, 0xdbde, 0xdbde, 0xdbde, 0xdbde, 0xdbde, 0xdbde, 0xdbde, 
  0xdbde, 0xdbde, 0xdbde, 0xdbde, 0xdbde, 0xdbde, 0xdbde, 0xdbde, 0xdbde, 0xdbde, 0xdbde, 0xdbde, 
  0xdbde, 0xdbde, 0xdbde, 0xdbde, 0xdbde, 0xdbde, 0xdbde, 0xdbde, 0xdbde, 0xdbde, 0xdbde, 0xdbde, 
  0xdbde, 0xdbde, 0x5d7b, 0x5d7b, 0x5d7b, 0x5d7b, 0x8c4a, 0x8c4a, 0x8c4a, 0x8c4a, 0x8c4a, 0x8c4a, 
  0x8c4a, 0x8c4a, 0x8c4a, 0x8c4a, 0x5d7b, 0x5d7b, 0x5d7b, 0x5d7b, 0xdbde, 0xdbde, 0xdbde, 0xdbde, 
  0xdbde, 0xdbde, 0xdbde, 0xdbde, 0xdbde, 0xdbde, 0xdbde, 0xdbde, 0xdbde, 0xdbde, 0xdbde, 0xdbde, 
  0xdbde, 0xdbde, 0xdbde, 0xdbde, 0xdbde, 0xdbde, 0xdbde, 0xdbde, 0xdbde, 0xdbde, 0xdbde, 0xdbde, 
  0xdbde, 0xdbde, 0xdbde, 0xdbde, 0xdbde, 0xdbde, 0xdbde, 0xdbde, 0xdbde, 0xdbde, 0xdbde, 0xdbde, 
  0xdbde, 0xdbde, 0xdbde, 0xdbde, 0xdbde, 0xdbde, 0xdbde, 0xdbde, 0xdbde, 0xdbde, 0xdbde, 0xdbde, 
  0xdbde, 0xdbde, 0xdbde, 0xdbde, 0xdbde, 0xdbde, 0xdbde, 0xdbde, 0xdbde, 0xdbde, 0xdbde, 0xdbde, 
  0xdbde, 0xdbde, 0xdbde, 0xdbde, 0xdbde, 0xdbde, 0xdbde, 0xdbde, 0xdbde, 0xdbde, 0xdbde, 0xdbde, 
  0xdbde, 0xdbde, 0xdbde, 0xdbde, 0xdbde, 0xdbde, 0xdbde, 0xdbde, 0xdbde, 0xdbde, 0xdbde, 0xdbde, 
  0xdbde, 0xdbde, 0xdbde, 0xdbde, 0xdbde, 0xdbde, 0xdbde, 0xdbde, 0xdbde, 0xdbde, 0xdbde, 0xdbde, 
  0xdbde, 0xdbde, 0xdbde, 0xdbde, 0xdbde, 0xdbde, 0xdbde, 0xdbde, 0xdbde, 0xdbde, 0xdbde, 0xdbde, 
  0xdbde, 0xdbde, 0xdbde, 0xdbde, 0xdbde, 0xdbde, 0xdbde, 0xdbde, 0xdbde, 0xdbde, 0xdbde, 0xdbde, 
  0xdbde, 0xdbde, 0xdbde, 0xdbde, 0xdbde, 0xdbde, 0xdbde, 0xdbde, 0xdbde, 0xdbde, 0xdbde, 0xdbde, 
  0xdbde, 0xdbde, 0xdbde, 0xdbde, 0xdbde, 0xdbde, 0xdbde, 0xdbde, 0xdbde, 0xdbde, 0xdbde, 0xdbde, 
  0xdbde, 0xdbde, 0xdbde, 0xdbde, 0xdbde, 0xdbde, 0xdbde, 0xdbde, 0xdbde, 0xdbde, 0xdbde, 0xdbde, 
  0xdbde, 0xdbde, 0xdbde, 0xdbde, 0xdbde, 0xdbde, 0xdbde, 0xdbde, 0xdbde, 0xdbde, 0xdbde, 0xdbde, 
  0xdbde, 0xdbde, 0xdbde, 0xdbde, 0xdbde, 0xdbde, 0xdbde, 0xdbde, 0xdbde, 0xdbde, 0xdbde, 0xdbde, 
  0xdbde, 0x5d7b, 0x5d7b, 0x5d7b, 0x5d7b, 0x8c4a, 0x8c4a, 0x8c4a, 0x8c4a, 0x8c4a, 0x8c4a, 0x6a62, 
  0x6a62, 0x8c4a, 0x8c4a, 0x8c4a, 0x8c4a, 0x8c4a, 0x8c4a, 0x5d7b, 0x5d7b, 0x5d7b, 0x5d7b, 0xdbde, 
  0xdbde, 0xdbde, 0xdbde, 0xdbde, 0xdbde, 0xdbde, 0xdbde, 0xdbde, 0xdbde, 0xdbde, 0xdbde, 0xdbde, 
  0xdbde, 0xdbde, 0xdbde, 0xdbde, 0xdbde, 0xdbde, 0xdbde, 0xdbde, 0xdbde, 0xdbde, 0xdbde, 0xdbde, 
  0xdbde, 0xdbde, 0xdbde, 0xdbde, 0xdbde, 0xdbde, 0xdbde, 0xdbde, 0xdbde, 0xdbde, 0xdbde, 0xdbde, 
  0xdbde, 0xdbde, 0xdbde, 0xdbde, 0xdbde, 0xdbde, 0xdbde, 0xdbde, 0xdbde, 0xdbde, 0xdbde, 0xdbde, 
  0xdbde, 0xdbde, 0xdbde, 0xdbde, 0xdbde, 0xdbde, 0xdbde, 0xdbde, 0xdbde, 0xdbde, 0xdbde, 0xdbde, 
  0xdbde, 0xdbde, 0xdbde, 0xdbde, 0xdbde, 0xdbde, 0xdbde, 0xdbde, 0xdbde, 0xdbde, 0xdbde, 0xdbde, 
  0xdbde, 0xdbde, 0xdbde, 0xdbde, 0xdbde, 0xdbde, 0xdbde, 0xdbde, 0xdbde, 0xdbde, 0xdbde, 0xdbde, 
  0xdbde, 0xdbde, 0xdbde, 0xdbde, 0xdbde, 0xdbde, 0xdbde, 0xdbde, 0xdbde, 0xdbde, 0x5d7b, 0x5d7b, 
  0x5d7b, 0x5d7b, 0x8c4a, 0x8c4a, 0x8c4a, 0x8c4a, 0x8c4a, 0x8c4a, 0x8c4a, 0x8c4a, 0x8c4a, 0x8c4a, 
  0x5c7b, 0x5d7b, 0x5d7b, 0x5d7b, 0x5bce, 0xdbde, 0xdbde, 0xdbde, 0xdbde, 0xdbde, 0xdbde, 0xdbde, 
  0xdbde, 0xdbde, 0xdbde, 0xdbde, 0xdbde, 0xdbde, 0xdbde, 0xdbde, 0xdbde, 0xdbde, 0xdbde, 0xdbde, 
  0xdbde, 0xdbde, 0xdbde, 0xdbde, 0xdbde, 0xdbde, 0xdbde, 0xdbde, 0xdbde, 0xdbde, 0xdbde, 0xdbde, 
  0xdbde, 0xdbde, 0xdbde, 0xdbde, 0xdbde, 0xdbde, 0xdbde, 0xdbde, 0xdbde, 0xdbde, 0xdbde, 0xdbde, 
  0xdbde, 0xdbde, 0xdbde, 0xdbde, 0xdbde, 0xdbde, 0xdbde, 0xdbde, 0xdbde, 0xdbde, 0xdbde, 0xdbde, 
  0xdbde, 0xdbde, 0xdbde, 0xdbde, 0xdbde, 0xdbde, 0xdbde, 0xdbde, 0xdbde, 0xdbde, 0xdbde, 0xdbde, 
  0xdbde, 0xdbde, 0xdbde, 0xdbde, 0xdbde, 0xdbde, 0xdbde, 0xdbde, 0xdbde, 0xdbde, 0xdbde, 0xdbde, 
  0xdbde, 0xdbde, 0xdbde, 0xdbde, 0xdbde, 0xdbde, 0xdbde, 0xdbde, 0xdbde, 0xdbde, 0xdbde, 0xdbde, 
  0xdbde, 0xdbde, 0xdbde, 0xdbde, 0xdbde, 0xdbde, 0xdbde, 0xdbde, 0xdbde, 0xdbde, 0xdbde, 0xdbde, 
  0xdbde, 0xdbde, 0xdbde, 0xdbde, 0xdbde, 0xdbde, 0xdbde, 0xdbde, 0xdbde, 0xdbde, 0xdbde, 0xdbde, 
  0xdbde, 0xdbde, 0xdbde, 0xdbde, 0xdbde, 0xdbde, 0xdbde, 0xdbde, 0xdbde, 0xdbde, 0xdbde, 0xdbde, 
  0xdbde, 0xdbde, 0xdbde, 0xdbde, 0xdbde, 0xdbde, 0xdbde, 0xdbde, 0xdbde, 0xdbde, 0xdbde, 0xdbde, 
  0xdbde, 0xdbde, 0xdbde, 0xdbde, 0xdbde, 0xdbde, 0xdbde, 0xdbde, 0xdbde, 0xdbde, 0xdbde, 0xdbde, 
  0xdbde, 0xdbde, 0xdbde, 0xdbde, 0xdbde, 0xdbde, 0xdbde, 0xdbde, 0xdbde, 0xdbde, 0xdbde, 0xdbde, 
  0xdbde, 0xdbde, 0xdbde, 0xdbde, 0xdbde, 0xdbde, 0xdbde, 0xdbde, 0xdbde, 0xdbde, 0xdbde, 0xdbde, 
  0xdbde, 0xdbde, 0xdbde, 0xdbde, 0xdbde, 0xdbde, 0xdbde, 0xdbde, 0x5bce, 0x5d7b, 0x5d7b, 0x5d7b, 
  0x5d7b, 0x8c4a, 0x8c4a, 0x8c4a, 0x8c4a, 0x8c4a, 0x8c4a, 0x6a62, 0x6a62, 0x8c4a, 0x8c4a, 0x8c4a, 
  0x8c4a, 0x8c4a, 0x8c4a, 0x5d7b, 0x5d7b, 0x5d7b, 0x5d7b, 0xdbde, 0xdbde, 0xdbde, 0xdbde, 0xdbde, 
  0xdbde, 0xdbde, 0xdbde, 0xdbde, 0xdbde, 0xdbde, 0xdbde, 0xdbde, 0xdbde, 0xdbde, 0xdbde, 0xdbde, 
  0xdbde, 0xdbde, 0xdbde, 0xdbde, 0xdbde, 0xdbde, 0xdbde, 0xdbde, 0xdbde, 0xdbde, 0xdbde, 0xdbde, 
  0xdbde, 0xdbde, 0xdbde, 0xdbde, 0xdbde, 0xdbde, 0xdbde, 0xdbde, 0xdbde, 0xdbde, 0xdbde, 0xdbde, 
  0xdbde, 0xdbde, 0xdbde, 0xdbde, 0xdbde, 0xdbde, 0xdbde, 0xdbde, 0xdbde, 0xdbde, 0xdbde, 0xdbde, 
  0xdbde, 0xdbde, 0xdbde, 0xdbde, 0xdbde, 0xdbde, 0xdbde, 0xdbde, 0xdbde, 0xdbde, 0xdbde, 0xdbde, 
  0xdbde, 0xdbde, 0xdbde, 0xdbde, 0xdbde, 0xdbde, 0xdbde, 0xdbde, 0xdbde, 0xdbde, 0xdbde, 0xdbde, 
  0xdbde, 0xdbde, 0xdbde, 0xdbde, 0xdbde, 0xdbde, 0xdbde, 0xdbde, 0xdbde, 0xdbde, 0xdbde, 0xdbde, 
  0xdbde, 0xdbde, 0xdbde, 0xdbde, 0xdbde, 0xdbde, 0x5d7b, 0x5d7b, 0x5d7b, 0x5d7b, 0x8c4a, 0x8c4a, 
  0x8c4a, 0x8c4a, 0x8c4a, 0x8c4a, 0x8c4a, 0x8c4a, 0x8c4a, 0x8c4a, 0x1973, 0x5d7b, 0x5d7b, 0x5d7b, 
  0x5d7b, 0x5d7b, 0x5d7b, 0x5d7b, 0x5d7b, 0x5d7b, 0x5d7b, 0x5d7b, 0x5d7b, 0x5d7b, 0x5d7b, 0x5d7b, 
  0x5d7b, 0x5d7b, 0x5d7b, 0x5d7b, 0x5d7b, 0x5d7b, 0x5d7b, 0x5d7b, 0x5d7b, 0x5d7b, 0x5d7b, 0x5d7b, 
  0x5d7b, 0x5d7b, 0x5d7b, 0x5d7b, 0x5d7b, 0x5d7b, 0x5d7b, 0x5d7b, 0x5d7b, 0x5d7b, 0x5d7b, 0x5d7b, 
  0x5d7b, 0x5d7b, 0x5d7b, 0x5d7b, 0x5d7b, 0x5d7b, 0x5d7b, 0x5d7b, 0x5d7b, 0x5d7b, 0x5d7b, 0x5d7b, 
  0x5d7b, 0x5d7b, 0x5d7b, 0x5d7b, 0x5d7b, 0x5d7b, 0x5d7b, 0x5d7b, 0x5d7b, 0x5d7b, 0x5d7b, 0x5d7b, 
  0x5d7b, 0x5d7b, 0x5d7b, 0x5d7b, 0x5d7b, 0x5d7b, 0x5d7b, 0x5d7b, 0x5d7b, 0x5d7b, 0x5d7b, 0x5d7b, 
  0x5d7b, 0x5d7b, 0x5d7b, 0x5d7b, 0x5d7b, 0x5d7b, 0x5d7b, 0x5d7b, 0x5d7b, 0x5d7b, 0x5d7b, 0x5d7b, 
  0x5d7b, 0x5d7b, 0x5d7b, 0x5d7b, 0x5d7b, 0x5d7b, 0x5d7b, 0x5d7b, 0x5d7b, 0x5d7b, 0x5d7b, 0x5d7b, 
  0x5d7b, 0x5d7b, 0x5d7b, 0x5d7b, 0x5d7b, 0x5d7b, 0x5d7b, 0x5d7b, 0x5d7b, 0x5d7b, 0x5d7b, 0x5d7b, 
  0x5d7b, 0x5d7b, 0x5d7b, 0x5d7b, 0x5d7b, 0x5d7b, 0x5d7b, 0x5d7b, 0x5d7b, 0x5d7b, 0x5d7b, 0x5d7b, 
  0x5d7b, 0x5d7b, 0x5d7b, 0x5d7b, 0x5d7b, 0x5d7b, 0x5d7b, 0x5d7b, 0x5d7b, 0x5d7b, 0x5d7b, 0x5d7b, 
  0x5d7b, 0x5d7b, 0x5d7b, 0x5d7b, 0x5d7b, 0x5d7b, 0x5d7b, 0x5d7b, 0x5d7b, 0x5d7b, 0x5d7b, 0x5d7b, 
  0x5d7b, 0x5d7b, 0x5d7b, 0x5d7b, 0x5d7b, 0x5d7b, 0x5d7b, 0x5d7b, 0x5d7b, 0x5d7b, 0x5d7b, 0x5d7b, 
  0x5d7b, 0x5d7b, 0x5d7b, 0x5d7b, 0x5d7b, 0x5d7b, 0x5d7b, 0x5d7b, 0x5d7b, 0x5d7b, 0x5d7b, 0x5d7b, 
  0x5d7b, 0x5d7b, 0x5d7b, 0x5d7b, 0x5d7b, 0x5d7b, 0x5d7b, 0x5d7b, 0x5d7b, 0x5d7b, 0x5d7b, 0x5d7b, 
  0x5d7b, 0x5d7b, 0x5d7b, 0x5d7b, 0x5d7b, 0x5d7b, 0x5d7b, 0x5d7b, 0x1973, 0x8c4a, 0x8c4a, 0x8c4a, 
  0x8c4a, 0x8c4a, 0x8c4a, 0x6a62, 0x6a62, 0x8c4a, 0x8c4a, 0x8c4a, 0x8c4a, 0x8c4a, 0x8c4a, 0x5c7b, 
  0x5d7b, 0x5d7b, 0x5d7b, 0x5bce, 0xdbde, 0xdbde, 0xdbde, 0xdbde, 0xdbde, 0xdbde, 0xdbde, 0xdbde, 
  0xdbde, 0xdbde, 0xdbde, 0xdbde, 0xdbde, 0xdbde, 0xdbde, 0xdbde, 0xdbde, 0xdbde, 0xdbde, 0xdbde, 
  0xdbde, 0xdbde, 0xdbde, 0xdbde, 0xdbde, 0xdbde, 0xdbde, 0xdbde, 0xdbde, 0xdbde, 0xdbde, 0xdbde, 
  0xdbde, 0xdbde, 0xdbde, 0xdbde, 0xdbde, 0xdbde, 0xdbde, 0xdbde, 0xdbde, 0xdbde, 0xdbde, 0xdbde, 
  0xdbde, 0xdbde, 0xdbde, 0xdbde, 0xdbde, 0xdbde, 0xdbde, 0xdbde, 0xdbde, 0xdbde, 0xdbde, 0xdbde, 
  0xdbde, 0xdbde, 0xdbde, 0xdbde, 0xdbde, 0xdbde, 0xdbde, 0xdbde, 0xdbde, 0xdbde, 0xdbde, 0xdbde, 
  0xdbde, 0xdbde, 0xdbde, 0xdbde, 0xdbde, 0xdbde, 0xdbde, 0xdbde, 0xdbde, 0xdbde, 0xdbde, 0xdbde, 
  0xdbde, 0xdbde, 0xdbde, 0xdbde, 0xdbde, 0xdbde, 0xdbde, 0xdbde, 0xdbde, 0xdbde, 0xdbde, 0xdbde, 
  0xdbde, 0x5bce, 0x5d7b, 0x5d7b, 0x5d7b, 0x5d7b, 0x8c4a, 0x8c4a, 0x8c4a, 0x8c4a, 0x8c4a, 0x8c4a, 
  0x8c4a, 0x8c4a, 0x8c4a, 0x8c4a, 0xb05a, 0x5d7b, 0x5d7b, 0x5d7b, 0x5d7b, 0x5d7b, 0x5d7b, 0x5d7b, 
  0x5d7b, 0x5d7b, 0x5d7b, 0x5d7b, 0x5d7b, 0x5d7b, 0x5d7b, 0x5d7b, 0x5d7b, 0x5d7b, 0x5d7b, 0x5d7b, 
  0x5d7b, 0x5d7b, 0x5d7b, 0x5d7b, 0x5d7b, 0x5d7b, 0x5d7b, 0x5d7b, 0x5d7b, 0x5d7b, 0x5d7b, 0x5d7b, 
  0x5d7b, 0x5d7b, 0x5d7b, 0x5d7b, 0x5d7b, 0x5d7b, 0x5d7b, 0x5d7b, 0x5d7b, 0x5d7b, 0x5d7b, 0x5d7b, 
  0x5d7b, 0x5d7b, 0x5d7b, 0x5d7b, 0x5d7b, 0x5d7b, 0x5d7b, 0x5d7b, 0x5d7b, 0x5d7b, 0x5d7b, 0x5d7b, 
  0x5d7b, 0x5d7b, 0x5d7b, 0x5d7b, 0x5d7b, 0x5d7b, 0x5d7b, 0x5d7b, 0x5d7b, 0x5d7b, 0x5d7b, 0x5d7b, 
  0x5d7b, 0x5d7b, 0x5d7b, 0x5d7b, 0x5d7b, 0x5d7b, 0x5d7b, 0x5d7b, 0x5d7b, 0x5d7b, 0x5d7b, 0x5d7b, 
  0x5d7b, 0x5d7b, 0x5d7b, 0x5d7b, 0x5d7b, 0x5d7b, 0x5d7b, 0x5d7b, 0x5d7b, 0x5d7b, 0x5d7b, 0x5d7b, 
  0x5d7b, 0x5d7b, 0x5d7b, 0x5d7b, 0x5d7b, 0x5d7b, 0x5d7b, 0x5d7b, 0x5d7b, 0x5d7b, 0x5d7b, 0x5d7b, 
  0x5d7b, 0x5d7b, 0x5d7b, 0x5d7b, 0x5d7b, 0x5d7b, 0x5d7b, 0x5d7b, 0x5d7b, 0x5d7b, 0x5d7b, 0x5d7b, 
  0x5d7b, 0x5d7b, 0x5d7b, 0x5d7b, 0x5d7b, 0x5d7b, 0x5d7b, 0x5d7b, 0x5d7b, 0x5d7b, 0x5d7b, 0x5d7b, 
  0x5d7b, 0x5d7b, 0x5d7b, 0x5d7b, 0x5d7b, 0x5d7b, 0x5d7b, 0x5d7b, 0x5d7b, 0x5d7b, 0x5d7b, 0x5d7b, 
  0x5d7b, 0x5d7b, 0x5d7b, 0x5d7b, 0x5d7b, 0x5d7b, 0x5d7b, 0x5d7b, 0x5d7b, 0x5d7b, 0x5d7b, 0x5d7b, 
  0x5d7b, 0x5d7b, 0x5d7b, 0x5d7b, 0x5d7b, 0x5d7b, 0x5d7b, 0x5d7b, 0x5d7b, 0x5d7b, 0x5d7b, 0x5d7b, 
  0x5d7b, 0x5d7b, 0x5d7b, 0x5d7b, 0x5d7b, 0x5d7b, 0x5d7b, 0x5d7b, 0x5d7b, 0x5d7b, 0x5d7b, 0x5d7b, 
  0x5d7b, 0x5d7b, 0x5d7b, 0x5d7b, 0x5d7b, 0x5d7b, 0x5d7b, 0x5d7b, 0x5d7b, 0x5d7b, 0x5d7b, 0x5d7b, 
  0x5d7b, 0x5d7b, 0x5d7b, 0x5d7b, 0xd262, 0x8c4a, 0x8c4a, 0x8c4a, 0x8c4a, 0x8c4a, 0x8c4a, 0x6a62, 
  0x6a62, 0x8c4a, 0x8c4a, 0x8c4a, 0x8c4a, 0x8c4a, 0x8c4a, 0x1973, 0x5d7b, 0x5d7b, 0x5d7b, 0x5d7b, 
  0x5d7b, 0x5d7b, 0x5d7b, 0x5d7b, 0x5d7b, 0x5d7b, 0x5d7b, 0x5d7b, 0x5d7b, 0x5d7b, 0x5d7b, 0x5d7b, 
  0x5d7b, 0x5d7b, 0x5d7b, 0x5d7b, 0x5d7b, 0x5d7b, 0x5d7b, 0x5d7b, 0x5d7b, 0x5d7b, 0x5d7b, 0x5d7b, 
  0x5d7b, 0x5d7b, 0x5d7b, 0x5d7b, 0x5d7b, 0x5d7b, 0x5d7b, 0x5d7b, 0x5d7b, 0x5d7b, 0x5d7b, 0x5d7b, 
  0x5d7b, 0x5d7b, 0x5d7b, 0x5d7b, 0x5d7b, 0x5d7b, 0x5d7b, 0x5d7b, 0x5d7b, 0x5d7b, 0x5d7b, 0x5d7b, 
  0x5d7b, 0x5d7b, 0x5d7b, 0x5d7b, 0x5d7b, 0x5d7b, 0x5d7b, 0x5d7b, 0x5d7b, 0x5d7b, 0x5d7b, 0x5d7b, 
  0x5d7b, 0x5d7b, 0x5d7b, 0x5d7b, 0x5d7b, 0x5d7b, 0x5d7b, 0x5d7b, 0x5d7b, 0x5d7b, 0x5d7b, 0x5d7b, 
  0x5d7b, 0x5d7b, 0x5d7b, 0x5d7b, 0x5d7b, 0x5d7b, 0x5d7b, 0x5d7b, 0x5d7b, 0x5d7b, 0x5d7b, 0x5d7b, 
  0x5d7b, 0x5d7b, 0x5d7b, 0x5d7b, 0x5d7b, 0x5d7b, 0x5d7b, 0x5d7b, 0x5d7b, 0x5d7b, 0x5d7b, 0x5d7b, 
  0x5d7b, 0x1973, 0x8c4a, 0x8c4a, 0x8c4a, 0x8c4a, 0x8c4a, 0x8c4a, 0x8c4a, 0x8c4a, 0x8c4a, 0x8c4a, 
  0x8c4a, 0xf462, 0x5d7b, 0x5d7b, 0x5d7b, 0x5d7b, 0x5d7b, 0x5d7b, 0x5d7b, 0x5d7b, 0x5d7b, 0x5d7b, 
  0x5d7b, 0x5d7b, 0x5d7b, 0x5d7b, 0x5d7b, 0x5d7b, 0x5d7b, 0x5d7b, 0x5d7b, 0x5d7b, 0x5d7b, 0x5d7b, 
  0x5d7b, 0x5d7b, 0x5d7b, 0x5d7b, 0x5d7b, 0x5d7b, 0x5d7b, 0x5d7b, 0x5d7b, 0x5d7b, 0x5d7b, 0x5d7b, 
  0x5d7b, 0x5d7b, 0x5d7b, 0x5d7b, 0x5d7b, 0x5d7b, 0x5d7b, 0x5d7b, 0x5d7b, 0x5d7b, 0x5d7b, 0x5d7b, 
  0x5d7b, 0x5d7b, 0x5d7b, 0x5d7b, 0x5d7b, 0x5d7b, 0x5d7b, 0x5d7b, 0x5d7b, 0x5d7b, 0x5d7b, 0x5d7b, 
  0x5d7b, 0x5d7b, 0x5d7b, 0x5d7b, 0x5d7b, 0x5d7b, 0x5d7b, 0x5d7b, 0x5d7b, 0x5d7b, 0x5d7b, 0x5d7b, 
  0x5d7b, 0x5d7b, 0x5d7b, 0x5d7b, 0x5d7b, 0x5d7b, 0x5d7b, 0x5d7b, 0x5d7b, 0x5d7b, 0x5d7b, 0x5d7b, 
  0x5d7b, 0x5d7b, 0x5d7b, 0x5d7b, 0x5d7b, 0x5d7b, 0x5d7b, 0x5d7b, 0x5d7b, 0x5d7b, 0x5d7b, 0x5d7b, 
  0x5d7b, 0x5d7b, 0x5d7b, 0x5d7b, 0x5d7b, 0x5d7b, 0x5d7b, 0x5d7b, 0x5d7b, 0x5d7b, 0x5d7b, 0x5d7b, 
  0x5d7b, 0x5d7b, 0x5d7b, 0x5d7b, 0x5d7b, 0x5d7b, 0x5d7b, 0x5d7b, 0x5d7b, 0x5d7b, 0x5d7b, 0x5d7b, 
  0x5d7b, 0x5d7b, 0x5d7b, 0x5d7b, 0x5d7b, 0x5d7b, 0x5d7b, 0x5d7b, 0x5d7b, 0x5d7b, 0x5d7b, 0x5d7b, 
  0x5d7b, 0x5d7b, 0x5d7b, 0x5d7b, 0x5d7b, 0x5d7b, 0x5d7b, 0x5d7b, 0x5d7b, 0x5d7b, 0x5d7b, 0x5d7b, 
  0x5d7b, 0x5d7b, 0x5d7b, 0x5d7b, 0x5d7b, 0x5d7b, 0x5d7b, 0x5d7b, 0x5d7b, 0x5d7b, 0x5d7b, 0x5d7b, 
  0x5d7b, 0x5d7b, 0x5d7b, 0x5d7b, 0x5d7b, 0x5d7b, 0x5d7b, 0x5d7b, 0x5d7b, 0x5d7b, 0x5d7b, 0x5d7b, 
  0x5d7b, 0x5d7b, 0x5d7b, 0x5d7b, 0x5d7b, 0x5d7b, 0x5d7b, 0x5d7b, 0x5d7b, 0x5d7b, 0x5d7b, 0x5d7b, 
  0x5d7b, 0x5d7b, 0x5d7b, 0x5d7b, 0x5d7b, 0x5d7b, 0x5d7b, 0x5d7b, 0x5d7b, 0x5d7b, 0x5d7b, 0xf462, 
  0x8c4a, 0x8c4a, 0x8c4a, 0x8c4a, 0x8c4a, 0x8c4a, 0x8c4a, 0x6a62, 0x6a62, 0x8c4a, 0x8c4a, 0x8c4a, 
  0x8c4a, 0x8c4a, 0x8c4a, 0xb05a, 0x5d7b, 0x5d7b, 0x5d7b, 0x5d7b, 0x5d7b, 0x5d7b, 0x5d7b, 0x5d7b, 
  0x5d7b, 0x5d7b, 0x5d7b, 0x5d7b, 0x5d7b, 0x5d7b, 0x5d7b, 0x5d7b, 0x5d7b, 0x5d7b, 0x5d7b, 0x5d7b, 
  0x5d7b, 0x5d7b, 0x5d7b, 0x5d7b, 0x5d7b, 0x5d7b, 0x5d7b, 0x5d7b, 0x5d7b, 0x5d7b, 0x5d7b, 0x5d7b, 
  0x5d7b, 0x5d7b, 0x5d7b, 0x5d7b, 0x5d7b, 0x5d7b, 0x5d7b, 0x5d7b, 0x5d7b, 0x5d7b, 0x5d7b, 0x5d7b, 
  0x5d7b, 0x5d7b, 0x5d7b, 0x5d7b, 0x5d7b, 0x5d7b, 0x5d7b, 0x5d7b, 0x5d7b, 0x5d7b, 0x5d7b, 0x5d7b, 
  0x5d7b, 0x5d7b, 0x5d7b, 0x5d7b, 0x5d7b, 0x5d7b, 0x5d7b, 0x5d7b, 0x5d7b, 0x5d7b, 0x5d7b, 0x5d7b, 
  0x5d7b, 0x5d7b, 0x5d7b, 0x5d7b, 0x5d7b, 0x5d7b, 0x5d7b, 0x5d7b, 0x5d7b, 0x5d7b, 0x5d7b, 0x5d7b, 
  0x5d7b, 0x5d7b, 0x5d7b, 0x5d7b, 0x5d7b, 0x5d7b, 0x5d7b, 0x5d7b, 0x5d7b, 0x5d7b, 0x5d7b, 0x5d7b, 
  0x5d7b, 0x5d7b, 0x5d7b, 0x5d7b, 0x5d7b, 0x5d7b, 0x5d7b, 0x5d7b, 0x5d7b, 0xd262, 0x8c4a, 0x8c4a, 
  0x8c4a, 0x8c4a, 0x8c4a, 0x8c4a, 0x8c4a, 0x8c4a, 0x8c4a, 0x8c4a, 0x8c4a, 0x8c4a, 0xd262, 0x1973, 
  0x5d7b, 0x5d7b, 0x5d7b, 0x5d7b, 0x5d7b, 0x5d7b, 0x5d7b, 0x5d7b, 0x5d7b, 0x5d7b, 0x5d7b, 0x5d7b, 
  0x5d7b, 0x5d7b, 0x5d7b, 0x5d7b, 0x5d7b, 0x5d7b, 0x5d7b, 0x5d7b, 0x5d7b, 0x5d7b, 0x5d7b, 0x5d7b, 
  0x5d7b, 0x5d7b, 0x5d7b, 0x5d7b, 0x5d7b, 0x5d7b, 0x5d7b, 0x5d7b, 0x5d7b, 0x5d7b, 0x5d7b, 0x5d7b, 
  0x5d7b, 0x5d7b, 0x5d7b, 0x5d7b, 0x5d7b, 0x5d7b, 0x5d7b, 0x5d7b, 0x5d7b, 0x5d7b, 0x5d7b, 0x5d7b, 
  0x5d7b, 0x5d7b, 0x5d7b, 0x5d7b, 0x5d7b, 0x5d7b, 0x5d7b, 0x5d7b, 0x5d7b, 0x5d7b, 0x5d7b, 0x5d7b, 
  0x5d7b, 0x5d7b, 0x5d7b, 0x5d7b, 0x5d7b, 0x5d7b, 0x5d7b, 0x5d7b, 0x5d7b, 0x5d7b, 0x5d7b, 0x5d7b, 
  0x5d7b, 0x5d7b, 0x5d7b, 0x5d7b, 0x5d7b, 0x5d7b, 0x5d7b, 0x5d7b, 0x5d7b, 0x5d7b, 0x5d7b, 0x5d7b, 
  0x5d7b, 0x5d7b, 0x5d7b, 0x5d7b, 0x5d7b, 0x5d7b, 0x5d7b, 0x5d7b, 0x5d7b, 0x5d7b, 0x5d7b, 0x5d7b, 
  0x5d7b, 0x5d7b, 0x5d7b, 0x5d7b, 0x5d7b, 0x5d7b, 0x5d7b, 0x5d7b, 0x5d7b, 0x5d7b, 0x5d7b, 0x5d7b, 
  0x5d7b, 0x5d7b, 0x5d7b, 0x5d7b, 0x5d7b, 0x5d7b, 0x5d7b, 0x5d7b, 0x5d7b, 0x5d7b, 0x5d7b, 0x5d7b, 
  0x5d7b, 0x5d7b, 0x5d7b, 0x5d7b, 0x5d7b, 0x5d7b, 0x5d7b, 0x5d7b, 0x5d7b, 0x5d7b, 0x5d7b, 0x5d7b, 
  0x5d7b, 0x5d7b, 0x5d7b, 0x5d7b, 0x5d7b, 0x5d7b, 0x5d7b, 0x5d7b, 0x5d7b, 0x5d7b, 0x5d7b, 0x5d7b, 
  0x5d7b, 0x5d7b, 0x5d7b, 0x5d7b, 0x5d7b, 0x5d7b, 0x5d7b, 0x5d7b, 0x5d7b, 0x5d7b, 0x5d7b, 0x5d7b, 
  0x5d7b, 0x5d7b, 0x5d7b, 0x5d7b, 0x5d7b, 0x5d7b, 0x5d7b, 0x5d7b, 0x5d7b, 0x5d7b, 0x5d7b, 0x5d7b, 
  0x5d7b, 0x5d7b, 0x5d7b, 0x5d7b, 0x5d7b, 0x5d7b, 0x5d7b, 0x5d7b, 0x5d7b, 0x5d7b, 0x5d7b, 0x5d7b, 
  0x5d7b, 0x5d7b, 0x5d7b, 0x5d7b, 0x5c7b, 0x1973, 0xb05a, 0x8c4a, 0x8c4a, 0x8c4a, 0x8c4a, 0x8c4a, 
  0x8c4a, 0x8c4a, 0x8c4a, 0x6a62, 0x6a62, 0x8c4a, 0x8c4a, 0x8c4a, 0x8c4a, 0x8c4a, 0x8c4a, 0x8c4a, 
  0xf462, 0x5d7b, 0x5d7b, 0x5d7b, 0x5d7b, 0x5d7b, 0x5d7b, 0x5d7b, 0x5d7b, 0x5d7b, 0x5d7b, 0x5d7b, 
  0x5d7b, 0x5d7b, 0x5d7b, 0x5d7b, 0x5d7b, 0x5d7b, 0x5d7b, 0x5d7b, 0x5d7b, 0x5d7b, 0x5d7b, 0x5d7b, 
  0x5d7b, 0x5d7b, 0x5d7b, 0x5d7b, 0x5d7b, 0x5d7b, 0x5d7b, 0x5d7b, 0x5d7b, 0x5d7b, 0x5d7b, 0x5d7b, 
  0x5d7b, 0x5d7b, 0x5d7b, 0x5d7b, 0x5d7b, 0x5d7b, 0x5d7b, 0x5d7b, 0x5d7b, 0x5d7b, 0x5d7b, 0x5d7b, 
  0x5d7b, 0x5d7b, 0x5d7b, 0x5d7b, 0x5d7b, 0x5d7b, 0x5d7b, 0x5d7b, 0x5d7b, 0x5d7b, 0x5d7b, 0x5d7b, 
  0x5d7b, 0x5d7b, 0x5d7b, 0x5d7b, 0x5d7b, 0x5d7b, 0x5d7b, 0x5d7b, 0x5d7b, 0x5d7b, 0x5d7b, 0x5d7b, 
  0x5d7b, 0x5d7b, 0x5d7b, 0x5d7b, 0x5d7b, 0x5d7b, 0x5d7b, 0x5d7b, 0x5d7b, 0x5d7b, 0x5d7b, 0x5d7b, 
  0x5d7b, 0x5d7b, 0x5d7b, 0x5d7b, 0x5d7b, 0x5d7b, 0x5d7b, 0x5d7b, 0x5d7b, 0x5d7b, 0x5d7b, 0x5d7b, 
  0x5d7b, 0x5d7b, 0x5d7b, 0x5d7b, 0xf462, 0x8c4a, 0x8c4a, 0x8c4a, 0x8c4a, 0x8c4a, 0x8c4a, 0x8c4a, 
  0x8c4a, 0x8c4a, 0x8c4a, 0x8c4a, 0x8c4a, 0x8c4a, 0x8c4a, 0x8c4a, 0x8c4a, 0x8c4a, 0x8c4a, 0x8c4a, 
  0x8c4a, 0x8c4a, 0x8c4a, 0x8c4a, 0x8c4a, 0x8c4a, 0x8c4a, 0x8c4a, 0x8c4a, 0x8c4a, 0x8c4a, 0x8c4a, 
  0x8c4a, 0x8c4a, 0x8c4a, 0x8c4a, 0x8c4a, 0x8c4a, 0x8c4a, 0x8c4a, 0x8c4a, 0x8c4a, 0x8c4a, 0x8c4a, 
  0x8c4a, 0x8c4a, 0x8c4a, 0x8c4a, 0x8c4a, 0x8c4a, 0x8c4a, 0x8c4a, 0x8c4a, 0x8c4a, 0x8c4a, 0x8c4a, 
  0x8c4a, 0x8c4a, 0x8c4a, 0x8c4a, 0x8c4a, 0x8c4a, 0x8c4a, 0x8c4a, 0x8c4a, 0x8c4a, 0x8c4a, 0x8c4a, 
  0x8c4a, 0x8c4a, 0x8c4a, 0x8c4a, 0x8c4a, 0x8c4a, 0x8c4a, 0x8c4a, 0x8c4a, 0x8c4a, 0x8c4a, 0x8c4a, 
  0x8c4a, 0x8c4a, 0x8c4a, 0x8c4a, 0x8c4a, 0x8c4a, 0x8c4a, 0x8c4a, 0x8c4a, 0x8c4a, 0x8c4a, 0x8c4a, 
  0x8c4a, 0x8c4a, 0x8c4a, 0x8c4a, 0x8c4a, 0x8c4a, 0x8c4a, 0x8c4a, 0x8c4a, 0x8c4a, 0x8c4a, 0x8c4a, 
  0x8c4a, 0x8c4a, 0x8c4a, 0x8c4a, 0x8c4a, 0x8c4a, 0x8c4a, 0x8c4a, 0x8c4a, 0x8c4a, 0x8c4a, 0x8c4a, 
  0x8c4a, 0x8c4a, 0x8c4a, 0x8c4a, 0x8c4a, 0x8c4a, 0x8c4a, 0x8c4a, 0x8c4a, 0x8c4a, 0x8c4a, 0x8c4a, 
  0x8c4a, 0x8c4a, 0x8c4a, 0x8c4a, 0x8c4a, 0x8c4a, 0x8c4a, 0x8c4a, 0x8c4a, 0x8c4a, 0x8c4a, 0x8c4a, 
  0x8c4a, 0x8c4a, 0x8c4a, 0x8c4a, 0x8c4a, 0x8c4a, 0x8c4a, 0x8c4a, 0x8c4a, 0x8c4a, 0x8c4a, 0x8c4a, 
  0x8c4a, 0x8c4a, 0x8c4a, 0x8c4a, 0x8c4a, 0x8c4a, 0x8c4a, 0x8c4a, 0x8c4a, 0x8c4a, 0x8c4a, 0x8c4a, 
  0x8c4a, 0x8c4a, 0x8c4a, 0x8c4a, 0x8c4a, 0x8c4a, 0x8c4a, 0x8c4a, 0x8c4a, 0x8c4a, 0x8c4a, 0x8c4a, 
  0x8c4a, 0x8c4a, 0x8c4a, 0x8c4a, 0x8c4a, 0x8c4a, 0x8c4a, 0x8c4a, 0x8c4a, 0x8c4a, 0x8c4a, 0x8c4a, 
  0x8c4a, 0x8c4a, 0x8c4a, 0x8c4a, 0x8c4a, 0x8c4a, 0x8c4a, 0x8c4a, 0x8c4a, 0x8c4a, 0x8c4a, 0x8c4a, 
  0x8c4a, 0x8c4a, 0x8c4a, 0x8c4a, 0x8c4a, 0x8c4a, 0x8c4a, 0x8c4a, 0x8c4a, 0x8c4a, 0x8c4a, 0x6a62, 
  0x6a62, 0x8c4a, 0x8c4a, 0x8c4a, 0x8c4a, 0x8c4a, 0x8c4a, 0x8c4a, 0x8c4a, 0xd262, 0x1973, 0x5d7b, 
  0x5d7b, 0x5d7b, 0x5d7b, 0x5d7b, 0x5d7b, 0x5d7b, 0x5d7b, 0x5d7b, 0x5d7b, 0x5d7b, 0x5d7b, 0x5d7b, 
  0x5d7b, 0x5d7b, 0x5d7b, 0x5d7b, 0x5d7b, 0x5d7b, 0x5d7b, 0x5d7b, 0x5d7b, 0x5d7b, 0x5d7b, 0x5d7b, 
  0x5d7b, 0x5d7b, 0x5d7b, 0x5d7b, 0x5d7b, 0x5d7b, 0x5d7b, 0x5d7b, 0x5d7b, 0x5d7b, 0x5d7b, 0x5d7b, 
  0x5d7b, 0x5d7b, 0x5d7b, 0x5d7b, 0x5d7b, 0x5d7b, 0x5d7b, 0x5d7b, 0x5d7b, 0x5d7b, 0x5d7b, 0x5d7b, 
  0x5d7b, 0x5d7b, 0x5d7b, 0x5d7b, 0x5d7b, 0x5d7b, 0x5d7b, 0x5d7b, 0x5d7b, 0x5d7b, 0x5d7b, 0x5d7b, 
  0x5d7b, 0x5d7b, 0x5d7b, 0x5d7b, 0x5d7b, 0x5d7b, 0x5d7b, 0x5d7b, 0x5d7b, 0x5d7b, 0x5d7b, 0x5d7b, 
  0x5d7b, 0x5d7b, 0x5d7b, 0x5d7b, 0x5d7b, 0x5d7b, 0x5d7b, 0x5d7b, 0x5d7b, 0x5d7b, 0x5d7b, 0x5d7b, 
  0x5d7b, 0x5d7b, 0x5d7b, 0x5d7b, 0x5d7b, 0x5d7b, 0x5d7b, 0x5d7b, 0x5d7b, 0x5c7b, 0x1973, 0xb05a, 
  0x8c4a, 0x8c4a, 0x8c4a, 0x8c4a, 0x8c4a, 0x8c4a, 0x8c4a, 0x8c4a, 0x8c4a, 0x8c4a, 0x8c4a, 0x8c4a, 
  0x8c4a, 0x8c4a, 0x8c4a, 0x8c4a, 0x8c4a, 0x8c4a, 0x8c4a, 0x8c4a, 0x8c4a, 0x8c4a, 0x8c4a, 0x8c4a, 
  0x8c4a, 0x8c4a, 0x8c4a, 0x8c4a, 0x8c4a, 0x8c4a, 0x8c4a, 0x8c4a, 0x8c4a, 0x8c4a, 0x8c4a, 0x8c4a, 
  0x8c4a, 0x8c4a, 0x8c4a, 0x8c4a, 0x8c4a, 0x8c4a, 0x8c4a, 0x8c4a, 0x8c4a, 0x8c4a, 0x8c4a, 0x8c4a, 
  0x8c4a, 0x8c4a, 0x8c4a, 0x8c4a, 0x8c4a, 0x8c4a, 0x8c4a, 0x8c4a, 0x8c4a, 0x8c4a, 0x8c4a, 0x8c4a, 
  0x8c4a, 0x8c4a, 0x8c4a, 0x8c4a, 0x8c4a, 0x8c4a, 0x8c4a, 0x8c4a, 0x8c4a, 0x8c4a, 0x8c4a, 0x8c4a, 
  0x8c4a, 0x8c4a, 0x8c4a, 0x8c4a, 0x8c4a, 0x8c4a, 0x8c4a, 0x8c4a, 0x8c4a, 0x8c4a, 0x8c4a, 0x8c4a, 
  0x8c4a, 0x8c4a, 0x8c4a, 0x8c4a, 0x8c4a, 0x8c4a, 0x8c4a, 0x8c4a, 0x8c4a, 0x8c4a, 0x8c4a, 0x8c4a, 
  0x8c4a, 0x8c4a, 0x8c4a, 0x8c4a, 0x8c4a, 0x8c4a, 0x8c4a, 0x8c4a, 0x8c4a, 0x8c4a, 0x8c4a, 0x8c4a, 
  0x8c4a, 0x8c4a, 0x8c4a, 0x8c4a, 0x8c4a, 0x8c4a, 0x8c4a, 0x8c4a, 0x8c4a, 0x8c4a, 0x8c4a, 0x8c4a, 
  0x8c4a, 0x8c4a, 0x8c4a, 0x8c4a, 0x8c4a, 0x8c4a, 0x8c4a, 0x8c4a, 0x8c4a, 0x8c4a, 0x8c4a, 0x8c4a, 
  0x8c4a, 0x8c4a, 0x8c4a, 0x8c4a, 0x8c4a, 0x8c4a, 0x8c4a, 0x8c4a, 0x8c4a, 0x8c4a, 0x8c4a, 0x8c4a, 
  0x8c4a, 0x8c4a, 0x8c4a, 0x8c4a, 0x8c4a, 0x8c4a, 0x8c4a, 0x8c4a, 0x8c4a, 0x8c4a, 0x8c4a, 0x8c4a, 
  0x8c4a, 0x8c4a, 0x8c4a, 0x8c4a, 0x8c4a, 0x8c4a, 0x8c4a, 0x8c4a, 0x8c4a, 0x8c4a, 0x8c4a, 0x8c4a, 
  0x8c4a, 0x8c4a, 0x8c4a, 0x8c4a, 0x8c4a, 0x8c4a, 0x8c4a, 0x8c4a, 0x8c4a, 0x8c4a, 0x8c4a, 0x8c4a, 
  0x8c4a, 0x8c4a, 0x8c4a, 0x8c4a, 0x8c4a, 0x8c4a, 0x8c4a, 0x8c4a, 0x8c4a, 0x8c4a, 0x8c4a, 0x8c4a, 
  0x8c4a, 0x8c4a, 0x8c4a, 0x8c4a, 0x8c4a, 0x8c4a, 0x8c4a, 0x8c4a, 0x8c4a, 0x8c4a, 0x8c4a, 0x8c4a, 
  0x8c4a, 0x8c4a, 0x8c4a, 0x8c4a, 0x8c4a, 0x8c4a, 0x8c4a, 0x6a62, 0x6a62, 0x8c4a, 0x8c4a, 0x8c4a, 
  0x8c4a, 0x8c4a, 0x1edf, 0x1edf, 0x1edf, 0x1edf, 0x1edf, 0x1edf, 0x1edf, 0x1edf, 0x1edf, 0xbdd6, 
  0x7cce, 0x7cce, 0x7cce, 0x7cce, 0x7cce, 0x7cce, 0x7cce, 0x7cce, 0x7cce, 0x7cce, 0x7cce, 0x7cce, 
  0x7cce, 0x7cce, 0x7cce, 0x7cce, 0x7cce, 0x7cce, 0x3ac6, 0xf9bd, 0xf9bd, 0xf9bd, 0xf9bd, 0xf9bd, 
  0xf9bd, 0xf9bd, 0xf9bd, 0xf9bd, 0xf9bd, 0xf9bd, 0xf9bd, 0xf9bd, 0xf9bd, 0xf9bd, 0xf9bd, 0xf9bd, 
  0xf9bd, 0xf9bd, 0x98b5, 0x57ad, 0x57ad, 0x57ad, 0x57ad, 0x57ad, 0x57ad, 0x57ad, 0x57ad, 0x57ad, 
  0x57ad, 0x57ad, 0x57ad, 0x57ad, 0x57ad, 0x57ad, 0x57ad, 0x57ad, 0x57ad, 0x16a5, 0xd594, 0xd594, 
  0xd594, 0xd594, 0xd594, 0xd594, 0xd594, 0xd594, 0xd594, 0xd594, 0xd594, 0xd594, 0xd594, 0xd594, 
  0xd594, 0xd594, 0xd594, 0xd594, 0x748c, 0x3384, 0x3384, 0x3384, 0x3384, 0x3384, 0x3384, 0x3384, 
  0x3384, 0x3384, 0x3384, 0x3384, 0x3384, 0x3384, 0x3384, 0x3384, 0x3384, 0x3384, 0x3384, 0xf17b, 
  0xb073, 0xb073, 0xb073, 0xb073, 0xb073, 0xb073, 0xb073, 0xb073, 0xb073, 0xb073, 0xb073, 0xb073, 
  0xb073, 0xb073, 0xb073, 0xb073, 0xb073, 0xb073, 0xb073, 0x4f6b, 0x0e63, 0x0e63, 0x0e63, 0x0e63, 
  0x0e63, 0x0e63, 0x0e63, 0x0e63, 0x0e63, 0x0e63, 0x0e63, 0x0e63, 0x0e63, 0x0e63, 0x0e63, 0x0e63, 
  0x0e63, 0x0e63, 0xcd5a, 0x8c4a, 0x8c4a, 0x8c4a, 0x8c4a, 0x8c4a, 0x8c4a, 0x8c4a, 0x8c4a, 0x8c4a, 
  0x8c4a, 0x8c4a, 0x8c4a, 0x8c4a, 0x8c4a, 0x8c4a, 0x8c4a, 0x8c4a, 0x8c4a, 0x8c4a, 0x8c4a, 0x8c4a, 
  0x8c4a, 0x8c4a, 0x8c4a, 0x8c4a, 0x8c4a, 0x8c4a, 0x8c4a, 0x8c4a, 0x8c4a, 0x8c4a, 0x8c4a, 0x8c4a, 
  0x8c4a, 0x8c4a, 0x8c4a, 0x8c4a, 0x8c4a, 0x8c4a, 0x8c4a, 0x8c4a, 0x8c4a, 0x8c4a, 0x8c4a, 0x8c4a, 
  0x8c4a, 0x8c4a, 0x8c4a, 0x8c4a, 0x8c4a, 0x8c4a, 0x8c4a, 0x8c4a, 0x8c4a, 0x8c4a, 0x8c4a, 0x8c4a, 
  0x8c4a, 0x8c4a, 0x8c4a, 0x8c4a, 0x8c4a, 0x8c4a, 0x8c4a, 0x8c4a, 0x8c4a, 0x8c4a, 0x8c4a, 0x8c4a, 
  0x8c4a, 0x8c4a, 0x8c4a, 0x8c4a, 0x8c4a, 0x8c4a, 0x8c4a, 0x8c4a, 0x8c4a, 0x8c4a, 0x8c4a, 0x8c4a, 
  0x8c4a, 0x8c4a, 0x8c4a, 0x8c4a, 0x8c4a, 0x8c4a, 0x8c4a, 0x8c4a, 0x8c4a, 0x8c4a, 0x8c4a, 0x8c4a, 
  0x8c4a, 0x8c4a, 0x8c4a, 0x8c4a, 0x8c4a, 0x8c4a, 0x8c4a, 0x8c4a, 0x8c4a, 0x8c4a, 0x8c4a, 0x8c4a, 
  0x8c4a, 0x8c4a, 0x8c4a, 0x8c4a, 0x8c4a, 0x8c4a, 0x8c4a, 0x8c4a, 0x8c4a, 0x8c4a, 0x8c4a, 0x8c4a, 
  0x8c4a, 0x8c4a, 0x8c4a, 0x8c4a, 0x8c4a, 0x8c4a, 0x8c4a, 0x8c4a, 0x8c4a, 0x8c4a, 0x8c4a, 0x8c4a, 
  0x8c4a, 0x8c4a, 0x8c4a, 0x8c4a, 0x8c4a, 0x8c4a, 0x8c4a, 0x8c4a, 0x8c4a, 0x8c4a, 0x8c4a, 0x8c4a, 
  0x8c4a, 0x8c4a, 0x8c4a, 0x8c4a, 0x8c4a, 0x8c4a, 0x8c4a, 0x8c4a, 0x8c4a, 0x8c4a, 0x8c4a, 0x8c4a, 
  0x8c4a, 0x8c4a, 0x8c4a, 0x8c4a, 0x8c4a, 0x8c4a, 0x8c4a, 0x8c4a, 0x8c4a, 0x8c4a, 0x8c4a, 0x8c4a, 
  0x8c4a, 0x8c4a, 0x8c4a, 0x6a62, 0x6a62, 0x8c4a, 0x8c4a, 0x8c4a, 0x8c4a, 0x8c4a, 0x8c4a, 0x8c4a, 
  0x8c4a, 0x8c4a, 0x8c4a, 0x8c4a, 0x8c4a, 0x8c4a, 0x8c4a, 0xcd5a, 0x0e63, 0x0e63, 0x0e63, 0x0e63, 
  0x0e63, 0x0e63, 0x0e63, 0x0e63, 0x0e63, 0x0e63, 0x0e63, 0x0e63, 0x0e63, 0x0e63, 0x0e63, 0x0e63, 
  0x0e63, 0x0e63, 0x6f6b, 0xb073, 0xb073, 0xb073, 0xb073, 0xb073, 0xb073, 0xb073, 0xb073, 0xb073, 
  0xb073, 0xb073, 0xb073, 0xb073, 0xb073, 0xb073, 0xb073, 0xb073, 0xb073, 0xb073, 0xf17b, 0x3384, 
  0x3384, 0x3384, 0x3384, 0x3384, 0x3384, 0x3384, 0x3384, 0x3384, 0x3384, 0x3384, 0x3384, 0x3384, 
  0x3384, 0x3384, 0x3384, 0x3384, 0x3384, 0x948c, 0xd594, 0xd594, 0xd594, 0xd594, 0xd594, 0xd594, 
  0xd594, 0xd594, 0xd594, 0xd594, 0xd594, 0xd594, 0xd594, 0xd594, 0xd594, 0xd594, 0xd594, 0xd594, 
  0x16a5, 0x57ad, 0x57ad, 0x57ad, 0x57ad, 0x57ad, 0x57ad, 0x57ad, 0x57ad, 0x57ad, 0x57ad, 0x57ad, 
  0x57ad, 0x57ad, 0x57ad, 0x57ad, 0x57ad, 0x57ad, 0x57ad, 0x98b5, 0xf9bd, 0xf9bd, 0xf9bd, 0xf9bd, 
  0xf9bd, 0xf9bd, 0xf9bd, 0xf9bd, 0xf9bd, 0xf9bd, 0xf9bd, 0xf9bd, 0xf9bd, 0xf9bd, 0xf9bd, 0xf9bd, 
  0xf9bd, 0xf9bd, 0xf9bd, 0x3ac6, 0x7cce, 0x7cce, 0x7cce, 0x7cce, 0x7cce, 0x7cce, 0x7cce, 0x7cce, 
  0x7cce, 0x7cce, 0x7cce, 0x7cce, 0x7cce, 0x7cce, 0x7cce, 0x7cce, 0x7cce, 0x7cce, 0xbdd6, 0x1edf, 
  0x1edf, 0x1edf, 0x1edf, 0x1edf, 0x1edf, 0x1edf, 0x1edf, 0x1edf, 0x1edf, 0x1edf, 0x1edf, 0x1edf, 
  0x1edf, 0x1edf, 0x1edf, 0x1edf, 0x1edf, 0xbdd6, 0x7cce, 0x7cce, 0x7cce, 0x7cce, 0x7cce, 0x7cce, 
  0x7cce, 0x7cce, 0x7cce, 0x7cce, 0x7cce, 0x7cce, 0x7cce, 0x7cce, 0x7cce, 0x7cce, 0x7cce, 0x7cce, 
  0x3ac6, 0xf9bd, 0xf9bd, 0xf9bd, 0xf9bd, 0xf9bd, 0xf9bd, 0xf9bd, 0xf9bd, 0xf9bd, 0xf9bd, 0xf9bd, 
  0xf9bd, 0xf9bd, 0xf9bd, 0xf9bd, 0xf9bd, 0xf9bd, 0xf9bd, 0xf9bd, 0x98b5, 0x57ad, 0x57ad, 0x57ad, 
  0x57ad, 0x57ad, 0x57ad, 0x57ad, 0x57ad, 0x57ad, 0x57ad, 0x57ad, 0x57ad, 0x57ad, 0x57ad, 0x57ad, 
  0x57ad, 0x57ad, 0x57ad, 0x16a5, 0xd594, 0xd594, 0xd594, 0xd594, 0xd594, 0xd594, 0xd594, 0xd594, 
  0xd594, 0xd594, 0xd594, 0xd594, 0xd594, 0xd594, 0xd594, 0xd594, 0xd594, 0xd594, 0x748c, 0x3384, 
  0x3384, 0x3384, 0x3384, 0x3384, 0x3384, 0x3384, 0x3384, 0x3384, 0x3384, 0x3384, 0x3384, 0x3384, 
  0x3384, 0x3384, 0x3384, 0x3384, 0x3384, 0xf17b, 0xb073, 0xb073, 0xb073, 0xb073, 0xb073, 0xb073, 
  0xb073, 0xb073, 0xb073, 0xb073, 0xb073, 0xb073, 0xb073, 0xb073, 0xb073, 0xb073, 0xb073, 0xb073, 
  0xb073, 0x4f6b, 0x0e63, 0x0e63, 0x0e63, 0x0e63, 0x0e63, 0x0e63, 0x0e63, 0x0e63, 0x0e63, 0x0e63, 
  0x0e63, 0x0e63, 0x0e63, 0x0e63, 0x0e63, 0x0e63, 0x0e63, 0x0e63, 0xcd5a, 0x8c4a, 0x8c4a, 0x8c4a, 
  0x8c4a, 0x8c4a, 0x8c4a, 0x8c4a, 0x8c4a, 0x8c4a, 0x8c4a, 0x8c4a, 0x8c4a, 0x8c4a, 0x8c4a, 0x6a62, 
  0x6a62, 0x8c4a, 0x8c4a, 0x8c4a, 0x8c4a, 0x8c4a, 0x8c4a, 0x8c4a, 0x8c4a, 0x8c4a, 0x8c4a, 0x8c4a, 
  0x8c4a, 0x8c4a, 0x8c4a, 0x8c4a, 0x8c4a, 0x8c4a, 0x8c4a, 0x8c4a, 0x8c4a, 0x8c4a, 0x8c4a, 0x8c4a, 
  0x8c4a, 0x8c4a, 0x8c4a, 0x8c4a, 0x8c4a, 0x8c4a, 0x8c4a, 0x8c4a, 0x8c4a, 0x8c4a, 0x8c4a, 0x8c4a, 
  0x8c4a, 0x8c4a, 0x8c4a, 0x8c4a, 0x8c4a, 0x8c4a, 0x8c4a, 0x8c4a, 0x8c4a, 0x8c4a, 0x8c4a, 0x8c4a, 
  0x8c4a, 0x8c4a, 0x8c4a, 0x8c4a, 0x8c4a, 0x8c4a, 0x8c4a, 0x8c4a, 0x8c4a, 0x8c4a, 0x8c4a, 0x8c4a, 
  0x8c4a, 0x8c4a, 0x8c4a, 0x8c4a, 0x8c4a, 0x8c4a, 0x8c4a, 0x8c4a, 0x8c4a, 0x8c4a, 0x8c4a, 0x8c4a, 
  0x8c4a, 0x8c4a, 0x8c4a, 0x8c4a, 0x8c4a, 0x8c4a, 0x8c4a, 0x8c4a, 0x8c4a, 0x8c4a, 0x8c4a, 0x8c4a, 
  0x8c4a, 0x8c4a, 0x8c4a, 0x8c4a, 0x8c4a, 0x8c4a, 0x8c4a, 0x8c4a, 0x8c4a, 0x8c4a, 0x8c4a, 0x8c4a, 
  0x8c4a, 0x8c4a, 0x8c4a, 0x8c4a, 0x8c4a, 0x8c4a, 0x8c4a, 0x8c4a, 0x8c4a, 0x8c4a, 0x8c4a, 0x8c4a, 
  0x8c4a, 0x8c4a, 0x8c4a, 0x8c4a, 0x8c4a, 0x8c4a, 0x8c4a, 0x8c4a, 0x8c4a, 0x8c4a, 0x8c4a, 0x8c4a, 
  0x8c4a, 0x8c4a, 0x8c4a, 0x8c4a, 0x8c4a, 0x8c4a, 0x8c4a, 0x8c4a, 0x8c4a, 0x8c4a, 0x8c4a, 0x8c4a, 
  0x8c4a, 0x8c4a, 0x8c4a, 0x8c4a, 0x8c4a, 0x8c4a, 0x8c4a, 0x8c4a, 0x8c4a, 0x8c4a, 0x8c4a, 0x8c4a, 
  0x8c4a, 0x8c4a, 0x8c4a, 0x8c4a, 0x8c4a, 0x8c4a, 0x8c4a, 0x8c4a, 0x8c4a, 0x8c4a, 0x8c4a, 0x8c4a, 
  0x8c4a, 0x8c4a, 0x8c4a, 0x8c4a, 0x8c4a, 0x8c4a, 0x8c4a, 0x8c4a, 0x8c4a, 0x8c4a, 0x8c4a, 0x8c4a, 
  0x8c4a, 0xcd5a, 0x0e63, 0x0e63, 0x0e63, 0x0e63, 0x0e63, 0x0e63, 0x0e63, 0x0e63, 0x0e63, 0x0e63, 
  0x0e63, 0x0e63, 0x0e63, 0x0e63, 0x0e63, 0x0e63, 0x0e63, 0x0e63, 0x6f6b, 0xb073, 0xb073, 0xb073, 
  0xb073, 0xb073, 0xb073, 0xb073, 0xb073, 0xb073, 0xb073, 0xb073, 0xb073, 0xb073, 0xb073, 0xb073, 
  0xb073, 0xb073, 0xb073, 0xb073, 0xf17b, 0x3384, 0x3384, 0x3384, 0x3384, 0x3384, 0x3384, 0x3384, 
  0x3384, 0x3384, 0x3384, 0x3384, 0x3384, 0x3384, 0x3384, 0x3384, 0x3384, 0x3384, 0x3384, 0x948c, 
  0xd594, 0xd594, 0xd594, 0xd594, 0xd594, 0xd594, 0xd594, 0xd594, 0xd594, 0xd594, 0xd594, 0xd594, 
  0xd594, 0xd594, 0xd594, 0xd594, 0xd594, 0xd594, 0x16a5, 0x57ad, 0x57ad, 0x57ad, 0x57ad, 0x57ad, 
  0x57ad, 0x57ad, 0x57ad, 0x57ad, 0x57ad, 0x57ad, 0x57ad, 0x57ad, 0x57ad, 0x57ad, 0x57ad, 0x57ad, 
  0x57ad, 0x98b5, 0xf9bd, 0xf9bd, 0xf9bd, 0xf9bd, 0xf9bd, 0xf9bd, 0xf9bd, 0xf9bd, 0xf9bd, 0xf9bd, 
  0xf9bd, 0xf9bd, 0xf9bd, 0xf9bd, 0xf9bd, 0xf9bd, 0xf9bd, 0xf9bd, 0xf9bd, 0x3ac6, 0x7cce, 0x7cce, 
  0x7cce, 0x7cce, 0x7cce, 0x7cce, 0x7cce, 0x7cce, 0x7cce, 0x7cce, 0x7cce, 0x7cce, 0x7cce, 0x7cce, 
  0x7cce, 0x7cce, 0x7cce, 0x7cce, 0xbdd6, 0x1edf, 0x1edf, 0x1edf, 0x1edf, 0x1edf, 0x1edf, 0x1edf, 
  0x1edf, 0x1edf, 0x8c4a, 0x8c4a, 0x8c4a, 0x8c4a, 0x8c4a, 0x6a62, 0x6a62, 0x8c52, 0x8c4a, 0x8c4a, 
  0x8c4a, 0x8c4a, 0x8c4a, 0x8c4a, 0x8c4a, 0x8c4a, 0x8c4a, 0x8c4a, 0x8c4a, 0x8c4a, 0x8c4a, 0x8c4a, 
  0x8c4a, 0x8c4a, 0x8c4a, 0x8c4a, 0x8c4a, 0x8c4a, 0x8c4a, 0x8c4a, 0x8c4a, 0x8c4a, 0x8c4a, 0x8c4a, 
  0x8c4a, 0x8c4a, 0x8c4a, 0x8c4a, 0x8c4a, 0x8c4a, 0x8c4a, 0x8c4a, 0x8c4a, 0x8c4a, 0x8c4a, 0x8c4a, 
  0x8c4a, 0x8c4a, 0x8c4a, 0x8c4a, 0x8c4a, 0x8c4a, 0x8c4a, 0x8c4a, 0x8c4a, 0x8c4a, 0x8c4a, 0x8c4a, 
  0x8c4a, 0x8c4a, 0x8c4a, 0x8c4a, 0x8c4a, 0x8c4a, 0x8c4a, 0x8c4a, 0x8c4a, 0x8c4a, 0x8c4a, 0x8c4a, 
  0x8c4a, 0x8c4a, 0x8c4a, 0x8c4a, 0x8c4a, 0x8c4a, 0x8c4a, 0x8c4a, 0x8c4a, 0x8c4a, 0x8c4a, 0x8c4a, 
  0x8c4a, 0x8c4a, 0x8c4a, 0x8c4a, 0x8c4a, 0x8c4a, 0x8c4a, 0x8c4a, 0x8c4a, 0x8c4a, 0x8c4a, 0x8c4a, 
  0x8c4a, 0x8c4a, 0x8c4a, 0x8c4a, 0x8c4a, 0x8c4a, 0x8c4a, 0x8c4a, 0x8c4a, 0x8c4a, 0x8c4a, 0x8c4a, 
  0x8c4a, 0x8c4a, 0x8c4a, 0x8c4a, 0x8c4a, 0x8c4a, 0x8c4a, 0x8c4a, 0x8c4a, 0x8c4a, 0x8c4a, 0x8c4a, 
  0x8c4a, 0x8c4a, 0x8c4a, 0x8c4a, 0x8c4a, 0x8c4a, 0x8c4a, 0x8c4a, 0x8c4a, 0x8c4a, 0x8c4a, 0x8c4a, 
  0x8c4a, 0x8c4a, 0x8c4a, 0x8c4a, 0x8c4a, 0x8c4a, 0x8c4a, 0x8c4a, 0x8c4a, 0x8c4a, 0x8c4a, 0x8c4a, 
  0x8c4a, 0x8c4a, 0x8c4a, 0x8c4a, 0x8c4a, 0x8c4a, 0x8c4a, 0x8c4a, 0x8c4a, 0x8c4a, 0x8c4a, 0x8c4a, 
  0x8c4a, 0x8c4a, 0x8c4a, 0x8c4a, 0x8c4a, 0x8c4a, 0x8c4a, 0x8c4a, 0x8c4a, 0x8c4a, 0x8c4a, 0x8c4a, 
  0x8c4a, 0x8c4a, 0x8c4a, 0x8c4a, 0x8c4a, 0x8c4a, 0x8c4a, 0x8c4a, 0x8c4a, 0x8c4a, 0x8c4a, 0x8c4a, 
  0x8c4a, 0x8c4a, 0x8c4a, 0x8c4a, 0x8c4a, 0x8c4a, 0x8c4a, 0x8c4a, 0x8c4a, 0x8c4a, 0x8c4a, 0x8c4a, 
  0x8c4a, 0x8c4a, 0x8c4a, 0x8c4a, 0x8c4a, 0x8c4a, 0x8c4a, 0x8c4a, 0x8c4a, 0x8c4a, 0x8c4a, 0x8c4a, 
  0x8c4a, 0x8c4a, 0x8c4a, 0x8c4a, 0x8c4a, 0x8c4a, 0x8c4a, 0x8c4a, 0x8c4a, 0x8c4a, 0x8c4a, 0x8c4a, 
  0x8c4a, 0x8c4a, 0x8c4a, 0x8c4a, 0x8c4a, 0x8c4a, 0x8c4a, 0x8c4a, 0x8c4a, 0x8c4a, 0x8c4a, 0x8c4a, 
  0x8c4a, 0x8c4a, 0x8c4a, 0x8c4a, 0x8c4a, 0x8c4a, 0x8c4a, 0x8c4a, 0x8c4a, 0x8c4a, 0x8c4a, 0x8c4a, 
  0x8c4a, 0x8c4a, 0x8c4a, 0x8c4a, 0x8c4a, 0x8c4a, 0x8c4a, 0x8c4a, 0x8c4a, 0x8c4a, 0x8c4a, 0x8c4a, 
  0x8c4a, 0x8c4a, 0x8c4a, 0x8c4a, 0x8c4a, 0x8c4a, 0x8c4a, 0x8c4a, 0x8c4a, 0x8c4a, 0x8c4a, 0x8c4a, 
  0x8c4a, 0x8c4a, 0x8c4a, 0x8c4a, 0x8c4a, 0x8c4a, 0x8c4a, 0x8c4a, 0x8c4a, 0x8c4a, 0x8c4a, 0x8c4a, 
  0x8c4a, 0x8c4a, 0x8c4a, 0x8c4a, 0x8c4a, 0x8c4a, 0x8c4a, 0x8c4a, 0x8c4a, 0x8c4a, 0x8c4a, 0x8c4a, 
  0x8c4a, 0x8c4a, 0x8c4a, 0x8c4a, 0x8c4a, 0x8c4a, 0x8c4a, 0x8c4a, 0x8c4a, 0x8c4a, 0x8c4a, 0x8c4a, 
  0x8c4a, 0x8c4a, 0x8c4a, 0x8c4a, 0x8c4a, 0x8c4a, 0x8c4a, 0x8c4a, 0x8c4a, 0x8c4a, 0x8c4a, 0x8c4a, 
  0x8c4a, 0x8c4a, 0x8c4a, 0x8c4a, 0x8c4a, 0x8c4a, 0x8c4a, 0x8c4a, 0x8c4a, 0x8c4a, 0x8c4a, 0x8c4a, 
  0x8c4a, 0x8c4a, 0x8c4a, 0x6a62, 0x6a62, 0x8b52, 0x8c4a, 0x8c4a, 0x8c4a, 0x8c4a, 0x8c4a, 0x8c4a, 
  0x8c4a, 0x8c4a, 0x8c4a, 0x8c4a, 0x8c4a, 0x8c4a, 0x8c4a, 0x8c4a, 0x8c4a, 0x8c4a, 0x8c4a, 0x8c4a, 
  0x8c4a, 0x8c4a, 0x8c4a, 0x8c4a, 0x8c4a, 0x8c4a, 0x8c4a, 0x8c4a, 0x8c4a, 0x8c4a, 0x8c4a, 0x8c4a, 
  0x8c4a, 0x8c4a, 0x8c4a, 0x8c4a, 0x8c4a, 0x8c4a, 0x8c4a, 0x8c4a, 0x8c4a, 0x8c4a, 0x8c4a, 0x8c4a, 
  0x8c4a, 0x8c4a, 0x8c4a, 0x8c4a, 0x8c4a, 0x8c4a, 0x8c4a, 0x8c4a, 0x8c4a, 0x8c4a, 0x8c4a, 0x8c4a, 
  0x8c4a, 0x8c4a, 0x8c4a, 0x8c4a, 0x8c4a, 0x8c4a, 0x8c4a, 0x8c4a, 0x8c4a, 0x8c4a, 0x8c4a, 0x8c4a, 
  0x8c4a, 0x8c4a, 0x8c4a, 0x8c4a, 0x8c4a, 0x8c4a, 0x8c4a, 0x8c4a, 0x8c4a, 0x8c4a, 0x8c4a, 0x8c4a, 
  0x8c4a, 0x8c4a, 0x8c4a, 0x8c4a, 0x8c4a, 0x8c4a, 0x8c4a, 0x8c4a, 0x8c4a, 0x8c4a, 0x8c4a, 0x8c4a, 
  0x8c4a, 0x8c4a, 0x8c4a, 0x8c4a, 0x8c4a, 0x8c4a, 0x8c4a, 0x8c4a, 0x8c4a, 0x8c4a, 0x8c4a, 0x8c4a, 
  0x8c4a, 0x8c4a, 0x8c4a, 0x8c4a, 0x8c4a, 0x8c4a, 0x8c4a, 0x8c4a, 0x8c4a, 0x8c4a, 0x8c4a, 0x8c4a, 
  0x8c4a, 0x8c4a, 0x8c4a, 0x8c4a, 0x8c4a, 0x8c4a, 0x8c4a, 0x8c4a, 0x8c4a, 0x8c4a, 0x8c4a, 0x8c4a, 
  0x8c4a, 0x8c4a, 0x8c4a, 0x8c4a, 0x8c4a, 0x8c4a, 0x8c4a, 0x8c4a, 0x8c4a, 0x8c4a, 0x8c4a, 0x8c4a, 
  0x8c4a, 0x8c4a, 0x8c4a, 0x8c4a, 0x8c4a, 0x8c4a, 0x8c4a, 0x8c4a, 0x8c4a, 0x8c4a, 0x8c4a, 0x8c4a, 
  0x8c4a, 0x8c4a, 0x8c4a, 0x8c4a, 0x8c4a, 0x8c4a, 0x8c4a, 0x8c4a, 0x8c4a, 0x8c4a, 0x8c4a, 0x8c4a, 
  0x8c4a, 0x8c4a, 0x8c4a, 0x8c4a, 0x8c4a, 0x8c4a, 0x8c4a, 0x8c4a, 0x8c4a, 0x8c4a, 0x8c4a, 0x8c4a, 
  0x8c4a, 0x8c4a, 0x8c4a, 0x8c4a, 0x8c4a, 0x8c4a, 0x8c4a, 0x8c4a, 0x8c4a, 0x8c4a, 0x8c4a, 0x8c4a, 
  0x8c4a, 0x8c4a, 0x8c4a, 0x8c4a, 0x8c4a, 0x8c4a, 0x8c4a, 0x8c4a, 0x8c4a, 0x8c4a, 0x8c4a, 0x8c4a, 
  0x8c4a, 0x8c4a, 0x8c4a, 0x8c4a, 0x8c4a, 0x8c4a, 0x8c4a, 0x8c4a, 0x8c4a, 0x8c4a, 0x8c4a, 0x8c4a, 
  0x8c4a, 0x8c4a, 0x8c4a, 0x8c4a, 0x8c4a, 0x8c4a, 0x8c4a, 0x8c4a, 0x8c4a, 0x8c4a, 0x8c4a, 0x8c4a, 
  0x8c4a, 0x8c4a, 0x8c4a, 0x8c4a, 0x8c4a, 0x8c4a, 0x8c4a, 0x8c4a, 0x8c4a, 0x8c4a, 0x8c4a, 0x8c4a, 
  0x8c4a, 0x8c4a, 0x8c4a, 0x8c4a, 0x8c4a, 0x8c4a, 0x8c4a, 0x8c4a, 0x8c4a, 0x8c4a, 0x8c4a, 0x8c4a, 
  0x8c4a, 0x8c4a, 0x8c4a, 0x8c4a, 0x8c4a, 0x8c4a, 0x8c4a, 0x8c4a, 0x8c4a, 0x8c4a, 0x8c4a, 0x8c4a, 
  0x8c4a, 0x8c4a, 0x8c4a, 0x8c4a, 0x8c4a, 0x8c4a, 0x8c4a, 0x8c4a, 0x8c4a, 0x8c4a, 0x8c4a, 0x8c4a, 
  0x8c4a, 0x8c4a, 0x8c4a, 0x8c4a, 0x8c4a, 0x8c4a, 0x8c4a, 0x8c4a, 0x8c4a, 0x8c4a, 0x8c4a, 0x8c4a, 
  0x8c4a, 0x8c4a, 0x8c4a, 0x8c4a, 0x8c4a, 0x8c4a, 0x8c4a, 0x8c4a, 0x8c4a, 0x8c4a, 0x8c4a, 0x8c4a, 
  0x8c4a, 0x8c4a, 0x8c4a, 0x8c4a, 0x8c4a, 0x8c4a, 0x8c4a, 0x8c4a, 0x8c4a, 0x8c4a, 0x8c4a, 0x8c4a, 
  0x8c4a, 0x8c4a, 0x8c4a, 0x8c4a, 0x8c4a, 0x8c4a, 0x8c4a, 0x8c4a, 0x8c4a, 0x8c4a, 0x8b52, 0x6a62, 
  0x8a62, 0x6a5a, 0x8c52, 0x8c4a, 0x8c4a, 0x8c4a, 0x8c4a, 0x8c4a, 0x8c4a, 0x8c4a, 0x8c4a, 0x8c4a, 
  0x8c4a, 0x8c4a, 0x8c4a, 0x8c4a, 0x8c4a, 0x8c4a, 0x8c4a, 0x8c4a, 0x8c4a, 0x8c4a, 0x8c4a, 0x8c4a, 
  0x8c4a, 0x8c4a, 0x8c4a, 0x8c4a, 0x8c4a, 0x8c4a, 0x8c4a, 0x8c4a, 0x8c4a, 0x8c4a, 0x8c4a, 0x8c4a, 
  0x8c4a, 0x8c4a, 0x8c4a, 0x8c4a, 0x8c4a, 0x8c4a, 0x8c4a, 0x8c4a, 0x8c4a, 0x8c4a, 0x8c4a, 0x8c4a, 
  0x8c4a, 0x8c4a, 0x8c4a, 0x8c4a, 0x8c4a, 0x8c4a, 0x8c4a, 0x8c4a, 0x8c4a, 0x8c4a, 0x8c4a, 0x8c4a, 
  0x8c4a, 0x8c4a, 0x8c4a, 0x8c4a, 0x8c4a, 0x8c4a, 0x8c4a, 0x8c4a, 0x8c4a, 0x8c4a, 0x8c4a, 0x8c4a, 
  0x8c4a, 0x8c4a, 0x8c4a, 0x8c4a, 0x8c4a, 0x8c4a, 0x8c4a, 0x8c4a, 0x8c4a, 0x8c4a, 0x8c4a, 0x8c4a, 
  0x8c4a, 0x8c4a, 0x8c4a, 0x8c4a, 0x8c4a, 0x8c4a, 0x8c4a, 0x8c4a, 0x8c4a, 0x8c4a, 0x8c4a, 0x8c4a, 
  0x8c4a, 0x8c4a, 0x8c4a, 0x8c4a, 0x8c4a, 0x8c4a, 0x8c4a, 0x8c4a, 0x8c4a, 0x8c4a, 0x8c4a, 0x8c4a, 
  0x8c4a, 0x8c4a, 0x8c4a, 0x8c4a, 0x8c4a, 0x8c4a, 0x8c4a, 0x8c4a, 0x8c4a, 0x8c4a, 0x8c4a, 0x8c4a, 
  0x8c4a, 0x8c4a, 0x8c4a, 0x8c4a, 0x8c4a, 0x8c4a, 0x8c4a, 0x8c4a, 0x8c4a, 0x8c4a, 0x8c4a, 0x8c4a, 
  0x8c4a, 0x8c4a, 0x8c4a, 0x8c4a, 0x8c4a, 0x8c4a, 0x8c4a, 0x8c4a, 0x8c4a, 0x8c4a, 0x8c4a, 0x8c4a, 
  0x8c4a, 0x8c4a, 0x8c4a, 0x8c4a, 0x8c4a, 0x8c4a, 0x8c4a, 0x8c4a, 0x8c4a, 0x8c4a, 0x8c4a, 0x8c4a, 
  0x8c4a, 0x8c4a, 0x8c4a, 0x8c4a, 0x8c4a, 0x8c4a, 0x8c4a, 0x8c4a, 0x8c4a, 0x8c4a, 0x8c4a, 0x8c4a, 
  0x8c4a, 0x8c4a, 0x8c4a, 0x8c4a, 0x8c4a, 0x8c4a, 0x8c4a, 0x8c4a, 0x8c4a, 0x8c4a, 0x8c4a, 0x8c4a, 
  0x8c4a, 0x8c4a, 0x8c4a, 0x8c4a, 0x8c4a, 0x8c4a, 0x8c4a, 0x8c4a, 0x8c4a, 0x8c4a, 0x8c4a, 0x8c4a, 
  0x8c4a, 0x8c4a, 0x8c4a, 0x8c4a, 0x8c4a, 0x8c4a, 0x8c4a, 0x8c4a, 0x8c4a, 0x8c4a, 0x8c4a, 0x8c4a, 
  0x8c4a, 0x8c4a, 0x8c4a, 0x8c4a, 0x8c4a, 0x8c4a, 0x8c4a, 0x8c4a, 0x8c4a, 0x8c4a, 0x8c4a, 0x8c4a, 
  0x8c4a, 0x8c4a, 0x8c4a, 0x8c4a, 0x8c4a, 0x8c4a, 0x8c4a, 0x8c4a, 0x8c4a, 0x8c4a, 0x8c4a, 0x8c4a, 
  0x8c4a, 0x8c4a, 0x8c4a, 0x8c4a, 0x8c4a, 0x8c4a, 0x8c4a, 0x8c4a, 0x8c4a, 0x8c4a, 0x8c4a, 0x8c4a, 
  0x8c4a, 0x8c4a, 0x8c4a, 0x8c4a, 0x8c4a, 0x8c4a, 0x8c4a, 0x8c4a, 0x8c4a, 0x8c4a, 0x8c4a, 0x8c4a, 
  0x8c4a, 0x8c4a, 0x8c4a, 0x8c4a, 0x8c4a, 0x8c4a, 0x8c4a, 0x8c4a, 0x8c4a, 0x8c4a, 0x8c4a, 0x8c4a, 
  0x8c4a, 0x8c4a, 0x8c4a, 0x8c4a, 0x8c4a, 0x8c4a, 0x8c4a, 0x8c4a, 0x8c4a, 0x8c4a, 0x8c4a, 0x8c4a, 
  0x8c4a, 0x8c4a, 0x8c4a, 0x8c4a, 0x8c4a, 0x8c4a, 0x8c4a, 0x8c4a, 0x8c4a, 0x8c4a, 0x8c4a, 0x8c4a, 
  0x8c4a, 0x8c4a, 0x8c4a, 0x8c4a, 0x8c4a, 0x8c4a, 0x8c4a, 0x8c4a, 0x8c4a, 0x8c4a, 0x8c4a, 0x8c4a, 
  0x8c4a, 0x8c4a, 0x8c4a, 0x8c4a, 0x8c4a, 0x8c4a, 0x8c4a, 0x8c4a, 0x8c4a, 0x8c4a, 0x8c4a, 0x8c4a, 
  0x8c4a, 0x8c4a, 0x8c4a, 0x8c4a, 0x8c4a, 0x8c52, 0x6a5a, 0x8a62, 0x0000, 0x8a62, 0x6a5a, 0x8b52, 
  0x8c4a, 0x8c4a, 0x8c4a, 0x8c4a, 0x8c4a, 0x8c4a, 0x8c4a, 0x8c4a, 0x8c4a, 0x8c4a, 0x8c4a, 0x8c4a, 
  0x8c4a, 0x8c4a, 0x8c4a, 0x8c4a, 0x8c4a, 0x8c4a, 0x8c4a, 0x8c4a, 0x8c4a, 0x8c4a, 0x8c4a, 0x8c4a, 
  0x8c4a, 0x8c4a, 0x8c4a, 0x8c4a, 0x8c4a, 0x8c4a, 0x8c4a, 0x8c4a, 0x8c4a, 0x8c4a, 0x8c4a, 0x8c4a, 
  0x8c4a, 0x8c4a, 0x8c4a, 0x8c4a, 0x8c4a, 0x8c4a, 0x8c4a, 0x8c4a, 0x8c4a, 0x8c4a, 0x8c4a, 0x8c4a, 
  0x8c4a, 0x8c4a, 0x8c4a, 0x8c4a, 0x8c4a, 0x8c4a, 0x8c4a, 0x8c4a, 0x8c4a, 0x8c4a, 0x8c4a, 0x8c4a, 
  0x8c4a, 0x8c4a, 0x8c4a, 0x8c4a, 0x8c4a, 0x8c4a, 0x8c4a, 0x8c4a, 0x8c4a, 0x8c4a, 0x8c4a, 0x8c4a, 
  0x8c4a, 0x8c4a, 0x8c4a, 0x8c4a, 0x8c4a, 0x8c4a, 0x8c4a, 0x8c4a, 0x8c4a, 0x8c4a, 0x8c4a, 0x8c4a, 
  0x8c4a, 0x8c4a, 0x8c4a, 0x8c4a, 0x8c4a, 0x8c4a, 0x8c4a, 0x8c4a, 0x8c4a, 0x8c4a, 0x8c4a, 0x8c4a, 
  0x8c4a, 0x8c4a, 0x8c4a, 0x8c4a, 0x8c4a, 0x8c4a, 0x8c4a, 0x8c4a, 0x8c4a, 0x8c4a, 0x8c4a, 0x8c4a, 
  0x8c4a, 0x8c4a, 0x8c4a, 0x8c4a, 0x8c4a, 0x8c4a, 0x8c4a, 0x8c4a, 0x8c4a, 0x8c4a, 0x8c4a, 0x8c4a, 
  0x8c4a, 0x8c4a, 0x8c4a, 0x8c4a, 0x8c4a, 0x8c4a, 0x8c4a, 0x8c4a, 0x8c4a, 0x8c4a, 0x8c4a, 0x8c4a, 
  0x8c4a, 0x8c4a, 0x8c4a, 0x8c4a, 0x8c4a, 0x8c4a, 0x8c4a, 0x8c4a, 0x8c4a, 0x8c4a, 0x8c4a, 0x8c4a, 
  0x8c4a, 0x8c4a, 0x8c4a, 0x8c4a, 0x8c4a, 0x8c4a, 0x8c4a, 0x8c4a, 0x8c4a, 0x8c4a, 0x8c4a, 0x8c4a, 
  0x8c4a, 0x8c4a, 0x8c4a, 0x8c4a, 0x8c4a, 0x8c4a, 0x8c4a, 0x8c4a, 0x8c4a, 0x8c4a, 0x8c4a, 0x8c4a, 
  0x8c4a, 0x8c4a, 0x8c4a, 0x8c4a, 0x8c4a, 0x8c4a, 0x8c4a, 0x8c4a, 0x8c4a, 0x8c4a, 0x8c4a, 0x8c4a, 
  0x8c4a, 0x8c4a, 0x8c4a, 0x8c4a, 0x8c4a, 0x8c4a, 0x8c4a, 0x8c4a, 0x8c4a, 0x8c4a, 0x8c4a, 0x8c4a, 
  0x8c4a, 0x8c4a, 0x8c4a, 0x8c4a, 0x8c4a, 0x8c4a, 0x8c4a, 0x8c4a, 0x8c4a, 0x8c4a, 0x8c4a, 0x8c4a, 
  0x8c4a, 0x8c4a, 0x8c4a, 0x8c4a, 0x8c4a, 0x8c4a, 0x8c4a, 0x8c4a, 0x8c4a, 0x8c4a, 0x8c4a, 0x8c4a, 
  0x8c4a, 0x8c4a, 0x8c4a, 0x8c4a, 0x8c4a, 0x8c4a, 0x8c4a, 0x8c4a, 0x8c4a, 0x8c4a, 0x8c4a, 0x8c4a, 
  0x8c4a, 0x8c4a, 0x8c4a, 0x8c4a, 0x8c4a, 0x8c4a, 0x8c4a, 0x8c4a, 0x8c4a, 0x8c4a, 0x8c4a, 0x8c4a, 
  0x8c4a, 0x8c4a, 0x8c4a, 0x8c4a, 0x8c4a, 0x8c4a, 0x8c4a, 0x8c4a, 0x8c4a, 0x8c4a, 0x8c4a, 0x8c4a, 
  0x8c4a, 0x8c4a, 0x8c4a, 0x8c4a, 0x8c4a, 0x8c4a, 0x8c4a, 0x8c4a, 0x8c4a, 0x8c4a, 0x8c4a, 0x8c4a, 
  0x8c4a, 0x8c4a, 0x8c4a, 0x8c4a, 0x8c4a, 0x8c4a, 0x8c4a, 0x8c4a, 0x8c4a, 0x8c4a, 0x8c4a, 0x8c4a, 
  0x8c4a, 0x8c4a, 0x8c4a, 0x8c4a, 0x8c4a, 0x8c4a, 0x8c4a, 0x8c4a, 0x8c4a, 0x8c4a, 0x8c4a, 0x8c4a, 
  0x8c4a, 0x8c4a, 0x8c4a, 0x8c4a, 0x8c4a, 0x8c4a, 0x8c4a, 0x8c4a, 0x8c4a, 0x8c4a, 0x8c4a, 0x8c4a, 
  0x8c4a, 0x8c4a, 0x8c4a, 0x8c4a, 0x8c4a, 0x8c4a, 0x8c4a, 0x8c4a, 0x8c4a, 0x8c4a, 0x8c4a, 0x8c52, 
  0x8b52, 0x6a5a, 0x6a62, 0x0000, 0x0000, 0x0000, 0x8a62, 0x6a62, 0x6a62, 0x6a62, 0x6a62, 0x6a62, 
  0x6a62, 0x6a62, 0x6a62, 0x6a62, 0x6a62, 0x6a62, 0x6a62, 0x6a62, 0x6a62, 0x6a62, 0x6a62, 0x6a62, 
  0x6a62, 0x6a62, 0x6a62, 0x6a62, 0x6a62, 0x6a62, 0x6a62, 0x6a62, 0x6a62, 0x6a62, 0x6a62, 0x6a62, 
  0x6a62, 0x6a62, 0x6a62, 0x6a62, 0x6a62, 0x6a62, 0x6a62, 0x6a62, 0x6a62, 0x6a62, 0x6a62, 0x6a62, 
  0x6a62, 0x6a62, 0x6a62, 0x6a62, 0x6a62, 0x6a62, 0x6a62, 0x6a62, 0x6a62, 0x6a62, 0x6a62, 0x6a62, 
  0x6a62, 0x6a62, 0x6a62, 0x6a62, 0x6a62, 0x6a62, 0x6a62, 0x6a62, 0x6a62, 0x6a62, 0x6a62, 0x6a62, 
  0x6a62, 0x6a62, 0x6a62, 0x6a62, 0x6a62, 0x6a62, 0x6a62, 0x6a62, 0x6a62, 0x6a62, 0x6a62, 0x6a62, 
  0x6a62, 0x6a62, 0x6a62, 0x6a62, 0x6a62, 0x6a62, 0x6a62, 0x6a62, 0x6a62, 0x6a62, 0x6a62, 0x6a62, 
  0x6a62, 0x6a62, 0x6a62, 0x6a62, 0x6a62, 0x6a62, 0x6a62, 0x6a62, 0x6a62, 0x6a62, 0x6a62, 0x6a62, 
  0x6a62, 0x6a62, 0x6a62, 0x6a62, 0x6a62, 0x6a62, 0x6a62, 0x6a62, 0x6a62, 0x6a62, 0x6a62, 0x6a62, 
  0x6a62, 0x6a62, 0x6a62, 0x6a62, 0x6a62, 0x6a62, 0x6a62, 0x6a62, 0x6a62, 0x6a62, 0x6a62, 0x6a62, 
  0x6a62, 0x6a62, 0x6a62, 0x6a62, 0x6a62, 0x6a62, 0x6a62, 0x6a62, 0x6a62, 0x6a62, 0x6a62, 0x6a62, 
  0x6a62, 0x6a62, 0x6a62, 0x6a62, 0x6a62, 0x6a62, 0x6a62, 0x6a62, 0x6a62, 0x6a62, 0x6a62, 0x6a62, 
  0x6a62, 0x6a62, 0x6a62, 0x6a62, 0x6a62, 0x6a62, 0x6a62, 0x6a62, 0x6a62, 0x6a62, 0x6a62, 0x6a62, 
  0x6a62, 0x6a62, 0x6a62, 0x6a62, 0x6a62, 0x6a62, 0x6a62, 0x6a62, 0x6a62, 0x6a62, 0x6a62, 0x6a62, 
  0x6a62, 0x6a62, 0x6a62, 0x6a62, 0x6a62, 0x6a62, 0x6a62, 0x6a62, 0x6a62, 0x6a62, 0x6a62, 0x6a62, 
  0x6a62, 0x6a62, 0x6a62, 0x6a62, 0x6a62, 0x6a62, 0x6a62, 0x6a62, 0x6a62, 0x6a62, 0x6a62, 0x6a62, 
  0x6a62, 0x6a62, 0x6a62, 0x6a62, 0x6a62, 0x6a62, 0x6a62, 0x6a62, 0x6a62, 0x6a62, 0x6a62, 0x6a62, 
  0x6a62, 0x6a62, 0x6a62, 0x6a62, 0x6a62, 0x6a62, 0x6a62, 0x6a62, 0x6a62, 0x6a62, 0x6a62, 0x6a62, 
  0x6a62, 0x6a62, 0x6a62, 0x6a62, 0x6a62, 0x6a62, 0x6a62, 0x6a62, 0x6a62, 0x6a62, 0x6a62, 0x6a62, 
  0x6a62, 0x6a62, 0x6a62, 0x6a62, 0x6a62, 0x6a62, 0x6a62, 0x6a62, 0x6a62, 0x6a62, 0x6a62, 0x6a62, 
  0x6a62, 0x6a62, 0x6a62, 0x6a62, 0x6a62, 0x6a62, 0x6a62, 0x6a62, 0x6a62, 0x6a62, 0x6a62, 0x6a62, 
  0x6a62, 0x6a62, 0x6a62, 0x6a62, 0x6a62, 0x6a62, 0x6a62, 0x6a62, 0x6a62, 0x6a62, 0x6a62, 0x6a62, 
  0x6a62, 0x6a62, 0x6a62, 0x6a62, 0x6a62, 0x6a62, 0x6a62, 0x6a62, 0x6a62, 0x6a62, 0x6a62, 0x6a62, 
  0x6a62, 0x6a62, 0x6a62, 0x6a62, 0x6a62, 0x6a62, 0x6a62, 0x6a62, 0x6a62, 0x6a62, 0x6a62, 0x6a62, 
  0x6a62, 0x6a62, 0x6a62, 0x6a62, 0x6a62, 0x6a62, 0x6a62, 0x6a62, 0x6a62, 0x6a62, 0x6a62, 0x6a62, 
  0x6a62, 0x6a62, 0x6a62, 0x6a62, 0x6a62, 0x6a62, 0x6a62, 0x6a62, 0x6a62, 0x8a62, 0x0000, 0x0000, 
};

const uint16_t dot[]  = {
  0xdbde, 0xdbde, 0xdbde, 0xdbde, 0xdbde, 0xdbde, 0xdbde, 0xdbde, 0xdbde, 0xdbde, 0xdbde, 0xdbde, 
  0xdbde, 0xdbde, 0xdbde, 0xdbde, 0xdbde, 0xdbde, 0xdbde, 0xdbde, 0xdbde, 0xdbde, 0xdbde, 0xdbde, 
  0xdbde, 0xdbde, 0xdbde, 0xdbde, 0xdbde, 0xdbde, 0xdbde, 0xdbde, 0xdbde, 0xdbde, 0xdbde, 0xdbde, 
  0xdbde, 0xdbde, 0xdbde, 0xdbde, 0xdbde, 0xdbde, 0xdbde, 0xdbde, 0xdbde, 0xdbde, 0xdbde, 0xdbde, 
  0xdbde, 0xdbde, 0xdbde, 0xdbde, 0xdbde, 0xdbde, 0xdbde, 0xdbde, 0xdbde, 0xdbde, 0xdbde, 0xdbde, 
  0xdbde, 0xdbde, 0xdbde, 0xdbde, 0xdbde, 0xdbde, 0xdbde, 0xdbde, 0xdbde, 0xdbde, 0xdbde, 0xdbde, 
  0xdbde, 0xdbde, 0xdbde, 0xdbde, 0xdbde, 0xdbde, 0xdbde, 0xdbde, 0xdbde, 0xdbde, 0xdbde, 0xdbde, 
  0xdbde, 0xdbde, 0xdbde, 0xdbde, 0xdbde, 0xdbde, 0xdbde, 0xdbde, 0xdbde, 0xdbde, 0xdbde, 0xdbde, 
  0xdbde, 0xdbde, 0xdbde, 0xdbde, 0xdbde, 0xdbde, 0xdbde, 0xdbde, 0xdbde, 0xdbde, 0xdbde, 0xdbde, 
  0xdbde, 0xdbde, 0xdbde, 0xdbde, 0xdbde, 0xdbde, 0xdbde, 0xdbde, 0xdbde, 0xdbde, 0xdbde, 0xdbde, 
  0xdbde, 0xdbde, 0xdbde, 0xdbde, 0xdbde, 0xdbde, 0xdbde, 0xdbde, 0xdbde, 0xdbde, 0xdbde, 0xdbde, 
  0xdbde, 0xdbde, 0xdbde, 0xdbde, 0xdbde, 0xdbde, 0xdbde, 0xdbde, 0xdbde, 0xdbde, 0xdbde, 0xdbde, 
  0xdbde, 0xdbde, 0xdbde, 0xdbde, 0xdbde, 0xdbde, 0xdbde, 0xdbde, 0xdbde, 0xdbde, 0xdbde, 0xdbde, 
  0xdbde, 0xdbde, 0xdbde, 0xdbde, 0xdbde, 0xdbde, 0xdbde, 0xdbde, 0xdbde, 0xdbde, 0xdbde, 0xdbde, 
  0xdbde, 0xdbde, 0xdbde, 0xdbde, 0xdbde, 0xdbde, 0xdbde, 0xdbde, 0xdbde, 0xdbde, 0xdbde, 0xdbde, 
  0xdbde, 0xdbde, 0xdbde, 0xdbde, 0xdbde, 0xdbde, 0xdbde, 0xdbde, 0xdbde, 0xdbde, 0xdbde, 0xdbde, 
  0xdbde, 0xdbde, 0xdbde, 0xdbde, 0xdbde, 0xdbde, 0xdbde, 0xdbde, 0xdbde, 0xdbde, 0xdbde, 0xdbde, 
  0xdbde, 0xdbde, 0xdbde, 0xdbde, 0xdbde, 0xdbde, 0xdbde, 0xdbde, 0xdbde, 0xdbde, 0xdbde, 0xdbde, 
  0xdbde, 0xdbde, 0xdbde, 0xdbde, 0xdbde, 0xdbde, 0xdbde, 0xdbde, 0xdbde, 0xdbde, 0xdbde, 0xdbde, 
  0xdbde, 0xdbde, 0xdbde, 0xdbde, 0xdbde, 0xdbde, 0xdbde, 0xdbde, 0xdbde, 0xdbde, 0xdbde, 0xdbde, 
  0xdbde, 0xdbde, 0xdbde, 0xdbde, 0xdbde, 0xdbde, 0xdbde, 0xdbde, 0xdbde, 0xdbde, 0xdbde, 0xdbde, 
  0xdbde, 0xdbde, 0xdbde, 0xdbde, 0xdbde, 0xdbde, 0xdbde, 0xdbde, 0xdbde, 0xdbde, 0xdbde, 0xdbde, 
  0xdbde, 0xdbde, 0xdbde, 0xdbde, 0xdbde, 0xdbde, 0xdbde, 0xdbde, 0xdbde, 0xdbde, 0xdbde, 0xdbde, 
  0xdbde, 0xdbde, 0xdbde, 0xdbde, 0xdbde, 0xdbde, 0xdbde, 0xdbde, 0xdbde, 0xdbde, 0xdbde, 0xdbde, 
  0xdbde, 0xdbde, 0xdbde, 0xdbde, 0xdbde, 0xdbde, 0xdbde, 0xdbde, 0xdbde, 0xdbde, 0xdbde, 0xdbde, 
  0xdbde, 0xdbde, 0xdbde, 0xdbde, 0xdbde, 0xdbde, 0xdbde, 0xdbde, 0xdbde, 0xdbde, 0xdbde, 0xdbde, 
  0xdbde, 0xdbde, 0xdbde, 0xdbde, 0xdbde, 0xdbde, 0xdbde, 0xdbde, 0xdbde, 0xdbde, 0xdbde, 0xdbde, 
  0xdbde, 0xdbde, 0x79de, 0xd3e4, 0xdbde, 0xdbde, 0xdbde, 0xdbde, 0xdbde, 0xdbde, 0xdbde, 0xdbde, 
  0xdbde, 0xdbde, 0xdbde, 0xdbde, 0xdbde, 0xdbde, 0xdbde, 0xdbde, 0xdbde, 0xdbde, 0xa6f1, 0x61f0, 
  0x08ea, 0xdbde, 0xdbde, 0xdbde, 0xdbde, 0xdbde, 0xdbde, 0xdbde, 0xdbde, 0xdbde, 0xdbde, 0xdbde, 
  0xdbde, 0xdbde, 0xdbde, 0xdbde, 0xdbde, 0xdbde, 0x86f1, 0x61f0, 0xcbea, 0xdbde, 0xdbde, 0xdbde, 
  0xdbde, 0xdbde, 0xdbde, 0xdbde, 0xdbde, 0xdbde, 0xdbde, 0xdbde, 0xdbde, 0xdbde, 0xdbde, 0xdbde, 
  0xdbde, 0xdbde, 0xdbde, 0x34e5, 0xdbde, 0xdbde, 0xdbde, 0xdbde, 0xdbde, 0xdbde, 0xdbde, 0xdbde, 
  0xdbde, 0xdbde, 0xdbde, 0xdbde, 0xdbde, 0xdbde, 0xdbde, 0xdbde, 0xdbde, 0xdbde, 0xdbde, 0xdbde, 
  0xdbde, 0xdbde, 0xdbde, 0xdbde, 0xdbde, 0xdbde, 0xdbde, 0xdbde, 0xdbde, 0xdbde, 0xdbde, 0xdbde, 
  0xdbde, 0xdbde, 0xdbde, 0xdbde, 0xdbde, 0xdbde, 0xdbde, 0xdbde, 0xdbde, 0xdbde, 0xdbde, 0xdbde, 
  0xdbde, 0xdbde, 0xdbde, 0xdbde, 0xdbde, 0xdbde, 0xdbde, 0xdbde, 0xdbde, 0xdbde, 0xdbde, 0xdbde, 
  0xdbde, 0xdbde, 0xdbde, 0xdbde, 0xdbde, 0xdbde, 0xdbde, 0xdbde, 0xdbde, 0xdbde, 0xdbde, 0xdbde, 
  0xdbde, 0xdbde, 0xdbde, 0xdbde, 
};

const uint16_t wifi_on[]  = {
  0x8c4a, 0x8c4a, 0x8c4a, 0x8c4a, 0x8c4a, 0x8c4a, 0x8c4a, 0x8c4a, 0x8c4a, 0x8c4a, 0x8c4a, 0x8c4a, 
  0x8c4a, 0x8c4a, 0x8c4a, 0x8c4a, 0x8c4a, 0x8c4a, 0x8c4a, 0x8c4a, 0x8c4a, 0x8c4a, 0x8c4a, 0x8c4a, 
  0x8c4a, 0x8c4a, 0x8c4a, 0x8c4a, 0x8c4a, 0x8c4a, 0x8c4a, 0x8c4a, 0x8c4a, 0x8c4a, 0x8c4a, 0x8c4a, 
  0x8c4a, 0x8c4a, 0x8c4a, 0x8c4a, 0x8c4a, 0x8c4a, 0x8c4a, 0x8c4a, 0x8c4a, 0x8c4a, 0x8c4a, 0x8c4a, 
  0x8c4a, 0x8c4a, 0x8c4a, 0x8c4a, 0x8c4a, 0x8c4a, 0x8c4a, 0x8c4a, 0x8c4a, 0x8c4a, 0x8c4a, 0x8c4a, 
  0x8c4a, 0x8c4a, 0x8c4a, 0x8c4a, 0x8c4a, 0x8c4a, 0x8c4a, 0x8c4a, 0x8c4a, 0x8c4a, 0x8c4a, 0x8c4a, 
  0x8c4a, 0x8c4a, 0x8c4a, 0x8c4a, 0x8c4a, 0x8c4a, 0x8c4a, 0x8c4a, 0x8c4a, 0x8c4a, 0x8c4a, 0x8c4a, 
  0x8c4a, 0x8c4a, 0x8c4a, 0x8c4a, 0x8c4a, 0x8c4a, 0x8c4a, 0x8c4a, 0x8c4a, 0x8c4a, 0x8c4a, 0x8c4a, 
  0x8c4a, 0x8c4a, 0x8c4a, 0x8c4a, 0x8c4a, 0x8c4a, 0x8c4a, 0x8c4a, 0x8c4a, 0x8c4a, 0x8c4a, 0x8c4a, 
  0x8c4a, 0x8c4a, 0x8c4a, 0x8c4a, 0x8c4a, 0x8c4a, 0x8c4a, 0x8c4a, 0x8c4a, 0x8c4a, 0x8c4a, 0x8c4a, 
  0x8c4a, 0x8c4a, 0x8c4a, 0x8c4a, 0x8c4a, 0x8c4a, 0x8c4a, 0x8c4a, 0x8c4a, 0x8c4a, 0x8c4a, 0x8c4a, 
  0x8c4a, 0x8c4a, 0x8c4a, 0x8c4a, 0x8c4a, 0x8c4a, 0x8c4a, 0x8c4a, 0x8c4a, 0x8c4a, 0x8c4a, 0x8c4a, 
  0x8c4a, 0x8c4a, 0x8c4a, 0x8c4a, 0x8c4a, 0x8c4a, 0x8c4a, 0x8c4a, 0x8c4a, 0x8c4a, 0x8c4a, 0x8c4a, 
  0x8c4a, 0x8c4a, 0x8c4a, 0x8c4a, 0x8c4a, 0x8c4a, 0x8c4a, 0x8c4a, 0x8c4a, 0x8c4a, 0x8c4a, 0x8c4a, 
  0x8c4a, 0x8c4a, 0x8c4a, 0x8c4a, 0x8c4a, 0x8c4a, 0x8c4a, 0x8c4a, 0x8c4a, 0x8c4a, 0x8c4a, 0x8c4a, 
  0x8c4a, 0x8c4a, 0x8c4a, 0x8c4a, 0x8c4a, 0x6a4a, 0x6a4a, 0x6a4a, 0x6a4a, 0x8c4a, 0x8c4a, 0x8c4a, 
  0x8c4a, 0x8c4a, 0x8c4a, 0x8c4a, 0x8c4a, 0x8c4a, 0x8c4a, 0x8c4a, 0x8c4a, 0x8c4a, 0x8c4a, 0x8c4a, 
  0x8c4a, 0x8c4a, 0x8c4a, 0x8c4a, 0x8c4a, 0x8c4a, 0x8c4a, 0x8c4a, 0x8c4a, 0x8c4a, 0x294a, 0xc551, 
  0x8351, 0x4251, 0x2051, 0x2051, 0x2051, 0x2051, 0x2051, 0x2051, 0x4151, 0x8351, 0xc551, 0x294a, 
  0x8c4a, 0x8c4a, 0x8c4a, 0x8c4a, 0x8c4a, 0x8c4a, 0x8c4a, 0x8c4a, 0x8c4a, 0x8c4a, 0x8c4a, 0x8c4a, 
  0x8c4a, 0x8c4a, 0x8c4a, 0x8c4a, 0x8c4a, 0x294a, 0xc551, 0x4151, 0x2051, 0x2051, 0x2051, 0x2051, 
  0x2051, 0x2051, 0x2051, 0x2051, 0x2051, 0x2051, 0x2051, 0x2051, 0x2051, 0x2051, 0x4251, 0xa451, 
  0x6a4a, 0x8c4a, 0x8c4a, 0x8c4a, 0x8c4a, 0x8c4a, 0x8c4a, 0x8c4a, 0x8c4a, 0x8c4a, 0x8c4a, 0x8c4a, 
  0x8c4a, 0x294a, 0x8351, 0x2051, 0x2051, 0x2051, 0x2051, 0x2051, 0x6251, 0xa451, 0xc651, 0x0752, 
  0x0752, 0x0752, 0x0752, 0xc651, 0x8451, 0x6251, 0x2051, 0x2051, 0x2051, 0x2051, 0x2051, 0x8351, 
  0x6a4a, 0x8c4a, 0x8c4a, 0x8c4a, 0x8c4a, 0x8c4a, 0x8c4a, 0x8c4a, 0x8c4a, 0x6b4a, 0xa451, 0x2051, 
  0x2051, 0x2051, 0x2051, 0x8351, 0x0752, 0x6b52, 0x8c4a, 0x8c4a, 0x8c4a, 0x8c4a, 0x8c4a, 0x8c4a, 
  0x8c4a, 0x8c4a, 0x8c4a, 0x8c4a, 0x6b52, 0x0752, 0x8451, 0x2051, 0x2051, 0x2051, 0x2051, 0xa451, 
  0x6a4a, 0x8c4a, 0x8c4a, 0x8c4a, 0x8c4a, 0x8c4a, 0x294a, 0x4251, 0x2051, 0x2051, 0x2151, 0xc651, 
  0x6b52, 0x8c4a, 0x8c4a, 0x8c4a, 0x8c4a, 0x8c4a, 0x8c4a, 0x8c4a, 0x8c4a, 0x8c4a, 0x8c4a, 0x8c4a, 
  0x8c4a, 0x8c4a, 0x8c4a, 0x8c4a, 0x8c4a, 0x4a52, 0xa451, 0x2051, 0x2051, 0x2051, 0x4251, 0x0852, 
  0x8c4a, 0x8c4a, 0x8c4a, 0xc651, 0x2051, 0x2051, 0x2051, 0x8351, 0x4a52, 0x8c4a, 0x8c4a, 0x8c4a, 
  0x8c4a, 0x8c4a, 0x8c4a, 0x8c4a, 0x8c4a, 0x8c4a, 0x8c4a, 0x8c4a, 0x8c4a, 0x8c4a, 0x8c4a, 0x8c4a, 
  0x8c4a, 0x8c4a, 0x8c4a, 0x8c4a, 0x8c4a, 0x4a52, 0xa451, 0x2051, 0x2051, 0x2051, 0xc651, 0x8c4a, 
  0x294a, 0x2051, 0x2051, 0x2151, 0xe751, 0x8c4a, 0x8c4a, 0x8c4a, 0x8c4a, 0x8c4a, 0x8c4a, 0x8c4a, 
  0x8c4a, 0x8c4a, 0x8c4a, 0x8c4a, 0x6a4a, 0x6a4a, 0x8c4a, 0x8c4a, 0x8c4a, 0x8c4a, 0x8c4a, 0x8c4a, 
  0x8c4a, 0x8c4a, 0x8c4a, 0x8c4a, 0x8c4a, 0x0752, 0x4151, 0x2051, 0x2051, 0x4a52, 0x6b4a, 0x4151, 
  0x4151, 0x4a52, 0x8c4a, 0x8c4a, 0x8c4a, 0x8c4a, 0x8c4a, 0x8c4a, 0x8c4a, 0x6a4a, 0xe751, 0x8451, 
  0x4251, 0x2051, 0x2051, 0x2051, 0x2051, 0x4151, 0x8351, 0xe751, 0x4a4a, 0x8c4a, 0x8c4a, 0x8c4a, 
  0x8c4a, 0x8c4a, 0x8c4a, 0x8c4a, 0x4a52, 0x4151, 0x4151, 0x4a52, 0x8c4a, 0x8c4a, 0x8c4a, 0x8c4a, 
  0x8c4a, 0x8c4a, 0x8c4a, 0x8c4a, 0x8c4a, 0x294a, 0x8351, 0x2051, 0x2051, 0x2051, 0x2051, 0x2051, 
  0x2051, 0x2051, 0x2051, 0x2051, 0x2051, 0x2051, 0x2051, 0x6251, 0x0752, 0x8c4a, 0x8c4a, 0x8c4a, 
  0x8c4a, 0x8c4a, 0x8c4a, 0x8c4a, 0x8c4a, 0x8c4a, 0x8c4a, 0x8c4a, 0x8c4a, 0x8c4a, 0x8c4a, 0x8c4a, 
  0x8c4a, 0x6a4a, 0x8351, 0x2051, 0x2051, 0x2051, 0x2051, 0x4151, 0xa451, 0xc651, 0xe751, 0xe751, 
  0xc651, 0x8451, 0x6251, 0x2051, 0x2051, 0x2051, 0x2051, 0x4251, 0x6a4a, 0x8c4a, 0x8c4a, 0x8c4a, 
  0x8c4a, 0x8c4a, 0x8c4a, 0x8c4a, 0x8c4a, 0x8c4a, 0x8c4a, 0x8c4a, 0x8c4a, 0x8c4a, 0x0752, 0x4151, 
  0x2051, 0x2051, 0x2151, 0xc651, 0x4a52, 0x8c4a, 0x8c4a, 0x8c4a, 0x8c4a, 0x8c4a, 0x8c4a, 0x8c4a, 
  0x8c4a, 0x4a52, 0xc651, 0x4151, 0x2051, 0x2051, 0x2051, 0xc651, 0x8c4a, 0x8c4a, 0x8c4a, 0x8c4a, 
  0x8c4a, 0x8c4a, 0x8c4a, 0x8c4a, 0x8c4a, 0x8c4a, 0x8c4a, 0x6b4a, 0x2051, 0x2051, 0x2051, 0xc551, 
  0x6b52, 0x8c4a, 0x8c4a, 0x8c4a, 0x8c4a, 0x8c4a, 0x8c4a, 0x8c4a, 0x8c4a, 0x8c4a, 0x8c4a, 0x8c4a, 
  0x8c4a, 0x8c4a, 0xc651, 0x2051, 0x2051, 0x2051, 0x4a52, 0x8c4a, 0x8c4a, 0x8c4a, 0x8c4a, 0x8c4a, 
  0x8c4a, 0x8c4a, 0x8c4a, 0x8c4a, 0x8c4a, 0x6b4a, 0x4151, 0x2151, 0x2952, 0x8c4a, 0x8c4a, 0x8c4a, 
  0x8c4a, 0x8c4a, 0x8c4a, 0x8c4a, 0x8c4a, 0x8c4a, 0x8c4a, 0x8c4a, 0x8c4a, 0x8c4a, 0x8c4a, 0x8c4a, 
  0x8c4a, 0x4a52, 0x4151, 0x4151, 0x4a52, 0x8c4a, 0x8c4a, 0x8c4a, 0x8c4a, 0x8c4a, 0x8c4a, 0x8c4a, 
  0x8c4a, 0x8c4a, 0x8c4a, 0x8c4a, 0x8c4a, 0x8c4a, 0x8c4a, 0x8c4a, 0x8c4a, 0x8c4a, 0x8c4a, 0x8c4a, 
  0x8c4a, 0x8c4a, 0x8c4a, 0x8c4a, 0x8c4a, 0x8c4a, 0x8c4a, 0x8c4a, 0x8c4a, 0x8c4a, 0x8c4a, 0x8c4a, 
  0x8c4a, 0x8c4a, 0x8c4a, 0x8c4a, 0x8c4a, 0x8c4a, 0x8c4a, 0x8c4a, 0x8c4a, 0x8c4a, 0x8c4a, 0x8c4a, 
  0x8c4a, 0x8c4a, 0x8c4a, 0x8c4a, 0x8c4a, 0x8c4a, 0x8c4a, 0x8c4a, 0x8c4a, 0x084a, 0xa551, 0x4251, 
  0x2051, 0x2051, 0x6251, 0x8451, 0x0752, 0x8c4a, 0x8c4a, 0x8c4a, 0x8c4a, 0x8c4a, 0x8c4a, 0x8c4a, 
  0x8c4a, 0x8c4a, 0x8c4a, 0x8c4a, 0x8c4a, 0x8c4a, 0x8c4a, 0x8c4a, 0x8c4a, 0x8c4a, 0x8c4a, 0x8c4a, 
  0x8c4a, 0x8c4a, 0x8c4a, 0x8c4a, 0x8c4a, 0x294a, 0x4251, 0x2051, 0x2051, 0x2051, 0x2051, 0x2051, 
  0x2051, 0x2051, 0x2051, 0x4251, 0x0752, 0x8c4a, 0x8c4a, 0x8c4a, 0x8c4a, 0x8c4a, 0x8c4a, 0x8c4a, 
  0x8c4a, 0x8c4a, 0x8c4a, 0x8c4a, 0x8c4a, 0x8c4a, 0x8c4a, 0x8c4a, 0x8c4a, 0x8c4a, 0x8c4a, 0x8c4a, 
  0x8c4a, 0x8c4a, 0x6b4a, 0x2051, 0x2051, 0x2051, 0x2151, 0xa451, 0xc651, 0xc651, 0x8451, 0x4151, 
  0x2051, 0x2051, 0x2051, 0x6a4a, 0x8c4a, 0x8c4a, 0x8c4a, 0x8c4a, 0x8c4a, 0x8c4a, 0x8c4a, 0x8c4a, 
  0x8c4a, 0x8c4a, 0x8c4a, 0x8c4a, 0x8c4a, 0x8c4a, 0x8c4a, 0x8c4a, 0x8c4a, 0x8c4a, 0x8c4a, 0x8c4a, 
  0x6b4a, 0x4151, 0x2151, 0xe751, 0x6b52, 0x8c4a, 0x8c4a, 0x8c4a, 0x8c4a, 0x8c4a, 0x0752, 0x4151, 
  0x4151, 0x6b4a, 0x8c4a, 0x8c4a, 0x8c4a, 0x8c4a, 0x8c4a, 0x8c4a, 0x8c4a, 0x8c4a, 0x8c4a, 0x8c4a, 
  0x8c4a, 0x8c4a, 0x8c4a, 0x8c4a, 0x8c4a, 0x8c4a, 0x8c4a, 0x8c4a, 0x8c4a, 0x8c4a, 0x8c4a, 0x8c4a, 
  0x6b52, 0x8c4a, 0x8c4a, 0x8c4a, 0x8c4a, 0x8c4a, 0x8c4a, 0x8c4a, 0x8c4a, 0x8c4a, 0x8c4a, 0x8c4a, 
  0x8c4a, 0x8c4a, 0x8c4a, 0x8c4a, 0x8c4a, 0x8c4a, 0x8c4a, 0x8c4a, 0x8c4a, 0x8c4a, 0x8c4a, 0x8c4a, 
  0x8c4a, 0x8c4a, 0x8c4a, 0x8c4a, 0x8c4a, 0x8c4a, 0x8c4a, 0x8c4a, 0x8c4a, 0x8c4a, 0x8c4a, 0x8c4a, 
  0x8c4a, 0x8c4a, 0x8c4a, 0x8c4a, 0x8c4a, 0x8c4a, 0x8c4a, 0x8c4a, 0x8c4a, 0x8c4a, 0x8c4a, 0x8c4a, 
  0x8c4a, 0x8c4a, 0x8c4a, 0x8c4a, 0x8c4a, 0x8c4a, 0x8c4a, 0x8c4a, 0x8c4a, 0x8c4a, 0x8c4a, 0x8c4a, 
  0x8c4a, 0x8c4a, 0x8c4a, 0x8c4a, 0x8c4a, 0x8c4a, 0x8c4a, 0x8c4a, 0x8c4a, 0x8c4a, 0x8c4a, 0x8c4a, 
  0x8c4a, 0x8c4a, 0x8c4a, 0x8c4a, 0x8c4a, 0x8c4a, 0x8c4a, 0x8c4a, 0x8c4a, 0x8c4a, 0x8c4a, 0x8c4a, 
  0x8c4a, 0x8c4a, 0x8c4a, 0x8c4a, 0x8c4a, 0x8c4a, 0x8c4a, 0x8c4a, 0x8c4a, 0x8c4a, 0x8c4a, 0x8c4a, 
  0x8c4a, 0x8c4a, 0x8c4a, 0x8c4a, 0x8c4a, 0x8c4a, 0x8c4a, 0x8c4a, 0x8c4a, 0x6b4a, 0x8351, 0x6251, 
  0x6b4a, 0x8c4a, 0x8c4a, 0x8c4a, 0x8c4a, 0x8c4a, 0x8c4a, 0x8c4a, 0x8c4a, 0x8c4a, 0x8c4a, 0x8c4a, 
  0x8c4a, 0x8c4a, 0x8c4a, 0x8c4a, 0x8c4a, 0x8c4a, 0x8c4a, 0x8c4a, 0x8c4a, 0x8c4a, 0x8c4a, 0x8c4a, 
  0x8c4a, 0x8c4a, 0x8c4a, 0x8c4a, 0x8c4a, 0x8c4a, 0x8c4a, 0x4a4a, 0x2051, 0x2051, 0x2952, 0x8c4a, 
  0x8c4a, 0x8c4a, 0x8c4a, 0x8c4a, 0x8c4a, 0x8c4a, 0x8c4a, 0x8c4a, 0x8c4a, 0x8c4a, 0x8c4a, 0x8c4a, 
  0x8c4a, 0x8c4a, 0x8c4a, 0x8c4a, 0x8c4a, 0x8c4a, 0x8c4a, 0x8c4a, 0x8c4a, 0x8c4a, 0x8c4a, 0x8c4a, 
  0x8c4a, 0x8c4a, 0x8c4a, 0x8c4a, 0x8c4a, 0x8c4a, 0x0752, 0xe751, 0x8c4a, 0x8c4a, 0x8c4a, 0x8c4a, 
  0x8c4a, 0x8c4a, 0x8c4a, 0x8c4a, 0x8c4a, 0x8c4a, 0x8c4a, 0x8c4a, 0x8c4a, 0x8c4a, 0x8c4a, 0x8c4a, 
  0x8c4a, 0x8c4a, 0x8c4a, 0x8c4a, 0x8c4a, 0x8c4a, 0x8c4a, 0x8c4a, 0x8c4a, 0x8c4a, 0x8c4a, 0x8c4a, 
  0x8c4a, 0x8c4a, 0x8c4a, 0x8c4a, 0x8c4a, 0x8c4a, 0x8c4a, 0x8c4a, 0x8c4a, 0x8c4a, 0x8c4a, 0x8c4a, 
  0x8c4a, 0x8c4a, 0x8c4a, 0x8c4a, 0x8c4a, 0x8c4a, 0x8c4a, 0x8c4a, 0x8c4a, 0x8c4a, 0x8c4a, 0x8c4a, 
  0x8c4a, 0x8c4a, 0x8c4a, 0x8c4a, 0x8c4a, 0x8c4a, 0x8c4a, 0x8c4a, 0x8c4a, 0x8c4a, 0x8c4a, 0x8c4a, 
  0x8c4a, 0x8c4a, 0x8c4a, 0x8c4a, 0x8c4a, 0x8c4a, 0x8c4a, 0x8c4a, 0x8c4a, 0x8c4a, 0x8c4a, 0x8c4a, 
  0x8c4a, 0x8c4a, 0x8c4a, 0x8c4a, 0x8c4a, 0x8c4a, 0x8c4a, 0x8c4a, 0x8c4a, 0x8c4a, 0x8c4a, 0x8c4a, 
  0x8c4a, 0x8c4a, 0x8c4a, 0x8c4a, 0x8c4a, 0x8c4a, 0x8c4a, 0x8c4a, 0x8c4a, 0x8c4a, 0x8c4a, 0x8c4a, 
  0x8c4a, 0x8c4a, 0x8c4a, 0x8c4a, 0x8c4a, 0x8c4a, 0x8c4a, 0x8c4a, 0x8c4a, 0x8c4a, 0x8c4a, 0x8c4a, 
  0x8c4a, 0x8c4a, 0x8c4a, 0x8c4a, 0x8c4a, 0x8c4a, 0x8c4a, 0x8c4a, 0x8c4a, 0x8c4a, 0x8c4a, 0x8c4a, 
  0x8c4a, 0x8c4a, 0x8c4a, 0x8c4a, 0x8c4a, 0x8c4a, 0x8c4a, 0x8c4a, 0x8c4a, 0x8c4a, 0x8c4a, 0x8c4a, 
  0x8c4a, 0x8c4a, 0x8c4a, 0x8c4a, 0x8c4a, 0x8c4a, 0x8c4a, 0x8c4a, 0x8c4a, 0x8c4a, 0x8c4a, 0x8c4a, 
  0x8c4a, 0x8c4a, 0x8c4a, 0x8c4a, 
};

